
picorv32_demo.elf:     file format elf32-littleriscv
picorv32_demo.elf
architecture: riscv:rv32, flags 0x00000112:
EXEC_P, HAS_SYMS, D_PAGED
start address 0x0200014e

Program Header:
0x70000003 off    0x0000b281 vaddr 0x00000000 paddr 0x00000000 align 2**0
         filesz 0x0000003c memsz 0x00000000 flags r--
    LOAD off    0x00001000 vaddr 0x10400000 paddr 0x00000000 align 2**12
         filesz 0x0000008c memsz 0x0000008c flags r-x
    LOAD off    0x00002000 vaddr 0x02000000 paddr 0x0000008c align 2**12
         filesz 0x00001ce4 memsz 0x00001ce4 flags r-x
    LOAD off    0x00004000 vaddr 0x01000000 paddr 0x00001d70 align 2**12
         filesz 0x00000064 memsz 0x000000d4 flags rw-
   STACK off    0x00000000 vaddr 0x00000000 paddr 0x00000000 align 2**4
         filesz 0x00000000 memsz 0x00000000 flags rw-

Sections:
Idx Name              Size      VMA       LMA       File off  Algn  Flags
  0 .btsec            0000008c  10400000  00000000  00001000  2**1  CONTENTS, ALLOC, LOAD, READONLY, CODE
  1 .text             00001c20  02000000  0000008c  00002000  2**4  CONTENTS, ALLOC, LOAD, READONLY, CODE
  2 .ldsec            000000c4  02001c20  00001cac  00003c20  2**1  CONTENTS, ALLOC, LOAD, READONLY, CODE
  3 .data             00000064  01000000  00001d70  00004000  2**2  CONTENTS, ALLOC, LOAD, DATA
  4 .bss              00000070  01000064  00001dd4  00004064  2**2  ALLOC
  5 .heap             00000000  010000d4  010000d4  00004064  2**0  CONTENTS
  6 .eh_frame         00000000  010000d4  010000d4  00004064  2**0  CONTENTS
  7 .debug_info       00001f4b  00000000  00000000  00004064  2**0  CONTENTS, READONLY, DEBUGGING, OCTETS
  8 .debug_abbrev     00000baf  00000000  00000000  00005faf  2**0  CONTENTS, READONLY, DEBUGGING, OCTETS
  9 .debug_aranges    00000300  00000000  00000000  00006b60  2**3  CONTENTS, READONLY, DEBUGGING, OCTETS
 10 .debug_rnglists   00000223  00000000  00000000  00006e60  2**0  CONTENTS, READONLY, DEBUGGING, OCTETS
 11 .debug_line       000030fd  00000000  00000000  00007083  2**0  CONTENTS, READONLY, DEBUGGING, OCTETS
 12 .debug_str        00000c8d  00000000  00000000  0000a180  2**0  CONTENTS, READONLY, DEBUGGING, OCTETS
 13 .debug_line_str   00000441  00000000  00000000  0000ae0d  2**0  CONTENTS, READONLY, DEBUGGING, OCTETS
 14 .comment          00000033  00000000  00000000  0000b24e  2**0  CONTENTS, READONLY
 15 .riscv.attributes 0000003c  00000000  00000000  0000b281  2**0  CONTENTS, READONLY
 16 .debug_frame      000009bc  00000000  00000000  0000b2c0  2**2  CONTENTS, READONLY, DEBUGGING, OCTETS
 17 .debug_loclists   000007ee  00000000  00000000  0000bc7c  2**0  CONTENTS, READONLY, DEBUGGING, OCTETS
SYMBOL TABLE:
10400000 l    d  .btsec	00000000 .btsec
02000000 l    d  .text	00000000 .text
02001c20 l    d  .ldsec	00000000 .ldsec
01000000 l    d  .data	00000000 .data
01000064 l    d  .bss	00000000 .bss
010000d4 l    d  .heap	00000000 .heap
010000d4 l    d  .eh_frame	00000000 .eh_frame
00000000 l    d  .debug_info	00000000 .debug_info
00000000 l    d  .debug_abbrev	00000000 .debug_abbrev
00000000 l    d  .debug_aranges	00000000 .debug_aranges
00000000 l    d  .debug_rnglists	00000000 .debug_rnglists
00000000 l    d  .debug_line	00000000 .debug_line
00000000 l    d  .debug_str	00000000 .debug_str
00000000 l    d  .debug_line_str	00000000 .debug_line_str
00000000 l    d  .comment	00000000 .comment
00000000 l    d  .riscv.attributes	00000000 .riscv.attributes
00000000 l    d  .debug_frame	00000000 .debug_frame
00000000 l    d  .debug_loclists	00000000 .debug_loclists
00000000 l    df *ABS*	00000000 loader.c
00000000 l    df *ABS*	00000000 start.o
02000000 l       .text	00000000 reset_vec
02000010 l       .text	00000000 irq_vec
020001b8 l       .text	00000000 end_init_bss
020001ae l       .text	00000000 loop_init_bss
00000000 l    df *ABS*	00000000 save-restore.o
00000000 l    df *ABS*	00000000 firmware.c
02000220 l     F .text	000000f8 stats_print_dec
00000000 l    df *ABS*	00000000 printf.c
0200041e l     F .text	00000016 printchar
02000434 l     F .text	00000086 prints
020004ba l     F .text	0000009e printi
02000558 l     F .text	0000013a print
00000000 l    df *ABS*	00000000 wbgpio.c
00000000 l    df *ABS*	00000000 wbspiflash.c
00000000 l    df *ABS*	00000000 wbuart.c
00000000 l    df *ABS*	00000000 irq.c
00000000 l    df *ABS*	00000000 main.c
00000000 l    df *ABS*	00000000 strlen.c
010000cb g     O .bss	00000001 irq21_flag
00001d70 g       *ABS*	00000000 _lma_ldsec_end
02000c8e g     F .text	00000016 enable_interrupt_global
02000692 g     F .text	00000022 printf
020001c8 g     F .text	00000028 .hidden __riscv_save_8
02000ca4 g     F .text	0000002a set_timer
02000214 g     F .text	0000000c .hidden __riscv_restore_3
02001c20 g       .ldsec	00000000 _vsloader
10401cac g       *ABS*	00000000 _cp_ldsec_start
020006f2 g     F .text	00000024 GPIO_SetDir
02000200 g     F .text	00000020 .hidden __riscv_restore_10
02001ce4 g       .ldsec	00000000 _sidata
020001c8 g     F .text	00000028 .hidden __riscv_save_11
020009e2 g     F .text	00000032 wbuart_getc
02001c20 g       .text	00000000 _etext
01000064 g       .bss	00000000 _sbss
00001cac g       *ABS*	00000000 _lma_ldsec_start
02000214 g     F .text	0000000c .hidden __riscv_restore_2
02001274 g     F .text	0000015a wbreg_demo
02000c0a g     F .text	0000003e irq_disable_one_bit
020007ec g     F .text	0000003a spi_flash_read
020001c0 g     F .text	00000030 .hidden __riscv_save_12
02000bc8 g     F .text	00000042 irq_enable_one_bit
020006b4 g     F .text	0000003e GPIO_Init
02000200 g     F .text	00000020 .hidden __riscv_restore_11
01000000 g       .data	00000000 _sdata
020001f0 g     F .text	0000000c .hidden __riscv_save_1
02000214 g     F .text	0000000c .hidden __riscv_restore_0
020001d6 g     F .text	0000001a .hidden __riscv_save_7
10400000 g     F .btsec	0000008c boot
010000c8 g     O .bss	00000001 irq00_flag
0200020a g     F .text	00000016 .hidden __riscv_restore_5
0200020a g     F .text	00000016 .hidden __riscv_restore_6
010000d0 g     O .bss	00000004 wbuart_rx_buffer
010000d4 g       .bss	00000000 _ebss
010000d4 g       .heap	00000000 _heap_start
0200073a g     F .text	00000016 spi_get_fifo_depth
01000064 g     O .bss	00000064 rx_buffer
01000000 g     O .data	00000064 tx_buffer
020001c8 g     F .text	00000028 .hidden __riscv_save_9
02000960 g     F .text	00000038 wbuart_init
01000000 g       .data	00000000 _ram_start
020001d6 g     F .text	0000001a .hidden __riscv_save_4
10401dd4 g       *ABS*	00000000 _cp_data_end
00001d70 g       *ABS*	00000000 _lma_data_start
02001468 g     F .text	00000060 uart_rx_demo
020001f0 g     F .text	0000000c .hidden __riscv_save_3
02000000 g       .text	00000000 _vstext
02001ce4 g       .ldsec	00000000 _eldsec
02000a42 g     F .text	00000160 irq
02000c6c g     F .text	00000022 enable_timer_interrupt
10401d70 g       *ABS*	00000000 _cp_ldsec_end
020001c8 g     F .text	00000028 .hidden __riscv_save_10
0200020a g     F .text	00000016 .hidden __riscv_restore_4
02000200 g     F .text	00000020 .hidden __riscv_restore_8
020001d6 g     F .text	0000001a .hidden __riscv_save_6
02000200 g     F .text	00000020 .hidden __riscv_restore_9
0200020a g     F .text	00000016 .hidden __riscv_restore_7
02000cce g     F .text	00000212 main
00001dd4 g       *ABS*	00000000 _lma_data_end
00001dd4 g       *ABS*	00000000 _lma_eh_frame_start
00000000 g       *ABS*	00000000 _lma_btsec_start
02000826 g     F .text	00000040 spi_flash_write_cmd
020003d4 g     F .text	0000004a delay
010000c9 g     O .bss	00000001 irq13_flag
02000940 g     F .text	00000020 spi_flash_read_status
02001c20 g     F .ldsec	000000c4 loader
020008d0 g     F .text	00000070 spi_flash_sector_erase
020001f0 g     F .text	0000000c .hidden __riscv_save_2
02000318 g     F .text	000000bc stats
02000a14 g     F .text	0000002e wbuart_outbyte
020001d6 g     F .text	0000001a .hidden __riscv_save_5
02000998 g     F .text	0000004a wbuart_putc
01000064 g       .data	00000000 _edata
0000008c g       *ABS*	00000000 _lma_text_start
02000750 g     F .text	0000009c spi_flash_init
02001186 g     F .text	000000ee gpio_out_demo
02000866 g     F .text	0000006a spi_flash_page_program
0200014e g     F .text	00000000 start
020001fc g     F .text	00000024 .hidden __riscv_restore_12
02000716 g     F .text	00000024 GPIO_WriteData
020001f0 g     F .text	0000000c .hidden __riscv_save_0
020013ce g     F .text	0000009a ahbreg_demo
10401cac g       *ABS*	00000000 _cp_text_end
020014c8 g     F .text	00000064 strlen
010000ca g     O .bss	00000001 irq20_flag
02000214 g     F .text	0000000c .hidden __riscv_restore_1
0000008c g       *ABS*	00000000 _lma_btsec_end
02000ba2 g     F .text	00000026 mask_irq
02000c48 g     F .text	00000024 enable_external_interrupt
10401d70 g       *ABS*	00000000 _cp_data_start
1040008c g       *ABS*	00000000 _cp_text_start
10400000 g       .btsec	00000000 _vsbtsec
010000cc g     O .bss	00000004 timer_count
00001cac g       *ABS*	00000000 _lma_text_end
02000ee0 g     F .text	000002a6 spi_flash_demo



Disassembly of section .btsec:

10400000 <boot>:
boot():
F:\ALL_PROJECT\GMD_workspace\picorv32_demo\Debug/../src/loader.c:26
void boot(void) __attribute__((section(".btsec")));
void loader(void) __attribute__((section(".ldsec")));


void boot(void)
{
10400000:	1101                	addi	sp,sp,-32
10400002:	ce06                	sw	ra,28(sp)
10400004:	cc22                	sw	s0,24(sp)
10400006:	1000                	addi	s0,sp,32
F:\ALL_PROJECT\GMD_workspace\picorv32_demo\Debug/../src/loader.c:31
	extern int _lma_ldsec_start;
	extern int _lma_ldsec_end;
	extern int _vsloader;

	unsigned int *src_ptr = (unsigned int *)(&_lma_ldsec_start);
10400008:	efc02797          	auipc	a5,0xefc02
1040000c:	ca478793          	addi	a5,a5,-860 # 1cac <_lma_ldsec_start>
10400010:	fef42623          	sw	a5,-20(s0)
F:\ALL_PROJECT\GMD_workspace\picorv32_demo\Debug/../src/loader.c:32
	unsigned int *src_ptr_end = (unsigned int *)(&_lma_ldsec_end);
10400014:	efc02797          	auipc	a5,0xefc02
10400018:	d5c78793          	addi	a5,a5,-676 # 1d70 <_lma_data_start>
1040001c:	fef42223          	sw	a5,-28(s0)
F:\ALL_PROJECT\GMD_workspace\picorv32_demo\Debug/../src/loader.c:33
	unsigned int *dst_ptr = (unsigned int *)(&_vsloader);
10400020:	f1c02797          	auipc	a5,0xf1c02
10400024:	c0078793          	addi	a5,a5,-1024 # 2001c20 <loader>
10400028:	fef42423          	sw	a5,-24(s0)
F:\ALL_PROJECT\GMD_workspace\picorv32_demo\Debug/../src/loader.c:35

	src_ptr += 0x4100000;
1040002c:	fec42703          	lw	a4,-20(s0)
10400030:	104007b7          	lui	a5,0x10400
10400034:	97ba                	add	a5,a5,a4
10400036:	fef42623          	sw	a5,-20(s0)
F:\ALL_PROJECT\GMD_workspace\picorv32_demo\Debug/../src/loader.c:36
	src_ptr_end += 0x4100000;
1040003a:	fe442703          	lw	a4,-28(s0)
1040003e:	104007b7          	lui	a5,0x10400
10400042:	97ba                	add	a5,a5,a4
10400044:	fef42223          	sw	a5,-28(s0)
F:\ALL_PROJECT\GMD_workspace\picorv32_demo\Debug/../src/loader.c:40

	while(1)
	{
		*dst_ptr = *src_ptr;
10400048:	fec42783          	lw	a5,-20(s0)
1040004c:	4398                	lw	a4,0(a5)
1040004e:	fe842783          	lw	a5,-24(s0)
10400052:	c398                	sw	a4,0(a5)
F:\ALL_PROJECT\GMD_workspace\picorv32_demo\Debug/../src/loader.c:41
		if(src_ptr == src_ptr_end)
10400054:	fec42703          	lw	a4,-20(s0)
10400058:	fe442783          	lw	a5,-28(s0)
1040005c:	00f70d63          	beq	a4,a5,10400076 <boot+0x76>
F:\ALL_PROJECT\GMD_workspace\picorv32_demo\Debug/../src/loader.c:45
		{
			break;
		}
		dst_ptr++;
10400060:	fe842783          	lw	a5,-24(s0)
10400064:	0791                	addi	a5,a5,4 # 10400004 <boot+0x4>
10400066:	fef42423          	sw	a5,-24(s0)
F:\ALL_PROJECT\GMD_workspace\picorv32_demo\Debug/../src/loader.c:46
		src_ptr++;
1040006a:	fec42783          	lw	a5,-20(s0)
1040006e:	0791                	addi	a5,a5,4
10400070:	fef42623          	sw	a5,-20(s0)
F:\ALL_PROJECT\GMD_workspace\picorv32_demo\Debug/../src/loader.c:40
		*dst_ptr = *src_ptr;
10400074:	bfd1                	j	10400048 <boot+0x48>
F:\ALL_PROJECT\GMD_workspace\picorv32_demo\Debug/../src/loader.c:43
			break;
10400076:	0001                	nop
F:\ALL_PROJECT\GMD_workspace\picorv32_demo\Debug/../src/loader.c:48
	}
	__asm__ __volatile__("la t3, _vsloader");
10400078:	f1c02e17          	auipc	t3,0xf1c02
1040007c:	ba8e0e13          	addi	t3,t3,-1112 # 2001c20 <loader>
F:\ALL_PROJECT\GMD_workspace\picorv32_demo\Debug/../src/loader.c:49
	__asm__ __volatile__("jr t3");
10400080:	8e02                	jr	t3
F:\ALL_PROJECT\GMD_workspace\picorv32_demo\Debug/../src/loader.c:50
}
10400082:	0001                	nop
10400084:	40f2                	lw	ra,28(sp)
10400086:	4462                	lw	s0,24(sp)
10400088:	6105                	addi	sp,sp,32
1040008a:	8082                	ret

Disassembly of section .text:

02000000 <_vstext>:
reset_vec():
F:\ALL_PROJECT\GMD_workspace\picorv32_demo\Debug/../src/start.S:26
	.section .text
	.global irq

reset_vec:
#No more than 16 bytes here !
	j start
 2000000:	a2b9                	j	200014e <start>
 2000002:	0001                	nop
 2000004:	00000013          	nop
 2000008:	00000013          	nop
 200000c:	00000013          	nop

02000010 <irq_vec>:
irq_vec():
F:\ALL_PROJECT\GMD_workspace\picorv32_demo\Debug/../src/start.S:26
 2000010:	0200a10b          	.word	0x0200a10b
 2000014:	0201218b          	.word	0x0201218b
F:\ALL_PROJECT\GMD_workspace\picorv32_demo\Debug/../src/start.S:35
irq_vec:
# Save registers
	picorv32_setq_insn(q2, x1)
	picorv32_setq_insn(q3, x2)

	addi x1, x2, -128
 2000018:	f8010093          	addi	ra,sp,-128
 200001c:	0001c10b          	.word	0x0001c10b
F:\ALL_PROJECT\GMD_workspace\picorv32_demo\Debug/../src/start.S:38

	picorv32_getq_insn(x2, q3)   //Store x2
	sw x2,   2*4(x1)
 2000020:	0020a423          	sw	sp,8(ra)
 2000024:	0000410b          	.word	0x0000410b
F:\ALL_PROJECT\GMD_workspace\picorv32_demo\Debug/../src/start.S:40
	picorv32_getq_insn(x2, q0)   //Store q0
	sw x2,   0*4(x1)
 2000028:	0020a023          	sw	sp,0(ra)
 200002c:	0001410b          	.word	0x0001410b
F:\ALL_PROJECT\GMD_workspace\picorv32_demo\Debug/../src/start.S:42
	picorv32_getq_insn(x2, q2)   //Store x1
	sw x2,   1*4(x1)
 2000030:	0020a223          	sw	sp,4(ra)
F:\ALL_PROJECT\GMD_workspace\picorv32_demo\Debug/../src/start.S:44

	mv x2, x1                    //Update sp
 2000034:	8106                	mv	sp,ra
F:\ALL_PROJECT\GMD_workspace\picorv32_demo\Debug/../src/start.S:46

	sw x3,   3*4(x1)
 2000036:	0030a623          	sw	gp,12(ra)
F:\ALL_PROJECT\GMD_workspace\picorv32_demo\Debug/../src/start.S:47
	sw x4,   4*4(x1)
 200003a:	0040a823          	sw	tp,16(ra)
F:\ALL_PROJECT\GMD_workspace\picorv32_demo\Debug/../src/start.S:48
	sw x5,   5*4(x1)
 200003e:	0050aa23          	sw	t0,20(ra)
F:\ALL_PROJECT\GMD_workspace\picorv32_demo\Debug/../src/start.S:49
	sw x6,   6*4(x1)
 2000042:	0060ac23          	sw	t1,24(ra)
F:\ALL_PROJECT\GMD_workspace\picorv32_demo\Debug/../src/start.S:50
	sw x7,   7*4(x1)
 2000046:	0070ae23          	sw	t2,28(ra)
F:\ALL_PROJECT\GMD_workspace\picorv32_demo\Debug/../src/start.S:51
	sw x8,   8*4(x1)
 200004a:	0280a023          	sw	s0,32(ra)
F:\ALL_PROJECT\GMD_workspace\picorv32_demo\Debug/../src/start.S:52
	sw x9,   9*4(x1)
 200004e:	0290a223          	sw	s1,36(ra)
F:\ALL_PROJECT\GMD_workspace\picorv32_demo\Debug/../src/start.S:53
	sw x10, 10*4(x1)
 2000052:	02a0a423          	sw	a0,40(ra)
F:\ALL_PROJECT\GMD_workspace\picorv32_demo\Debug/../src/start.S:54
	sw x11, 11*4(x1)
 2000056:	02b0a623          	sw	a1,44(ra)
F:\ALL_PROJECT\GMD_workspace\picorv32_demo\Debug/../src/start.S:55
	sw x12, 12*4(x1)
 200005a:	02c0a823          	sw	a2,48(ra)
F:\ALL_PROJECT\GMD_workspace\picorv32_demo\Debug/../src/start.S:56
	sw x13, 13*4(x1)
 200005e:	02d0aa23          	sw	a3,52(ra)
F:\ALL_PROJECT\GMD_workspace\picorv32_demo\Debug/../src/start.S:57
	sw x14, 14*4(x1)
 2000062:	02e0ac23          	sw	a4,56(ra)
F:\ALL_PROJECT\GMD_workspace\picorv32_demo\Debug/../src/start.S:58
	sw x15, 15*4(x1)
 2000066:	02f0ae23          	sw	a5,60(ra)
F:\ALL_PROJECT\GMD_workspace\picorv32_demo\Debug/../src/start.S:59
	sw x16, 16*4(x1)
 200006a:	0500a023          	sw	a6,64(ra)
F:\ALL_PROJECT\GMD_workspace\picorv32_demo\Debug/../src/start.S:60
	sw x17, 17*4(x1)
 200006e:	0510a223          	sw	a7,68(ra)
F:\ALL_PROJECT\GMD_workspace\picorv32_demo\Debug/../src/start.S:61
	sw x18, 18*4(x1)
 2000072:	0520a423          	sw	s2,72(ra)
F:\ALL_PROJECT\GMD_workspace\picorv32_demo\Debug/../src/start.S:62
	sw x19, 19*4(x1)
 2000076:	0530a623          	sw	s3,76(ra)
F:\ALL_PROJECT\GMD_workspace\picorv32_demo\Debug/../src/start.S:63
	sw x20, 20*4(x1)
 200007a:	0540a823          	sw	s4,80(ra)
F:\ALL_PROJECT\GMD_workspace\picorv32_demo\Debug/../src/start.S:64
	sw x21, 21*4(x1)
 200007e:	0550aa23          	sw	s5,84(ra)
F:\ALL_PROJECT\GMD_workspace\picorv32_demo\Debug/../src/start.S:65
	sw x22, 22*4(x1)
 2000082:	0560ac23          	sw	s6,88(ra)
F:\ALL_PROJECT\GMD_workspace\picorv32_demo\Debug/../src/start.S:66
	sw x23, 23*4(x1)
 2000086:	0570ae23          	sw	s7,92(ra)
F:\ALL_PROJECT\GMD_workspace\picorv32_demo\Debug/../src/start.S:67
	sw x24, 24*4(x1)
 200008a:	0780a023          	sw	s8,96(ra)
F:\ALL_PROJECT\GMD_workspace\picorv32_demo\Debug/../src/start.S:68
	sw x25, 25*4(x1)
 200008e:	0790a223          	sw	s9,100(ra)
F:\ALL_PROJECT\GMD_workspace\picorv32_demo\Debug/../src/start.S:69
	sw x26, 26*4(x1)
 2000092:	07a0a423          	sw	s10,104(ra)
F:\ALL_PROJECT\GMD_workspace\picorv32_demo\Debug/../src/start.S:70
	sw x27, 27*4(x1)
 2000096:	07b0a623          	sw	s11,108(ra)
F:\ALL_PROJECT\GMD_workspace\picorv32_demo\Debug/../src/start.S:71
	sw x28, 28*4(x1)
 200009a:	07c0a823          	sw	t3,112(ra)
F:\ALL_PROJECT\GMD_workspace\picorv32_demo\Debug/../src/start.S:72
	sw x29, 29*4(x1)
 200009e:	07d0aa23          	sw	t4,116(ra)
F:\ALL_PROJECT\GMD_workspace\picorv32_demo\Debug/../src/start.S:73
	sw x30, 30*4(x1)
 20000a2:	07e0ac23          	sw	t5,120(ra)
F:\ALL_PROJECT\GMD_workspace\picorv32_demo\Debug/../src/start.S:74
	sw x31, 31*4(x1)
 20000a6:	07f0ae23          	sw	t6,124(ra)
F:\ALL_PROJECT\GMD_workspace\picorv32_demo\Debug/../src/start.S:78


# Call interrupt handler C function
	mv a0, x1
 20000aa:	8506                	mv	a0,ra
 20000ac:	0000c58b          	.word	0x0000c58b
F:\ALL_PROJECT\GMD_workspace\picorv32_demo\Debug/../src/start.S:84

# arg1 = interrupt type
	picorv32_getq_insn(a1, q1)

# Call to C function
	jal ra, irq
 20000b0:	193000ef          	jal	2000a42 <irq>
F:\ALL_PROJECT\GMD_workspace\picorv32_demo\Debug/../src/start.S:88

# Restore registers
# New irq_regs address returned from C code in a0
	addi x1, x2, 0
 20000b4:	808a                	mv	ra,sp
F:\ALL_PROJECT\GMD_workspace\picorv32_demo\Debug/../src/start.S:90

	lw x2,   0*4(x1)
 20000b6:	0000a103          	lw	sp,0(ra)
 20000ba:	0201200b          	.word	0x0201200b
F:\ALL_PROJECT\GMD_workspace\picorv32_demo\Debug/../src/start.S:93
	picorv32_setq_insn(q0, x2)

	lw x2,   1*4(x1)
 20000be:	0040a103          	lw	sp,4(ra)
 20000c2:	0201208b          	.word	0x0201208b
F:\ALL_PROJECT\GMD_workspace\picorv32_demo\Debug/../src/start.S:96
	picorv32_setq_insn(q1, x2)

	lw x2,   2*4(x1)
 20000c6:	0080a103          	lw	sp,8(ra)
 20000ca:	0201210b          	.word	0x0201210b
F:\ALL_PROJECT\GMD_workspace\picorv32_demo\Debug/../src/start.S:99
	picorv32_setq_insn(q2, x2)

	lw x3,   3*4(x1)
 20000ce:	00c0a183          	lw	gp,12(ra)
F:\ALL_PROJECT\GMD_workspace\picorv32_demo\Debug/../src/start.S:100
	lw x4,   4*4(x1)
 20000d2:	0100a203          	lw	tp,16(ra)
F:\ALL_PROJECT\GMD_workspace\picorv32_demo\Debug/../src/start.S:101
	lw x5,   5*4(x1)
 20000d6:	0140a283          	lw	t0,20(ra)
F:\ALL_PROJECT\GMD_workspace\picorv32_demo\Debug/../src/start.S:102
	lw x6,   6*4(x1)
 20000da:	0180a303          	lw	t1,24(ra)
F:\ALL_PROJECT\GMD_workspace\picorv32_demo\Debug/../src/start.S:103
	lw x7,   7*4(x1)
 20000de:	01c0a383          	lw	t2,28(ra)
F:\ALL_PROJECT\GMD_workspace\picorv32_demo\Debug/../src/start.S:104
	lw x8,   8*4(x1)
 20000e2:	0200a403          	lw	s0,32(ra)
F:\ALL_PROJECT\GMD_workspace\picorv32_demo\Debug/../src/start.S:105
	lw x9,   9*4(x1)
 20000e6:	0240a483          	lw	s1,36(ra)
F:\ALL_PROJECT\GMD_workspace\picorv32_demo\Debug/../src/start.S:106
	lw x10, 10*4(x1)
 20000ea:	0280a503          	lw	a0,40(ra)
F:\ALL_PROJECT\GMD_workspace\picorv32_demo\Debug/../src/start.S:107
	lw x11, 11*4(x1)
 20000ee:	02c0a583          	lw	a1,44(ra)
F:\ALL_PROJECT\GMD_workspace\picorv32_demo\Debug/../src/start.S:108
	lw x12, 12*4(x1)
 20000f2:	0300a603          	lw	a2,48(ra)
F:\ALL_PROJECT\GMD_workspace\picorv32_demo\Debug/../src/start.S:109
	lw x13, 13*4(x1)
 20000f6:	0340a683          	lw	a3,52(ra)
F:\ALL_PROJECT\GMD_workspace\picorv32_demo\Debug/../src/start.S:110
	lw x14, 14*4(x1)
 20000fa:	0380a703          	lw	a4,56(ra)
F:\ALL_PROJECT\GMD_workspace\picorv32_demo\Debug/../src/start.S:111
	lw x15, 15*4(x1)
 20000fe:	03c0a783          	lw	a5,60(ra)
F:\ALL_PROJECT\GMD_workspace\picorv32_demo\Debug/../src/start.S:112
	lw x16, 16*4(x1)
 2000102:	0400a803          	lw	a6,64(ra)
F:\ALL_PROJECT\GMD_workspace\picorv32_demo\Debug/../src/start.S:113
	lw x17, 17*4(x1)
 2000106:	0440a883          	lw	a7,68(ra)
F:\ALL_PROJECT\GMD_workspace\picorv32_demo\Debug/../src/start.S:114
	lw x18, 18*4(x1)
 200010a:	0480a903          	lw	s2,72(ra)
F:\ALL_PROJECT\GMD_workspace\picorv32_demo\Debug/../src/start.S:115
	lw x19, 19*4(x1)
 200010e:	04c0a983          	lw	s3,76(ra)
F:\ALL_PROJECT\GMD_workspace\picorv32_demo\Debug/../src/start.S:116
	lw x20, 20*4(x1)
 2000112:	0500aa03          	lw	s4,80(ra)
F:\ALL_PROJECT\GMD_workspace\picorv32_demo\Debug/../src/start.S:117
	lw x21, 21*4(x1)
 2000116:	0540aa83          	lw	s5,84(ra)
F:\ALL_PROJECT\GMD_workspace\picorv32_demo\Debug/../src/start.S:118
	lw x22, 22*4(x1)
 200011a:	0580ab03          	lw	s6,88(ra)
F:\ALL_PROJECT\GMD_workspace\picorv32_demo\Debug/../src/start.S:119
	lw x23, 23*4(x1)
 200011e:	05c0ab83          	lw	s7,92(ra)
F:\ALL_PROJECT\GMD_workspace\picorv32_demo\Debug/../src/start.S:120
	lw x24, 24*4(x1)
 2000122:	0600ac03          	lw	s8,96(ra)
F:\ALL_PROJECT\GMD_workspace\picorv32_demo\Debug/../src/start.S:121
	lw x25, 25*4(x1)
 2000126:	0640ac83          	lw	s9,100(ra)
F:\ALL_PROJECT\GMD_workspace\picorv32_demo\Debug/../src/start.S:122
	lw x26, 26*4(x1)
 200012a:	0680ad03          	lw	s10,104(ra)
F:\ALL_PROJECT\GMD_workspace\picorv32_demo\Debug/../src/start.S:123
	lw x27, 27*4(x1)
 200012e:	06c0ad83          	lw	s11,108(ra)
F:\ALL_PROJECT\GMD_workspace\picorv32_demo\Debug/../src/start.S:124
	lw x28, 28*4(x1)
 2000132:	0700ae03          	lw	t3,112(ra)
F:\ALL_PROJECT\GMD_workspace\picorv32_demo\Debug/../src/start.S:125
	lw x29, 29*4(x1)
 2000136:	0740ae83          	lw	t4,116(ra)
F:\ALL_PROJECT\GMD_workspace\picorv32_demo\Debug/../src/start.S:126
	lw x30, 30*4(x1)
 200013a:	0780af03          	lw	t5,120(ra)
F:\ALL_PROJECT\GMD_workspace\picorv32_demo\Debug/../src/start.S:127
	lw x31, 31*4(x1)
 200013e:	07c0af83          	lw	t6,124(ra)
 2000142:	0000c08b          	.word	0x0000c08b
 2000146:	0001410b          	.word	0x0001410b
 200014a:	0400000b          	.word	0x0400000b

0200014e <start>:
start():
F:\ALL_PROJECT\GMD_workspace\picorv32_demo\Debug/../src/start.S:139
	.type start,@function

start:
# For debug test
# zero-initialize register file
	addi x1, zero, 0
 200014e:	4081                	li	ra,0
F:\ALL_PROJECT\GMD_workspace\picorv32_demo\Debug/../src/start.S:141
# x2 (sp) is initialized by reset
	addi x3, zero, 0
 2000150:	4181                	li	gp,0
F:\ALL_PROJECT\GMD_workspace\picorv32_demo\Debug/../src/start.S:142
	addi x4, zero, 0
 2000152:	4201                	li	tp,0
F:\ALL_PROJECT\GMD_workspace\picorv32_demo\Debug/../src/start.S:143
	addi x5, zero, 0
 2000154:	4281                	li	t0,0
F:\ALL_PROJECT\GMD_workspace\picorv32_demo\Debug/../src/start.S:144
	addi x6, zero, 0
 2000156:	4301                	li	t1,0
F:\ALL_PROJECT\GMD_workspace\picorv32_demo\Debug/../src/start.S:145
	addi x7, zero, 0
 2000158:	4381                	li	t2,0
F:\ALL_PROJECT\GMD_workspace\picorv32_demo\Debug/../src/start.S:146
	addi x8, zero, 0
 200015a:	4401                	li	s0,0
F:\ALL_PROJECT\GMD_workspace\picorv32_demo\Debug/../src/start.S:147
	addi x9, zero, 0
 200015c:	4481                	li	s1,0
F:\ALL_PROJECT\GMD_workspace\picorv32_demo\Debug/../src/start.S:148
	addi x10, zero, 0
 200015e:	4501                	li	a0,0
F:\ALL_PROJECT\GMD_workspace\picorv32_demo\Debug/../src/start.S:149
	addi x11, zero, 0
 2000160:	4581                	li	a1,0
F:\ALL_PROJECT\GMD_workspace\picorv32_demo\Debug/../src/start.S:150
	addi x12, zero, 0
 2000162:	4601                	li	a2,0
F:\ALL_PROJECT\GMD_workspace\picorv32_demo\Debug/../src/start.S:151
	addi x13, zero, 0
 2000164:	4681                	li	a3,0
F:\ALL_PROJECT\GMD_workspace\picorv32_demo\Debug/../src/start.S:152
	addi x14, zero, 0
 2000166:	4701                	li	a4,0
F:\ALL_PROJECT\GMD_workspace\picorv32_demo\Debug/../src/start.S:153
	addi x15, zero, 0
 2000168:	4781                	li	a5,0
F:\ALL_PROJECT\GMD_workspace\picorv32_demo\Debug/../src/start.S:154
	addi x16, zero, 0
 200016a:	4801                	li	a6,0
F:\ALL_PROJECT\GMD_workspace\picorv32_demo\Debug/../src/start.S:155
	addi x17, zero, 0
 200016c:	4881                	li	a7,0
F:\ALL_PROJECT\GMD_workspace\picorv32_demo\Debug/../src/start.S:156
	addi x18, zero, 0
 200016e:	4901                	li	s2,0
F:\ALL_PROJECT\GMD_workspace\picorv32_demo\Debug/../src/start.S:157
	addi x19, zero, 0
 2000170:	4981                	li	s3,0
F:\ALL_PROJECT\GMD_workspace\picorv32_demo\Debug/../src/start.S:158
	addi x20, zero, 0
 2000172:	4a01                	li	s4,0
F:\ALL_PROJECT\GMD_workspace\picorv32_demo\Debug/../src/start.S:159
	addi x21, zero, 0
 2000174:	4a81                	li	s5,0
F:\ALL_PROJECT\GMD_workspace\picorv32_demo\Debug/../src/start.S:160
	addi x22, zero, 0
 2000176:	4b01                	li	s6,0
F:\ALL_PROJECT\GMD_workspace\picorv32_demo\Debug/../src/start.S:161
	addi x23, zero, 0
 2000178:	4b81                	li	s7,0
F:\ALL_PROJECT\GMD_workspace\picorv32_demo\Debug/../src/start.S:162
	addi x24, zero, 0
 200017a:	4c01                	li	s8,0
F:\ALL_PROJECT\GMD_workspace\picorv32_demo\Debug/../src/start.S:163
	addi x25, zero, 0
 200017c:	4c81                	li	s9,0
F:\ALL_PROJECT\GMD_workspace\picorv32_demo\Debug/../src/start.S:164
	addi x26, zero, 0
 200017e:	4d01                	li	s10,0
F:\ALL_PROJECT\GMD_workspace\picorv32_demo\Debug/../src/start.S:165
	addi x27, zero, 0
 2000180:	4d81                	li	s11,0
F:\ALL_PROJECT\GMD_workspace\picorv32_demo\Debug/../src/start.S:166
	addi x28, zero, 0
 2000182:	4e01                	li	t3,0
F:\ALL_PROJECT\GMD_workspace\picorv32_demo\Debug/../src/start.S:167
	addi x29, zero, 0
 2000184:	4e81                	li	t4,0
F:\ALL_PROJECT\GMD_workspace\picorv32_demo\Debug/../src/start.S:168
	addi x30, zero, 0
 2000186:	4f01                	li	t5,0
F:\ALL_PROJECT\GMD_workspace\picorv32_demo\Debug/../src/start.S:169
	addi x31, zero, 0
 2000188:	4f81                	li	t6,0
F:\ALL_PROJECT\GMD_workspace\picorv32_demo\Debug/../src/start.S:172

# Initialize control and status registers
	csrw mepc,        zero
 200018a:	34101073          	csrw	mepc,zero
F:\ALL_PROJECT\GMD_workspace\picorv32_demo\Debug/../src/start.S:173
	csrw mcause,      zero
 200018e:	34201073          	csrw	mcause,zero
F:\ALL_PROJECT\GMD_workspace\picorv32_demo\Debug/../src/start.S:174
	csrw mscratch,    zero
 2000192:	34001073          	csrw	mscratch,zero
F:\ALL_PROJECT\GMD_workspace\picorv32_demo\Debug/../src/start.S:175
	csrw mtval,       zero
 2000196:	34301073          	csrw	mtval,zero
F:\ALL_PROJECT\GMD_workspace\picorv32_demo\Debug/../src/start.S:195
end_init_data:
#endif


# zero-init bss section
	la a0, _sbss
 200019a:	ff000517          	auipc	a0,0xff000
 200019e:	eca50513          	addi	a0,a0,-310 # 1000064 <rx_buffer>
F:\ALL_PROJECT\GMD_workspace\picorv32_demo\Debug/../src/start.S:196
	la a1, _ebss
 20001a2:	ff000597          	auipc	a1,0xff000
 20001a6:	f3258593          	addi	a1,a1,-206 # 10000d4 <_ebss>
F:\ALL_PROJECT\GMD_workspace\picorv32_demo\Debug/../src/start.S:197
	bge a0, a1, end_init_bss
 20001aa:	00b55763          	bge	a0,a1,20001b8 <end_init_bss>

020001ae <loop_init_bss>:
loop_init_bss():
F:\ALL_PROJECT\GMD_workspace\picorv32_demo\Debug/../src/start.S:199
loop_init_bss:
	sw zero, 0(a0)
 20001ae:	00052023          	sw	zero,0(a0)
F:\ALL_PROJECT\GMD_workspace\picorv32_demo\Debug/../src/start.S:200
	addi a0, a0, 4
 20001b2:	0511                	addi	a0,a0,4
F:\ALL_PROJECT\GMD_workspace\picorv32_demo\Debug/../src/start.S:201
	blt a0, a1, loop_init_bss
 20001b4:	feb54de3          	blt	a0,a1,20001ae <loop_init_bss>

020001b8 <end_init_bss>:
end_init_bss():
F:\ALL_PROJECT\GMD_workspace\picorv32_demo\Debug/../src/start.S:222
	blt a1, a2, init_irqsec
#endif


# Jump to main C code
	jal ra,main
 20001b8:	317000ef          	jal	2000cce <main>
F:\ALL_PROJECT\GMD_workspace\picorv32_demo\Debug/../src/start.S:224
1:
	j 1b
 20001bc:	a001                	j	20001bc <end_init_bss+0x4>
F:\ALL_PROJECT\GMD_workspace\picorv32_demo\Debug/../src/start.S:227

	/* Trap */
	ebreak
 20001be:	9002                	ebreak

020001c0 <__riscv_save_12>:
__riscv_save_12():
/__w/riscv-none-elf-gcc-xpack/riscv-none-elf-gcc-xpack/build-assets/build/win32-x64/sources/gcc-14.2.0/libgcc/config/riscv/save-restore.S:344
 20001c0:	7139                	addi	sp,sp,-64
/__w/riscv-none-elf-gcc-xpack/riscv-none-elf-gcc-xpack/build-assets/build/win32-x64/sources/gcc-14.2.0/libgcc/config/riscv/save-restore.S:346
 20001c2:	4301                	li	t1,0
/__w/riscv-none-elf-gcc-xpack/riscv-none-elf-gcc-xpack/build-assets/build/win32-x64/sources/gcc-14.2.0/libgcc/config/riscv/save-restore.S:347
 20001c4:	c66e                	sw	s11,12(sp)
/__w/riscv-none-elf-gcc-xpack/riscv-none-elf-gcc-xpack/build-assets/build/win32-x64/sources/gcc-14.2.0/libgcc/config/riscv/save-restore.S:349
 20001c6:	a019                	j	20001cc <__riscv_save_10+0x4>

020001c8 <__riscv_save_10>:
__riscv_save_8():
/__w/riscv-none-elf-gcc-xpack/riscv-none-elf-gcc-xpack/build-assets/build/win32-x64/sources/gcc-14.2.0/libgcc/config/riscv/save-restore.S:356
 20001c8:	7139                	addi	sp,sp,-64
/__w/riscv-none-elf-gcc-xpack/riscv-none-elf-gcc-xpack/build-assets/build/win32-x64/sources/gcc-14.2.0/libgcc/config/riscv/save-restore.S:358
 20001ca:	5341                	li	t1,-16
/__w/riscv-none-elf-gcc-xpack/riscv-none-elf-gcc-xpack/build-assets/build/win32-x64/sources/gcc-14.2.0/libgcc/config/riscv/save-restore.S:360
 20001cc:	c86a                	sw	s10,16(sp)
/__w/riscv-none-elf-gcc-xpack/riscv-none-elf-gcc-xpack/build-assets/build/win32-x64/sources/gcc-14.2.0/libgcc/config/riscv/save-restore.S:362
 20001ce:	ca66                	sw	s9,20(sp)
/__w/riscv-none-elf-gcc-xpack/riscv-none-elf-gcc-xpack/build-assets/build/win32-x64/sources/gcc-14.2.0/libgcc/config/riscv/save-restore.S:364
 20001d0:	cc62                	sw	s8,24(sp)
/__w/riscv-none-elf-gcc-xpack/riscv-none-elf-gcc-xpack/build-assets/build/win32-x64/sources/gcc-14.2.0/libgcc/config/riscv/save-restore.S:366
 20001d2:	ce5e                	sw	s7,28(sp)
/__w/riscv-none-elf-gcc-xpack/riscv-none-elf-gcc-xpack/build-assets/build/win32-x64/sources/gcc-14.2.0/libgcc/config/riscv/save-restore.S:368
 20001d4:	a019                	j	20001da <__riscv_save_4+0x4>

020001d6 <__riscv_save_4>:
__riscv_save_4():
/__w/riscv-none-elf-gcc-xpack/riscv-none-elf-gcc-xpack/build-assets/build/win32-x64/sources/gcc-14.2.0/libgcc/config/riscv/save-restore.S:379
 20001d6:	7139                	addi	sp,sp,-64
/__w/riscv-none-elf-gcc-xpack/riscv-none-elf-gcc-xpack/build-assets/build/win32-x64/sources/gcc-14.2.0/libgcc/config/riscv/save-restore.S:381
 20001d8:	5301                	li	t1,-32
/__w/riscv-none-elf-gcc-xpack/riscv-none-elf-gcc-xpack/build-assets/build/win32-x64/sources/gcc-14.2.0/libgcc/config/riscv/save-restore.S:383
 20001da:	d05a                	sw	s6,32(sp)
/__w/riscv-none-elf-gcc-xpack/riscv-none-elf-gcc-xpack/build-assets/build/win32-x64/sources/gcc-14.2.0/libgcc/config/riscv/save-restore.S:385
 20001dc:	d256                	sw	s5,36(sp)
/__w/riscv-none-elf-gcc-xpack/riscv-none-elf-gcc-xpack/build-assets/build/win32-x64/sources/gcc-14.2.0/libgcc/config/riscv/save-restore.S:387
 20001de:	d452                	sw	s4,40(sp)
/__w/riscv-none-elf-gcc-xpack/riscv-none-elf-gcc-xpack/build-assets/build/win32-x64/sources/gcc-14.2.0/libgcc/config/riscv/save-restore.S:389
 20001e0:	d64e                	sw	s3,44(sp)
/__w/riscv-none-elf-gcc-xpack/riscv-none-elf-gcc-xpack/build-assets/build/win32-x64/sources/gcc-14.2.0/libgcc/config/riscv/save-restore.S:391
 20001e2:	d84a                	sw	s2,48(sp)
/__w/riscv-none-elf-gcc-xpack/riscv-none-elf-gcc-xpack/build-assets/build/win32-x64/sources/gcc-14.2.0/libgcc/config/riscv/save-restore.S:393
 20001e4:	da26                	sw	s1,52(sp)
/__w/riscv-none-elf-gcc-xpack/riscv-none-elf-gcc-xpack/build-assets/build/win32-x64/sources/gcc-14.2.0/libgcc/config/riscv/save-restore.S:395
 20001e6:	dc22                	sw	s0,56(sp)
/__w/riscv-none-elf-gcc-xpack/riscv-none-elf-gcc-xpack/build-assets/build/win32-x64/sources/gcc-14.2.0/libgcc/config/riscv/save-restore.S:397
 20001e8:	de06                	sw	ra,60(sp)
/__w/riscv-none-elf-gcc-xpack/riscv-none-elf-gcc-xpack/build-assets/build/win32-x64/sources/gcc-14.2.0/libgcc/config/riscv/save-restore.S:401
 20001ea:	40610133          	sub	sp,sp,t1
/__w/riscv-none-elf-gcc-xpack/riscv-none-elf-gcc-xpack/build-assets/build/win32-x64/sources/gcc-14.2.0/libgcc/config/riscv/save-restore.S:402
 20001ee:	8282                	jr	t0

020001f0 <__riscv_save_0>:
__riscv_save_0():
/__w/riscv-none-elf-gcc-xpack/riscv-none-elf-gcc-xpack/build-assets/build/win32-x64/sources/gcc-14.2.0/libgcc/config/riscv/save-restore.S:421
 20001f0:	1141                	addi	sp,sp,-16
/__w/riscv-none-elf-gcc-xpack/riscv-none-elf-gcc-xpack/build-assets/build/win32-x64/sources/gcc-14.2.0/libgcc/config/riscv/save-restore.S:423
 20001f2:	c04a                	sw	s2,0(sp)
/__w/riscv-none-elf-gcc-xpack/riscv-none-elf-gcc-xpack/build-assets/build/win32-x64/sources/gcc-14.2.0/libgcc/config/riscv/save-restore.S:424
 20001f4:	c226                	sw	s1,4(sp)
/__w/riscv-none-elf-gcc-xpack/riscv-none-elf-gcc-xpack/build-assets/build/win32-x64/sources/gcc-14.2.0/libgcc/config/riscv/save-restore.S:426
 20001f6:	c422                	sw	s0,8(sp)
/__w/riscv-none-elf-gcc-xpack/riscv-none-elf-gcc-xpack/build-assets/build/win32-x64/sources/gcc-14.2.0/libgcc/config/riscv/save-restore.S:428
 20001f8:	c606                	sw	ra,12(sp)
/__w/riscv-none-elf-gcc-xpack/riscv-none-elf-gcc-xpack/build-assets/build/win32-x64/sources/gcc-14.2.0/libgcc/config/riscv/save-restore.S:430
 20001fa:	8282                	jr	t0

020001fc <__riscv_restore_12>:
__riscv_restore_12():
/__w/riscv-none-elf-gcc-xpack/riscv-none-elf-gcc-xpack/build-assets/build/win32-x64/sources/gcc-14.2.0/libgcc/config/riscv/save-restore.S:453
 20001fc:	4db2                	lw	s11,12(sp)
/__w/riscv-none-elf-gcc-xpack/riscv-none-elf-gcc-xpack/build-assets/build/win32-x64/sources/gcc-14.2.0/libgcc/config/riscv/save-restore.S:455
 20001fe:	0141                	addi	sp,sp,16

02000200 <__riscv_restore_10>:
__riscv_restore_8():
/__w/riscv-none-elf-gcc-xpack/riscv-none-elf-gcc-xpack/build-assets/build/win32-x64/sources/gcc-14.2.0/libgcc/config/riscv/save-restore.S:463
 2000200:	4d02                	lw	s10,0(sp)
/__w/riscv-none-elf-gcc-xpack/riscv-none-elf-gcc-xpack/build-assets/build/win32-x64/sources/gcc-14.2.0/libgcc/config/riscv/save-restore.S:465
 2000202:	4c92                	lw	s9,4(sp)
/__w/riscv-none-elf-gcc-xpack/riscv-none-elf-gcc-xpack/build-assets/build/win32-x64/sources/gcc-14.2.0/libgcc/config/riscv/save-restore.S:467
 2000204:	4c22                	lw	s8,8(sp)
/__w/riscv-none-elf-gcc-xpack/riscv-none-elf-gcc-xpack/build-assets/build/win32-x64/sources/gcc-14.2.0/libgcc/config/riscv/save-restore.S:469
 2000206:	4bb2                	lw	s7,12(sp)
/__w/riscv-none-elf-gcc-xpack/riscv-none-elf-gcc-xpack/build-assets/build/win32-x64/sources/gcc-14.2.0/libgcc/config/riscv/save-restore.S:471
 2000208:	0141                	addi	sp,sp,16

0200020a <__riscv_restore_4>:
__riscv_restore_4():
/__w/riscv-none-elf-gcc-xpack/riscv-none-elf-gcc-xpack/build-assets/build/win32-x64/sources/gcc-14.2.0/libgcc/config/riscv/save-restore.S:483
 200020a:	4b02                	lw	s6,0(sp)
/__w/riscv-none-elf-gcc-xpack/riscv-none-elf-gcc-xpack/build-assets/build/win32-x64/sources/gcc-14.2.0/libgcc/config/riscv/save-restore.S:485
 200020c:	4a92                	lw	s5,4(sp)
/__w/riscv-none-elf-gcc-xpack/riscv-none-elf-gcc-xpack/build-assets/build/win32-x64/sources/gcc-14.2.0/libgcc/config/riscv/save-restore.S:487
 200020e:	4a22                	lw	s4,8(sp)
/__w/riscv-none-elf-gcc-xpack/riscv-none-elf-gcc-xpack/build-assets/build/win32-x64/sources/gcc-14.2.0/libgcc/config/riscv/save-restore.S:489
 2000210:	49b2                	lw	s3,12(sp)
/__w/riscv-none-elf-gcc-xpack/riscv-none-elf-gcc-xpack/build-assets/build/win32-x64/sources/gcc-14.2.0/libgcc/config/riscv/save-restore.S:491
 2000212:	0141                	addi	sp,sp,16

02000214 <__riscv_restore_0>:
__riscv_restore_0():
/__w/riscv-none-elf-gcc-xpack/riscv-none-elf-gcc-xpack/build-assets/build/win32-x64/sources/gcc-14.2.0/libgcc/config/riscv/save-restore.S:506
 2000214:	4902                	lw	s2,0(sp)
/__w/riscv-none-elf-gcc-xpack/riscv-none-elf-gcc-xpack/build-assets/build/win32-x64/sources/gcc-14.2.0/libgcc/config/riscv/save-restore.S:508
 2000216:	4492                	lw	s1,4(sp)
/__w/riscv-none-elf-gcc-xpack/riscv-none-elf-gcc-xpack/build-assets/build/win32-x64/sources/gcc-14.2.0/libgcc/config/riscv/save-restore.S:510
 2000218:	4422                	lw	s0,8(sp)
/__w/riscv-none-elf-gcc-xpack/riscv-none-elf-gcc-xpack/build-assets/build/win32-x64/sources/gcc-14.2.0/libgcc/config/riscv/save-restore.S:512
 200021a:	40b2                	lw	ra,12(sp)
/__w/riscv-none-elf-gcc-xpack/riscv-none-elf-gcc-xpack/build-assets/build/win32-x64/sources/gcc-14.2.0/libgcc/config/riscv/save-restore.S:514
 200021c:	0141                	addi	sp,sp,16
/__w/riscv-none-elf-gcc-xpack/riscv-none-elf-gcc-xpack/build-assets/build/win32-x64/sources/gcc-14.2.0/libgcc/config/riscv/save-restore.S:516
 200021e:	8082                	ret

02000220 <stats_print_dec>:
stats_print_dec():
F:\ALL_PROJECT\GMD_workspace\picorv32_demo\Debug/../src/lib/firmware.c:26
#define put_char(c) outbyte(c)
#endif


static void stats_print_dec(unsigned int val, int digits, bool zero_pad)
{
 2000220:	715d                	addi	sp,sp,-80
 2000222:	c686                	sw	ra,76(sp)
 2000224:	c4a2                	sw	s0,72(sp)
 2000226:	0880                	addi	s0,sp,80
 2000228:	faa42e23          	sw	a0,-68(s0)
 200022c:	fab42c23          	sw	a1,-72(s0)
 2000230:	87b2                	mv	a5,a2
 2000232:	faf40ba3          	sb	a5,-73(s0)
F:\ALL_PROJECT\GMD_workspace\picorv32_demo\Debug/../src/lib/firmware.c:28
	char buffer[32];
	char *p = buffer;
 2000236:	fcc40793          	addi	a5,s0,-52
 200023a:	fef42623          	sw	a5,-20(s0)
F:\ALL_PROJECT\GMD_workspace\picorv32_demo\Debug/../src/lib/firmware.c:30

	while (val || digits > 0)
 200023e:	a0a5                	j	20002a6 <stats_print_dec+0x86>
F:\ALL_PROJECT\GMD_workspace\picorv32_demo\Debug/../src/lib/firmware.c:32
	{
		if (val)
 2000240:	fbc42783          	lw	a5,-68(s0)
 2000244:	c78d                	beqz	a5,200026e <stats_print_dec+0x4e>
F:\ALL_PROJECT\GMD_workspace\picorv32_demo\Debug/../src/lib/firmware.c:34
		{
			*(p++) = '0' + val % 10;
 2000246:	fbc42703          	lw	a4,-68(s0)
 200024a:	47a9                	li	a5,10
 200024c:	02f777b3          	remu	a5,a4,a5
 2000250:	0ff7f713          	zext.b	a4,a5
 2000254:	fec42783          	lw	a5,-20(s0)
 2000258:	00178693          	addi	a3,a5,1
 200025c:	fed42623          	sw	a3,-20(s0)
 2000260:	03070713          	addi	a4,a4,48
 2000264:	0ff77713          	zext.b	a4,a4
 2000268:	00e78023          	sb	a4,0(a5)
 200026c:	a00d                	j	200028e <stats_print_dec+0x6e>
F:\ALL_PROJECT\GMD_workspace\picorv32_demo\Debug/../src/lib/firmware.c:38
		}
		else
		{
			*(p++) = zero_pad ? '0' : ' ';
 200026e:	fb744783          	lbu	a5,-73(s0)
 2000272:	c781                	beqz	a5,200027a <stats_print_dec+0x5a>
F:\ALL_PROJECT\GMD_workspace\picorv32_demo\Debug/../src/lib/firmware.c:38 (discriminator 1)
 2000274:	03000713          	li	a4,48
 2000278:	a019                	j	200027e <stats_print_dec+0x5e>
F:\ALL_PROJECT\GMD_workspace\picorv32_demo\Debug/../src/lib/firmware.c:38 (discriminator 2)
 200027a:	02000713          	li	a4,32
F:\ALL_PROJECT\GMD_workspace\picorv32_demo\Debug/../src/lib/firmware.c:38 (discriminator 4)
 200027e:	fec42783          	lw	a5,-20(s0)
 2000282:	00178693          	addi	a3,a5,1
 2000286:	fed42623          	sw	a3,-20(s0)
 200028a:	00e78023          	sb	a4,0(a5)
F:\ALL_PROJECT\GMD_workspace\picorv32_demo\Debug/../src/lib/firmware.c:41
		}

		val = val / 10;
 200028e:	fbc42703          	lw	a4,-68(s0)
 2000292:	47a9                	li	a5,10
 2000294:	02f757b3          	divu	a5,a4,a5
 2000298:	faf42e23          	sw	a5,-68(s0)
F:\ALL_PROJECT\GMD_workspace\picorv32_demo\Debug/../src/lib/firmware.c:42
		digits--;
 200029c:	fb842783          	lw	a5,-72(s0)
 20002a0:	17fd                	addi	a5,a5,-1
 20002a2:	faf42c23          	sw	a5,-72(s0)
F:\ALL_PROJECT\GMD_workspace\picorv32_demo\Debug/../src/lib/firmware.c:30
	while (val || digits > 0)
 20002a6:	fbc42783          	lw	a5,-68(s0)
 20002aa:	fbd9                	bnez	a5,2000240 <stats_print_dec+0x20>
F:\ALL_PROJECT\GMD_workspace\picorv32_demo\Debug/../src/lib/firmware.c:30 (discriminator 1)
 20002ac:	fb842783          	lw	a5,-72(s0)
 20002b0:	f8f048e3          	bgtz	a5,2000240 <stats_print_dec+0x20>
F:\ALL_PROJECT\GMD_workspace\picorv32_demo\Debug/../src/lib/firmware.c:44
	}
	while (p != buffer)
 20002b4:	a0b1                	j	2000300 <stats_print_dec+0xe0>
F:\ALL_PROJECT\GMD_workspace\picorv32_demo\Debug/../src/lib/firmware.c:46
	{
		if (p[-1] == ' ' && p[-2] == ' ')
 20002b6:	fec42783          	lw	a5,-20(s0)
 20002ba:	17fd                	addi	a5,a5,-1
 20002bc:	0007c703          	lbu	a4,0(a5)
 20002c0:	02000793          	li	a5,32
 20002c4:	02f71263          	bne	a4,a5,20002e8 <stats_print_dec+0xc8>
F:\ALL_PROJECT\GMD_workspace\picorv32_demo\Debug/../src/lib/firmware.c:46 (discriminator 1)
 20002c8:	fec42783          	lw	a5,-20(s0)
 20002cc:	17f9                	addi	a5,a5,-2
 20002ce:	0007c703          	lbu	a4,0(a5)
 20002d2:	02000793          	li	a5,32
 20002d6:	00f71963          	bne	a4,a5,20002e8 <stats_print_dec+0xc8>
F:\ALL_PROJECT\GMD_workspace\picorv32_demo\Debug/../src/lib/firmware.c:48
		{
			p[-1] = '.';
 20002da:	fec42783          	lw	a5,-20(s0)
 20002de:	17fd                	addi	a5,a5,-1
 20002e0:	02e00713          	li	a4,46
 20002e4:	00e78023          	sb	a4,0(a5)
F:\ALL_PROJECT\GMD_workspace\picorv32_demo\Debug/../src/lib/firmware.c:51
		}

		put_char(*(--p));
 20002e8:	fec42783          	lw	a5,-20(s0)
 20002ec:	17fd                	addi	a5,a5,-1
 20002ee:	fef42623          	sw	a5,-20(s0)
 20002f2:	fec42783          	lw	a5,-20(s0)
 20002f6:	0007c783          	lbu	a5,0(a5)
 20002fa:	853e                	mv	a0,a5
 20002fc:	718000ef          	jal	2000a14 <wbuart_outbyte>
F:\ALL_PROJECT\GMD_workspace\picorv32_demo\Debug/../src/lib/firmware.c:44
	while (p != buffer)
 2000300:	fcc40793          	addi	a5,s0,-52
 2000304:	fec42703          	lw	a4,-20(s0)
 2000308:	faf717e3          	bne	a4,a5,20002b6 <stats_print_dec+0x96>
F:\ALL_PROJECT\GMD_workspace\picorv32_demo\Debug/../src/lib/firmware.c:53
	}
}
 200030c:	0001                	nop
 200030e:	0001                	nop
 2000310:	40b6                	lw	ra,76(sp)
 2000312:	4426                	lw	s0,72(sp)
 2000314:	6161                	addi	sp,sp,80
 2000316:	8082                	ret

02000318 <stats>:
stats():
F:\ALL_PROJECT\GMD_workspace\picorv32_demo\Debug/../src/lib/firmware.c:56

void stats(void)
{
 2000318:	1101                	addi	sp,sp,-32
 200031a:	ce06                	sw	ra,28(sp)
 200031c:	cc22                	sw	s0,24(sp)
 200031e:	1000                	addi	s0,sp,32
F:\ALL_PROJECT\GMD_workspace\picorv32_demo\Debug/../src/lib/firmware.c:59
	unsigned int num_cycles, num_instr;

	__asm__ volatile ("rdcycle %0; rdinstret %1;" : "=r"(num_cycles), "=r"(num_instr));
 2000320:	c0002773          	rdcycle	a4
 2000324:	c02027f3          	rdinstret	a5
 2000328:	fee42623          	sw	a4,-20(s0)
 200032c:	fef42423          	sw	a5,-24(s0)
F:\ALL_PROJECT\GMD_workspace\picorv32_demo\Debug/../src/lib/firmware.c:61

	printf("\r\n-------------------------------------\r\n");
 2000330:	00001517          	auipc	a0,0x1
 2000334:	1fc50513          	addi	a0,a0,508 # 200152c <strlen+0x64>
 2000338:	2ea9                	jal	2000692 <printf>
F:\ALL_PROJECT\GMD_workspace\picorv32_demo\Debug/../src/lib/firmware.c:62
	printf("Running status: \r\n");
 200033a:	00001517          	auipc	a0,0x1
 200033e:	21e50513          	addi	a0,a0,542 # 2001558 <strlen+0x90>
 2000342:	2e81                	jal	2000692 <printf>
F:\ALL_PROJECT\GMD_workspace\picorv32_demo\Debug/../src/lib/firmware.c:63
	printf("Cycle counter ........: %u\r\n", num_cycles);
 2000344:	fec42583          	lw	a1,-20(s0)
 2000348:	00001517          	auipc	a0,0x1
 200034c:	22450513          	addi	a0,a0,548 # 200156c <strlen+0xa4>
 2000350:	2689                	jal	2000692 <printf>
F:\ALL_PROJECT\GMD_workspace\picorv32_demo\Debug/../src/lib/firmware.c:64
	printf("Instruction counter ..: %u\r\n", num_instr);
 2000352:	fe842583          	lw	a1,-24(s0)
 2000356:	00001517          	auipc	a0,0x1
 200035a:	23650513          	addi	a0,a0,566 # 200158c <strlen+0xc4>
 200035e:	2e15                	jal	2000692 <printf>
F:\ALL_PROJECT\GMD_workspace\picorv32_demo\Debug/../src/lib/firmware.c:66

	printf("CPI: ");
 2000360:	00001517          	auipc	a0,0x1
 2000364:	24c50513          	addi	a0,a0,588 # 20015ac <strlen+0xe4>
 2000368:	262d                	jal	2000692 <printf>
F:\ALL_PROJECT\GMD_workspace\picorv32_demo\Debug/../src/lib/firmware.c:67
	stats_print_dec((num_cycles / num_instr), 0, false);
 200036a:	fec42703          	lw	a4,-20(s0)
 200036e:	fe842783          	lw	a5,-24(s0)
 2000372:	02f757b3          	divu	a5,a4,a5
 2000376:	4601                	li	a2,0
 2000378:	4581                	li	a1,0
 200037a:	853e                	mv	a0,a5
 200037c:	3555                	jal	2000220 <stats_print_dec>
F:\ALL_PROJECT\GMD_workspace\picorv32_demo\Debug/../src/lib/firmware.c:68
	printf(".");
 200037e:	00001517          	auipc	a0,0x1
 2000382:	23650513          	addi	a0,a0,566 # 20015b4 <strlen+0xec>
 2000386:	2631                	jal	2000692 <printf>
F:\ALL_PROJECT\GMD_workspace\picorv32_demo\Debug/../src/lib/firmware.c:69
	stats_print_dec(((100 * num_cycles) / num_instr) % 100, 2, true);
 2000388:	fec42703          	lw	a4,-20(s0)
 200038c:	06400793          	li	a5,100
 2000390:	02f70733          	mul	a4,a4,a5
 2000394:	fe842783          	lw	a5,-24(s0)
 2000398:	02f75733          	divu	a4,a4,a5
 200039c:	06400793          	li	a5,100
 20003a0:	02f777b3          	remu	a5,a4,a5
 20003a4:	4605                	li	a2,1
 20003a6:	4589                	li	a1,2
 20003a8:	853e                	mv	a0,a5
 20003aa:	3d9d                	jal	2000220 <stats_print_dec>
F:\ALL_PROJECT\GMD_workspace\picorv32_demo\Debug/../src/lib/firmware.c:70
	printf("\r\n");
 20003ac:	00001517          	auipc	a0,0x1
 20003b0:	20c50513          	addi	a0,a0,524 # 20015b8 <strlen+0xf0>
 20003b4:	2cf9                	jal	2000692 <printf>
F:\ALL_PROJECT\GMD_workspace\picorv32_demo\Debug/../src/lib/firmware.c:71
	printf("-------------------------------------\r\n");
 20003b6:	00001517          	auipc	a0,0x1
 20003ba:	20650513          	addi	a0,a0,518 # 20015bc <strlen+0xf4>
 20003be:	2cd1                	jal	2000692 <printf>
F:\ALL_PROJECT\GMD_workspace\picorv32_demo\Debug/../src/lib/firmware.c:72
	printf("\r\n");
 20003c0:	00001517          	auipc	a0,0x1
 20003c4:	1f850513          	addi	a0,a0,504 # 20015b8 <strlen+0xf0>
 20003c8:	24e9                	jal	2000692 <printf>
F:\ALL_PROJECT\GMD_workspace\picorv32_demo\Debug/../src/lib/firmware.c:73
}
 20003ca:	0001                	nop
 20003cc:	40f2                	lw	ra,28(sp)
 20003ce:	4462                	lw	s0,24(sp)
 20003d0:	6105                	addi	sp,sp,32
 20003d2:	8082                	ret

020003d4 <delay>:
delay():
F:\ALL_PROJECT\GMD_workspace\picorv32_demo\Debug/../src/lib/firmware.c:76

unsigned int delay( unsigned int delay_cycles)
{
 20003d4:	7179                	addi	sp,sp,-48
 20003d6:	d606                	sw	ra,44(sp)
 20003d8:	d422                	sw	s0,40(sp)
 20003da:	1800                	addi	s0,sp,48
 20003dc:	fca42e23          	sw	a0,-36(s0)
F:\ALL_PROJECT\GMD_workspace\picorv32_demo\Debug/../src/lib/firmware.c:79
    unsigned int cycles_current;
    unsigned int cycles_start;
    unsigned int cycles = 0;
 20003e0:	fe042623          	sw	zero,-20(s0)
F:\ALL_PROJECT\GMD_workspace\picorv32_demo\Debug/../src/lib/firmware.c:81

    __asm__ volatile ("rdcycle %0;" : "=r"(cycles_start));
 20003e4:	c00027f3          	rdcycle	a5
 20003e8:	fef42423          	sw	a5,-24(s0)
F:\ALL_PROJECT\GMD_workspace\picorv32_demo\Debug/../src/lib/firmware.c:85

    do
    {
        __asm__ volatile ("rdcycle %0;" : "=r"(cycles_current));
 20003ec:	c00027f3          	rdcycle	a5
 20003f0:	fef42223          	sw	a5,-28(s0)
F:\ALL_PROJECT\GMD_workspace\picorv32_demo\Debug/../src/lib/firmware.c:86
        cycles = cycles_current - cycles_start;
 20003f4:	fe442703          	lw	a4,-28(s0)
 20003f8:	fe842783          	lw	a5,-24(s0)
 20003fc:	40f707b3          	sub	a5,a4,a5
 2000400:	fef42623          	sw	a5,-20(s0)
F:\ALL_PROJECT\GMD_workspace\picorv32_demo\Debug/../src/lib/firmware.c:87 (discriminator 1)
    } while(cycles < delay_cycles);
 2000404:	fec42703          	lw	a4,-20(s0)
 2000408:	fdc42783          	lw	a5,-36(s0)
 200040c:	fef760e3          	bltu	a4,a5,20003ec <delay+0x18>
F:\ALL_PROJECT\GMD_workspace\picorv32_demo\Debug/../src/lib/firmware.c:89

    return cycles;
 2000410:	fec42783          	lw	a5,-20(s0)
F:\ALL_PROJECT\GMD_workspace\picorv32_demo\Debug/../src/lib/firmware.c:90
}
 2000414:	853e                	mv	a0,a5
 2000416:	50b2                	lw	ra,44(sp)
 2000418:	5422                	lw	s0,40(sp)
 200041a:	6145                	addi	sp,sp,48
 200041c:	8082                	ret

0200041e <printchar>:
printchar():
F:\ALL_PROJECT\GMD_workspace\picorv32_demo\Debug/../src/lib/printf.c:38
#else
#define putchar(c) outbyte(c)
#endif

static void  __attribute__((optimize("Os"))) printchar(char **str, int c)
{
 200041e:	87aa                	mv	a5,a0
 2000420:	852e                	mv	a0,a1
F:\ALL_PROJECT\GMD_workspace\picorv32_demo\Debug/../src/lib/printf.c:41
	extern int putchar(int c);

	if (str) {
 2000422:	cb81                	beqz	a5,2000432 <printchar+0x14>
F:\ALL_PROJECT\GMD_workspace\picorv32_demo\Debug/../src/lib/printf.c:42
		**str = c;
 2000424:	4398                	lw	a4,0(a5)
 2000426:	00b70023          	sb	a1,0(a4)
F:\ALL_PROJECT\GMD_workspace\picorv32_demo\Debug/../src/lib/printf.c:43
		++(*str);
 200042a:	4398                	lw	a4,0(a5)
 200042c:	0705                	addi	a4,a4,1
 200042e:	c398                	sw	a4,0(a5)
 2000430:	8082                	ret
F:\ALL_PROJECT\GMD_workspace\picorv32_demo\Debug/../src/lib/printf.c:45
	}
	else (void)putchar(c);
 2000432:	a3cd                	j	2000a14 <wbuart_outbyte>

02000434 <prints>:
prints():
F:\ALL_PROJECT\GMD_workspace\picorv32_demo\Debug/../src/lib/printf.c:52

#define PAD_RIGHT 1
#define PAD_ZERO 2

static int  __attribute__((optimize("Os"))) prints(char **out, const char *string, int width, int pad)
{
 2000434:	da3ff2ef          	jal	t0,20001d6 <__riscv_save_4>
 2000438:	89aa                	mv	s3,a0
 200043a:	8aae                	mv	s5,a1
 200043c:	8432                	mv	s0,a2
 200043e:	84b6                	mv	s1,a3
 2000440:	02000913          	li	s2,32
F:\ALL_PROJECT\GMD_workspace\picorv32_demo\Debug/../src/lib/printf.c:55
	register int pc = 0, padchar = ' ';

	if (width > 0) {
 2000444:	00c05e63          	blez	a2,2000460 <prints+0x2c>
F:\ALL_PROJECT\GMD_workspace\picorv32_demo\Debug/../src/lib/printf.c:58 (discriminator 1)
		register int len = 0;
		register const char *ptr;
		for (ptr = string; *ptr; ++ptr) ++len;
 2000448:	852e                	mv	a0,a1
 200044a:	07e010ef          	jal	20014c8 <strlen>
F:\ALL_PROJECT\GMD_workspace\picorv32_demo\Debug/../src/lib/printf.c:59
		if (len >= width) width = 0;
 200044e:	00855e63          	bge	a0,s0,200046a <prints+0x36>
F:\ALL_PROJECT\GMD_workspace\picorv32_demo\Debug/../src/lib/printf.c:60
		else width -= len;
 2000452:	8c09                	sub	s0,s0,a0
F:\ALL_PROJECT\GMD_workspace\picorv32_demo\Debug/../src/lib/printf.c:53
	register int pc = 0, padchar = ' ';
 2000454:	00349913          	slli	s2,s1,0x3
 2000458:	01097913          	andi	s2,s2,16
 200045c:	02090913          	addi	s2,s2,32
F:\ALL_PROJECT\GMD_workspace\picorv32_demo\Debug/../src/lib/printf.c:63
		if (pad & PAD_ZERO) padchar = '0';
	}
	if (!(pad & PAD_RIGHT)) {
 2000460:	8885                	andi	s1,s1,1
 2000462:	c095                	beqz	s1,2000486 <prints+0x52>
F:\ALL_PROJECT\GMD_workspace\picorv32_demo\Debug/../src/lib/printf.c:53
	register int pc = 0, padchar = ' ';
 2000464:	4481                	li	s1,0
 2000466:	8a26                	mv	s4,s1
 2000468:	a025                	j	2000490 <prints+0x5c>
F:\ALL_PROJECT\GMD_workspace\picorv32_demo\Debug/../src/lib/printf.c:59 (discriminator 1)
		if (len >= width) width = 0;
 200046a:	4401                	li	s0,0
 200046c:	b7e5                	j	2000454 <prints+0x20>
F:\ALL_PROJECT\GMD_workspace\picorv32_demo\Debug/../src/lib/printf.c:65
		for ( ; width > 0; --width) {
			printchar (out, padchar);
 200046e:	85ca                	mv	a1,s2
 2000470:	854e                	mv	a0,s3
 2000472:	3775                	jal	200041e <printchar>
F:\ALL_PROJECT\GMD_workspace\picorv32_demo\Debug/../src/lib/printf.c:64 (discriminator 2)
		for ( ; width > 0; --width) {
 2000474:	14fd                	addi	s1,s1,-1
F:\ALL_PROJECT\GMD_workspace\picorv32_demo\Debug/../src/lib/printf.c:64 (discriminator 1)
 2000476:	fe904ce3          	bgtz	s1,200046e <prints+0x3a>
 200047a:	fff44493          	not	s1,s0
 200047e:	84fd                	srai	s1,s1,0x1f
 2000480:	8ce1                	and	s1,s1,s0
 2000482:	8c05                	sub	s0,s0,s1
 2000484:	b7cd                	j	2000466 <prints+0x32>
 2000486:	84a2                	mv	s1,s0
 2000488:	b7fd                	j	2000476 <prints+0x42>
F:\ALL_PROJECT\GMD_workspace\picorv32_demo\Debug/../src/lib/printf.c:70
			++pc;
		}
	}
	for ( ; *string ; ++string) {
		printchar (out, *string);
 200048a:	854e                	mv	a0,s3
 200048c:	3f49                	jal	200041e <printchar>
F:\ALL_PROJECT\GMD_workspace\picorv32_demo\Debug/../src/lib/printf.c:71
		++pc;
 200048e:	0a05                	addi	s4,s4,1
F:\ALL_PROJECT\GMD_workspace\picorv32_demo\Debug/../src/lib/printf.c:69 (discriminator 1)
	for ( ; *string ; ++string) {
 2000490:	409a07b3          	sub	a5,s4,s1
 2000494:	97d6                	add	a5,a5,s5
 2000496:	0007c583          	lbu	a1,0(a5)
 200049a:	f9e5                	bnez	a1,200048a <prints+0x56>
 200049c:	84a2                	mv	s1,s0
F:\ALL_PROJECT\GMD_workspace\picorv32_demo\Debug/../src/lib/printf.c:73 (discriminator 1)
	}
	for ( ; width > 0; --width) {
 200049e:	00904963          	bgtz	s1,20004b0 <prints+0x7c>
F:\ALL_PROJECT\GMD_workspace\picorv32_demo\Debug/../src/lib/printf.c:78 (discriminator 1)
		printchar (out, padchar);
		++pc;
	}

	return pc;
 20004a2:	fff44793          	not	a5,s0
 20004a6:	87fd                	srai	a5,a5,0x1f
 20004a8:	00f47533          	and	a0,s0,a5
F:\ALL_PROJECT\GMD_workspace\picorv32_demo\Debug/../src/lib/printf.c:79
}
 20004ac:	9552                	add	a0,a0,s4
 20004ae:	bbb1                	j	200020a <__riscv_restore_4>
F:\ALL_PROJECT\GMD_workspace\picorv32_demo\Debug/../src/lib/printf.c:74
		printchar (out, padchar);
 20004b0:	85ca                	mv	a1,s2
 20004b2:	854e                	mv	a0,s3
 20004b4:	37ad                	jal	200041e <printchar>
F:\ALL_PROJECT\GMD_workspace\picorv32_demo\Debug/../src/lib/printf.c:73 (discriminator 2)
	for ( ; width > 0; --width) {
 20004b6:	14fd                	addi	s1,s1,-1
 20004b8:	b7dd                	j	200049e <prints+0x6a>

020004ba <printi>:
printi():
F:\ALL_PROJECT\GMD_workspace\picorv32_demo\Debug/../src/lib/printf.c:85

/* The following should be enough for 32 bit int */
#define PRINT_BUF_LEN 12

static int  __attribute__((optimize("Os"))) printi(char **out, int i, int b, int sg, int width, int pad, int letbase)
{
 20004ba:	d37ff2ef          	jal	t0,20001f0 <__riscv_save_0>
 20004be:	88b2                	mv	a7,a2
 20004c0:	8436                	mv	s0,a3
 20004c2:	1101                	addi	sp,sp,-32
 20004c4:	863a                	mv	a2,a4
 20004c6:	86be                	mv	a3,a5
F:\ALL_PROJECT\GMD_workspace\picorv32_demo\Debug/../src/lib/printf.c:91
	char print_buf[PRINT_BUF_LEN];
	register char *s;
	register int t, neg = 0, pc = 0;
	register unsigned int u = i;

	if (i == 0) {
 20004c8:	e989                	bnez	a1,20004da <printi+0x20>
F:\ALL_PROJECT\GMD_workspace\picorv32_demo\Debug/../src/lib/printf.c:92
		print_buf[0] = '0';
 20004ca:	03000793          	li	a5,48
F:\ALL_PROJECT\GMD_workspace\picorv32_demo\Debug/../src/lib/printf.c:94
		print_buf[1] = '\0';
		return prints (out, print_buf, width, pad);
 20004ce:	084c                	addi	a1,sp,20
F:\ALL_PROJECT\GMD_workspace\picorv32_demo\Debug/../src/lib/printf.c:92
		print_buf[0] = '0';
 20004d0:	00f11a23          	sh	a5,20(sp)
F:\ALL_PROJECT\GMD_workspace\picorv32_demo\Debug/../src/lib/printf.c:94
		return prints (out, print_buf, width, pad);
 20004d4:	3785                	jal	2000434 <prints>
F:\ALL_PROJECT\GMD_workspace\picorv32_demo\Debug/../src/lib/printf.c:125
			*--s = '-';
		}
	}

	return pc + prints (out, s, width, pad);
}
 20004d6:	6105                	addi	sp,sp,32
 20004d8:	bb35                	j	2000214 <__riscv_restore_0>
 20004da:	84aa                	mv	s1,a0
F:\ALL_PROJECT\GMD_workspace\picorv32_demo\Debug/../src/lib/printf.c:97
	if (sg && b == 10 && i < 0) {
 20004dc:	c811                	beqz	s0,20004f0 <printi+0x36>
F:\ALL_PROJECT\GMD_workspace\picorv32_demo\Debug/../src/lib/printf.c:97 (discriminator 1)
 20004de:	47a9                	li	a5,10
F:\ALL_PROJECT\GMD_workspace\picorv32_demo\Debug/../src/lib/printf.c:88
	register int t, neg = 0, pc = 0;
 20004e0:	4401                	li	s0,0
F:\ALL_PROJECT\GMD_workspace\picorv32_demo\Debug/../src/lib/printf.c:97 (discriminator 1)
	if (sg && b == 10 && i < 0) {
 20004e2:	00f89763          	bne	a7,a5,20004f0 <printi+0x36>
F:\ALL_PROJECT\GMD_workspace\picorv32_demo\Debug/../src/lib/printf.c:97 (discriminator 2)
 20004e6:	0005d563          	bgez	a1,20004f0 <printi+0x36>
F:\ALL_PROJECT\GMD_workspace\picorv32_demo\Debug/../src/lib/printf.c:99
		u = -i;
 20004ea:	40b005b3          	neg	a1,a1
F:\ALL_PROJECT\GMD_workspace\picorv32_demo\Debug/../src/lib/printf.c:98
		neg = 1;
 20004ee:	4405                	li	s0,1
F:\ALL_PROJECT\GMD_workspace\picorv32_demo\Debug/../src/lib/printf.c:103
	*s = '\0';
 20004f0:	00010fa3          	sb	zero,31(sp)
F:\ALL_PROJECT\GMD_workspace\picorv32_demo\Debug/../src/lib/printf.c:102
	s = print_buf + PRINT_BUF_LEN-1;
 20004f4:	01f10793          	addi	a5,sp,31
F:\ALL_PROJECT\GMD_workspace\picorv32_demo\Debug/../src/lib/printf.c:107
		if( t >= 10 )
 20004f8:	4525                	li	a0,9
F:\ALL_PROJECT\GMD_workspace\picorv32_demo\Debug/../src/lib/printf.c:108
			t += letbase - '0' - 10;
 20004fa:	fc680813          	addi	a6,a6,-58
F:\ALL_PROJECT\GMD_workspace\picorv32_demo\Debug/../src/lib/printf.c:106
		t = u % b;
 20004fe:	0315f733          	remu	a4,a1,a7
F:\ALL_PROJECT\GMD_workspace\picorv32_demo\Debug/../src/lib/printf.c:107
		if( t >= 10 )
 2000502:	00e55363          	bge	a0,a4,2000508 <printi+0x4e>
F:\ALL_PROJECT\GMD_workspace\picorv32_demo\Debug/../src/lib/printf.c:108
			t += letbase - '0' - 10;
 2000506:	9742                	add	a4,a4,a6
F:\ALL_PROJECT\GMD_workspace\picorv32_demo\Debug/../src/lib/printf.c:109
		*--s = t + '0';
 2000508:	03070713          	addi	a4,a4,48
 200050c:	fee78fa3          	sb	a4,-1(a5)
 2000510:	fff78913          	addi	s2,a5,-1
F:\ALL_PROJECT\GMD_workspace\picorv32_demo\Debug/../src/lib/printf.c:110
		u /= b;
 2000514:	0315d733          	divu	a4,a1,a7
F:\ALL_PROJECT\GMD_workspace\picorv32_demo\Debug/../src/lib/printf.c:105
	while (u) {
 2000518:	0315f563          	bgeu	a1,a7,2000542 <printi+0x88>
F:\ALL_PROJECT\GMD_workspace\picorv32_demo\Debug/../src/lib/printf.c:113
	if (neg) {
 200051c:	cc11                	beqz	s0,2000538 <printi+0x7e>
F:\ALL_PROJECT\GMD_workspace\picorv32_demo\Debug/../src/lib/printf.c:114
		if( width && (pad & PAD_ZERO) ) {
 200051e:	c60d                	beqz	a2,2000548 <printi+0x8e>
F:\ALL_PROJECT\GMD_workspace\picorv32_demo\Debug/../src/lib/printf.c:114 (discriminator 1)
 2000520:	0026f713          	andi	a4,a3,2
 2000524:	c315                	beqz	a4,2000548 <printi+0x8e>
F:\ALL_PROJECT\GMD_workspace\picorv32_demo\Debug/../src/lib/printf.c:115
			printchar (out, '-');
 2000526:	02d00593          	li	a1,45
 200052a:	8526                	mv	a0,s1
 200052c:	c636                	sw	a3,12(sp)
 200052e:	c432                	sw	a2,8(sp)
 2000530:	35fd                	jal	200041e <printchar>
F:\ALL_PROJECT\GMD_workspace\picorv32_demo\Debug/../src/lib/printf.c:117
			--width;
 2000532:	4622                	lw	a2,8(sp)
 2000534:	46b2                	lw	a3,12(sp)
 2000536:	167d                	addi	a2,a2,-1
F:\ALL_PROJECT\GMD_workspace\picorv32_demo\Debug/../src/lib/printf.c:124
	return pc + prints (out, s, width, pad);
 2000538:	85ca                	mv	a1,s2
 200053a:	8526                	mv	a0,s1
 200053c:	3de5                	jal	2000434 <prints>
F:\ALL_PROJECT\GMD_workspace\picorv32_demo\Debug/../src/lib/printf.c:124 (discriminator 1)
 200053e:	9522                	add	a0,a0,s0
F:\ALL_PROJECT\GMD_workspace\picorv32_demo\Debug/../src/lib/printf.c:124
 2000540:	bf59                	j	20004d6 <printi+0x1c>
 2000542:	85ba                	mv	a1,a4
 2000544:	87ca                	mv	a5,s2
 2000546:	bf65                	j	20004fe <printi+0x44>
F:\ALL_PROJECT\GMD_workspace\picorv32_demo\Debug/../src/lib/printf.c:120
			*--s = '-';
 2000548:	02d00713          	li	a4,45
 200054c:	fee90fa3          	sb	a4,-1(s2)
F:\ALL_PROJECT\GMD_workspace\picorv32_demo\Debug/../src/lib/printf.c:88
	register int t, neg = 0, pc = 0;
 2000550:	4401                	li	s0,0
F:\ALL_PROJECT\GMD_workspace\picorv32_demo\Debug/../src/lib/printf.c:120
			*--s = '-';
 2000552:	ffe78913          	addi	s2,a5,-2
 2000556:	b7cd                	j	2000538 <printi+0x7e>

02000558 <print>:
print():
F:\ALL_PROJECT\GMD_workspace\picorv32_demo\Debug/../src/lib/printf.c:128

static int  __attribute__((optimize("Os"))) print( char **out, const char *format, va_list args )
{
 2000558:	c71ff2ef          	jal	t0,20001c8 <__riscv_save_10>
 200055c:	1141                	addi	sp,sp,-16
 200055e:	89aa                	mv	s3,a0
 2000560:	84ae                	mv	s1,a1
 2000562:	8432                	mv	s0,a2
F:\ALL_PROJECT\GMD_workspace\picorv32_demo\Debug/../src/lib/printf.c:130
	register int width, pad;
	register int pc = 0;
 2000564:	4901                	li	s2,0
F:\ALL_PROJECT\GMD_workspace\picorv32_demo\Debug/../src/lib/printf.c:134
	char scr[2];

	for (; *format != 0; ++format) {
		if (*format == '%') {
 2000566:	02500a13          	li	s4,37
F:\ALL_PROJECT\GMD_workspace\picorv32_demo\Debug/../src/lib/printf.c:139
			++format;
			width = pad = 0;
			if (*format == '\0') break;
			if (*format == '%') goto out;
			if (*format == '-') {
 200056a:	02d00b13          	li	s6,45
F:\ALL_PROJECT\GMD_workspace\picorv32_demo\Debug/../src/lib/printf.c:143
				++format;
				pad = PAD_RIGHT;
			}
			while (*format == '0') {
 200056e:	03000b93          	li	s7,48
F:\ALL_PROJECT\GMD_workspace\picorv32_demo\Debug/../src/lib/printf.c:147 (discriminator 1)
				++format;
				pad |= PAD_ZERO;
			}
			for ( ; *format >= '0' && *format <= '9'; ++format) {
 2000572:	4c25                	li	s8,9
F:\ALL_PROJECT\GMD_workspace\picorv32_demo\Debug/../src/lib/printf.c:148
				width *= 10;
 2000574:	4ca9                	li	s9,10
 2000576:	07300a93          	li	s5,115
F:\ALL_PROJECT\GMD_workspace\picorv32_demo\Debug/../src/lib/printf.c:133 (discriminator 1)
	for (; *format != 0; ++format) {
 200057a:	0004c583          	lbu	a1,0(s1)
 200057e:	e991                	bnez	a1,2000592 <print+0x3a>
F:\ALL_PROJECT\GMD_workspace\picorv32_demo\Debug/../src/lib/printf.c:186
		out:
			printchar (out, *format);
			++pc;
		}
	}
	if (out) **out = '\0';
 2000580:	00098663          	beqz	s3,200058c <print+0x34>
F:\ALL_PROJECT\GMD_workspace\picorv32_demo\Debug/../src/lib/printf.c:186 (discriminator 1)
 2000584:	0009a783          	lw	a5,0(s3)
 2000588:	00078023          	sb	zero,0(a5)
F:\ALL_PROJECT\GMD_workspace\picorv32_demo\Debug/../src/lib/printf.c:189
	va_end( args );
	return pc;
}
 200058c:	854a                	mv	a0,s2
 200058e:	0141                	addi	sp,sp,16
 2000590:	b985                	j	2000200 <__riscv_restore_10>
F:\ALL_PROJECT\GMD_workspace\picorv32_demo\Debug/../src/lib/printf.c:134
		if (*format == '%') {
 2000592:	0f459c63          	bne	a1,s4,200068a <print+0x132>
F:\ALL_PROJECT\GMD_workspace\picorv32_demo\Debug/../src/lib/printf.c:137
			if (*format == '\0') break;
 2000596:	0014c583          	lbu	a1,1(s1)
 200059a:	d1fd                	beqz	a1,2000580 <print+0x28>
F:\ALL_PROJECT\GMD_workspace\picorv32_demo\Debug/../src/lib/printf.c:135
			++format;
 200059c:	00148713          	addi	a4,s1,1
F:\ALL_PROJECT\GMD_workspace\picorv32_demo\Debug/../src/lib/printf.c:138
			if (*format == '%') goto out;
 20005a0:	0f458463          	beq	a1,s4,2000688 <print+0x130>
F:\ALL_PROJECT\GMD_workspace\picorv32_demo\Debug/../src/lib/printf.c:136
			width = pad = 0;
 20005a4:	4781                	li	a5,0
F:\ALL_PROJECT\GMD_workspace\picorv32_demo\Debug/../src/lib/printf.c:139
			if (*format == '-') {
 20005a6:	01659563          	bne	a1,s6,20005b0 <print+0x58>
F:\ALL_PROJECT\GMD_workspace\picorv32_demo\Debug/../src/lib/printf.c:140
				++format;
 20005aa:	00248713          	addi	a4,s1,2
F:\ALL_PROJECT\GMD_workspace\picorv32_demo\Debug/../src/lib/printf.c:141
				pad = PAD_RIGHT;
 20005ae:	4785                	li	a5,1
 20005b0:	84ba                	mv	s1,a4
F:\ALL_PROJECT\GMD_workspace\picorv32_demo\Debug/../src/lib/printf.c:143
			while (*format == '0') {
 20005b2:	0004c703          	lbu	a4,0(s1)
F:\ALL_PROJECT\GMD_workspace\picorv32_demo\Debug/../src/lib/printf.c:144
				++format;
 20005b6:	00148693          	addi	a3,s1,1
F:\ALL_PROJECT\GMD_workspace\picorv32_demo\Debug/../src/lib/printf.c:143
			while (*format == '0') {
 20005ba:	03770f63          	beq	a4,s7,20005f8 <print+0xa0>
F:\ALL_PROJECT\GMD_workspace\picorv32_demo\Debug/../src/lib/printf.c:136
			width = pad = 0;
 20005be:	4701                	li	a4,0
F:\ALL_PROJECT\GMD_workspace\picorv32_demo\Debug/../src/lib/printf.c:147 (discriminator 1)
			for ( ; *format >= '0' && *format <= '9'; ++format) {
 20005c0:	0004c683          	lbu	a3,0(s1)
F:\ALL_PROJECT\GMD_workspace\picorv32_demo\Debug/../src/lib/printf.c:147 (discriminator 2)
 20005c4:	00148513          	addi	a0,s1,1
F:\ALL_PROJECT\GMD_workspace\picorv32_demo\Debug/../src/lib/printf.c:147 (discriminator 1)
 20005c8:	fd068613          	addi	a2,a3,-48
 20005cc:	0ff67593          	zext.b	a1,a2
 20005d0:	02bc7863          	bgeu	s8,a1,2000600 <print+0xa8>
F:\ALL_PROJECT\GMD_workspace\picorv32_demo\Debug/../src/lib/printf.c:151
			if( *format == 's' ) {
 20005d4:	05568a63          	beq	a3,s5,2000628 <print+0xd0>
 20005d8:	02dae963          	bltu	s5,a3,200060a <print+0xb2>
 20005dc:	06300613          	li	a2,99
 20005e0:	08c68963          	beq	a3,a2,2000672 <print+0x11a>
 20005e4:	06400613          	li	a2,100
 20005e8:	04c68e63          	beq	a3,a2,2000644 <print+0xec>
 20005ec:	05800613          	li	a2,88
 20005f0:	06c68663          	beq	a3,a2,200065c <print+0x104>
F:\ALL_PROJECT\GMD_workspace\picorv32_demo\Debug/../src/lib/printf.c:133
	for (; *format != 0; ++format) {
 20005f4:	0485                	addi	s1,s1,1
 20005f6:	b751                	j	200057a <print+0x22>
F:\ALL_PROJECT\GMD_workspace\picorv32_demo\Debug/../src/lib/printf.c:145
				pad |= PAD_ZERO;
 20005f8:	0027e793          	ori	a5,a5,2
F:\ALL_PROJECT\GMD_workspace\picorv32_demo\Debug/../src/lib/printf.c:144
				++format;
 20005fc:	84b6                	mv	s1,a3
 20005fe:	bf55                	j	20005b2 <print+0x5a>
F:\ALL_PROJECT\GMD_workspace\picorv32_demo\Debug/../src/lib/printf.c:148
				width *= 10;
 2000600:	03970733          	mul	a4,a4,s9
F:\ALL_PROJECT\GMD_workspace\picorv32_demo\Debug/../src/lib/printf.c:147 (discriminator 2)
			for ( ; *format >= '0' && *format <= '9'; ++format) {
 2000604:	84aa                	mv	s1,a0
F:\ALL_PROJECT\GMD_workspace\picorv32_demo\Debug/../src/lib/printf.c:149
				width += *format - '0';
 2000606:	9732                	add	a4,a4,a2
F:\ALL_PROJECT\GMD_workspace\picorv32_demo\Debug/../src/lib/printf.c:147 (discriminator 2)
			for ( ; *format >= '0' && *format <= '9'; ++format) {
 2000608:	bf65                	j	20005c0 <print+0x68>
 200060a:	07500613          	li	a2,117
 200060e:	04c68c63          	beq	a3,a2,2000666 <print+0x10e>
 2000612:	07800613          	li	a2,120
 2000616:	fcc69fe3          	bne	a3,a2,20005f4 <print+0x9c>
F:\ALL_PROJECT\GMD_workspace\picorv32_demo\Debug/../src/lib/printf.c:161
				pc += printi (out, va_arg( args, int ), 16, 0, width, pad, 'a');
 200061a:	00440d13          	addi	s10,s0,4
F:\ALL_PROJECT\GMD_workspace\picorv32_demo\Debug/../src/lib/printf.c:161 (discriminator 1)
 200061e:	06100813          	li	a6,97
F:\ALL_PROJECT\GMD_workspace\picorv32_demo\Debug/../src/lib/printf.c:165 (discriminator 1)
				pc += printi (out, va_arg( args, int ), 16, 0, width, pad, 'A');
 2000622:	4681                	li	a3,0
 2000624:	4641                	li	a2,16
 2000626:	a02d                	j	2000650 <print+0xf8>
F:\ALL_PROJECT\GMD_workspace\picorv32_demo\Debug/../src/lib/printf.c:152
				register char *s = (char *)((long)va_arg( args, int ));
 2000628:	4014                	lw	a3,0(s0)
 200062a:	00440d13          	addi	s10,s0,4
F:\ALL_PROJECT\GMD_workspace\picorv32_demo\Debug/../src/lib/printf.c:153 (discriminator 2)
				pc += prints (out, s?s:"(null)", width, pad);
 200062e:	00001597          	auipc	a1,0x1
 2000632:	5ea58593          	addi	a1,a1,1514 # 2001c18 <strlen+0x750>
F:\ALL_PROJECT\GMD_workspace\picorv32_demo\Debug/../src/lib/printf.c:153
 2000636:	c291                	beqz	a3,200063a <print+0xe2>
F:\ALL_PROJECT\GMD_workspace\picorv32_demo\Debug/../src/lib/printf.c:152 (discriminator 1)
				register char *s = (char *)((long)va_arg( args, int ));
 2000638:	85b6                	mv	a1,a3
F:\ALL_PROJECT\GMD_workspace\picorv32_demo\Debug/../src/lib/printf.c:153 (discriminator 4)
				pc += prints (out, s?s:"(null)", width, pad);
 200063a:	86be                	mv	a3,a5
 200063c:	863a                	mv	a2,a4
F:\ALL_PROJECT\GMD_workspace\picorv32_demo\Debug/../src/lib/printf.c:176
				pc += prints (out, scr, width, pad);
 200063e:	854e                	mv	a0,s3
 2000640:	3bd5                	jal	2000434 <prints>
 2000642:	a811                	j	2000656 <print+0xfe>
F:\ALL_PROJECT\GMD_workspace\picorv32_demo\Debug/../src/lib/printf.c:157
				pc += printi (out, va_arg( args, int ), 10, 1, width, pad, 'a');
 2000644:	00440d13          	addi	s10,s0,4
F:\ALL_PROJECT\GMD_workspace\picorv32_demo\Debug/../src/lib/printf.c:157 (discriminator 1)
 2000648:	06100813          	li	a6,97
 200064c:	4685                	li	a3,1
 200064e:	4629                	li	a2,10
 2000650:	400c                	lw	a1,0(s0)
 2000652:	854e                	mv	a0,s3
 2000654:	359d                	jal	20004ba <printi>
F:\ALL_PROJECT\GMD_workspace\picorv32_demo\Debug/../src/lib/printf.c:157 (discriminator 2)
 2000656:	992a                	add	s2,s2,a0
F:\ALL_PROJECT\GMD_workspace\picorv32_demo\Debug/../src/lib/printf.c:157
 2000658:	846a                	mv	s0,s10
F:\ALL_PROJECT\GMD_workspace\picorv32_demo\Debug/../src/lib/printf.c:158
				continue;
 200065a:	bf69                	j	20005f4 <print+0x9c>
F:\ALL_PROJECT\GMD_workspace\picorv32_demo\Debug/../src/lib/printf.c:165
				pc += printi (out, va_arg( args, int ), 16, 0, width, pad, 'A');
 200065c:	00440d13          	addi	s10,s0,4
F:\ALL_PROJECT\GMD_workspace\picorv32_demo\Debug/../src/lib/printf.c:165 (discriminator 1)
 2000660:	04100813          	li	a6,65
 2000664:	bf7d                	j	2000622 <print+0xca>
F:\ALL_PROJECT\GMD_workspace\picorv32_demo\Debug/../src/lib/printf.c:169
				pc += printi (out, va_arg( args, int ), 10, 0, width, pad, 'a');
 2000666:	00440d13          	addi	s10,s0,4
F:\ALL_PROJECT\GMD_workspace\picorv32_demo\Debug/../src/lib/printf.c:169 (discriminator 1)
 200066a:	06100813          	li	a6,97
 200066e:	4681                	li	a3,0
 2000670:	bff9                	j	200064e <print+0xf6>
F:\ALL_PROJECT\GMD_workspace\picorv32_demo\Debug/../src/lib/printf.c:174 (discriminator 1)
				scr[0] = (char)va_arg( args, int );
 2000672:	4014                	lw	a3,0(s0)
F:\ALL_PROJECT\GMD_workspace\picorv32_demo\Debug/../src/lib/printf.c:174
 2000674:	00440d13          	addi	s10,s0,4
F:\ALL_PROJECT\GMD_workspace\picorv32_demo\Debug/../src/lib/printf.c:175
				scr[1] = '\0';
 2000678:	000106a3          	sb	zero,13(sp)
F:\ALL_PROJECT\GMD_workspace\picorv32_demo\Debug/../src/lib/printf.c:174 (discriminator 1)
				scr[0] = (char)va_arg( args, int );
 200067c:	00d10623          	sb	a3,12(sp)
F:\ALL_PROJECT\GMD_workspace\picorv32_demo\Debug/../src/lib/printf.c:176
				pc += prints (out, scr, width, pad);
 2000680:	863a                	mv	a2,a4
 2000682:	86be                	mv	a3,a5
 2000684:	006c                	addi	a1,sp,12
 2000686:	bf65                	j	200063e <print+0xe6>
F:\ALL_PROJECT\GMD_workspace\picorv32_demo\Debug/../src/lib/printf.c:135
			++format;
 2000688:	84ba                	mv	s1,a4
F:\ALL_PROJECT\GMD_workspace\picorv32_demo\Debug/../src/lib/printf.c:182
			printchar (out, *format);
 200068a:	854e                	mv	a0,s3
 200068c:	3b49                	jal	200041e <printchar>
F:\ALL_PROJECT\GMD_workspace\picorv32_demo\Debug/../src/lib/printf.c:183
			++pc;
 200068e:	0905                	addi	s2,s2,1
 2000690:	b795                	j	20005f4 <print+0x9c>

02000692 <printf>:
printf():
F:\ALL_PROJECT\GMD_workspace\picorv32_demo\Debug/../src/lib/printf.c:192

int  __attribute__((optimize("Os"))) printf(const char *format, ...)
{
 2000692:	7139                	addi	sp,sp,-64
 2000694:	d22e                	sw	a1,36(sp)
 2000696:	d432                	sw	a2,40(sp)
F:\ALL_PROJECT\GMD_workspace\picorv32_demo\Debug/../src/lib/printf.c:196
        va_list args;

        va_start( args, format );
        return print( 0, format, args );
 2000698:	85aa                	mv	a1,a0
F:\ALL_PROJECT\GMD_workspace\picorv32_demo\Debug/../src/lib/printf.c:195
        va_start( args, format );
 200069a:	1050                	addi	a2,sp,36
F:\ALL_PROJECT\GMD_workspace\picorv32_demo\Debug/../src/lib/printf.c:196
        return print( 0, format, args );
 200069c:	4501                	li	a0,0
F:\ALL_PROJECT\GMD_workspace\picorv32_demo\Debug/../src/lib/printf.c:192
{
 200069e:	ce06                	sw	ra,28(sp)
 20006a0:	d636                	sw	a3,44(sp)
 20006a2:	d83a                	sw	a4,48(sp)
 20006a4:	da3e                	sw	a5,52(sp)
 20006a6:	dc42                	sw	a6,56(sp)
 20006a8:	de46                	sw	a7,60(sp)
F:\ALL_PROJECT\GMD_workspace\picorv32_demo\Debug/../src/lib/printf.c:195
        va_start( args, format );
 20006aa:	c632                	sw	a2,12(sp)
F:\ALL_PROJECT\GMD_workspace\picorv32_demo\Debug/../src/lib/printf.c:196
        return print( 0, format, args );
 20006ac:	3575                	jal	2000558 <print>
F:\ALL_PROJECT\GMD_workspace\picorv32_demo\Debug/../src/lib/printf.c:197
}
 20006ae:	40f2                	lw	ra,28(sp)
 20006b0:	6121                	addi	sp,sp,64
 20006b2:	8082                	ret

020006b4 <GPIO_Init>:
GPIO_Init():
F:\ALL_PROJECT\GMD_workspace\picorv32_demo\Debug/../src/bsp/wbgpio.c:17


/* Definitions --------------------------------------------------------------------- */

void GPIO_Init(WBGPIO_RegDef* GPIOx)
{
 20006b4:	1101                	addi	sp,sp,-32
 20006b6:	ce06                	sw	ra,28(sp)
 20006b8:	cc22                	sw	s0,24(sp)
 20006ba:	1000                	addi	s0,sp,32
 20006bc:	fea42623          	sw	a0,-20(s0)
F:\ALL_PROJECT\GMD_workspace\picorv32_demo\Debug/../src/bsp/wbgpio.c:18
	GPIOx->CFG = 0;
 20006c0:	fec42783          	lw	a5,-20(s0)
 20006c4:	0007a023          	sw	zero,0(a5)
F:\ALL_PROJECT\GMD_workspace\picorv32_demo\Debug/../src/bsp/wbgpio.c:19
	GPIOx->IE = 0;
 20006c8:	fec42783          	lw	a5,-20(s0)
 20006cc:	0007a223          	sw	zero,4(a5)
F:\ALL_PROJECT\GMD_workspace\picorv32_demo\Debug/../src/bsp/wbgpio.c:20
	GPIOx->DIR = 0;
 20006d0:	fec42783          	lw	a5,-20(s0)
 20006d4:	0007a823          	sw	zero,16(a5)
F:\ALL_PROJECT\GMD_workspace\picorv32_demo\Debug/../src/bsp/wbgpio.c:21
	GPIOx->IN = 0;
 20006d8:	fec42783          	lw	a5,-20(s0)
 20006dc:	0007aa23          	sw	zero,20(a5)
F:\ALL_PROJECT\GMD_workspace\picorv32_demo\Debug/../src/bsp/wbgpio.c:22
	GPIOx->OUT = 0;
 20006e0:	fec42783          	lw	a5,-20(s0)
 20006e4:	0007ac23          	sw	zero,24(a5)
F:\ALL_PROJECT\GMD_workspace\picorv32_demo\Debug/../src/bsp/wbgpio.c:23
}
 20006e8:	0001                	nop
 20006ea:	40f2                	lw	ra,28(sp)
 20006ec:	4462                	lw	s0,24(sp)
 20006ee:	6105                	addi	sp,sp,32
 20006f0:	8082                	ret

020006f2 <GPIO_SetDir>:
GPIO_SetDir():
F:\ALL_PROJECT\GMD_workspace\picorv32_demo\Debug/../src/bsp/wbgpio.c:31
{
	return GPIOx->DIR;
}

void GPIO_SetDir(WBGPIO_RegDef* GPIOx, uint32_t dir)
{
 20006f2:	1101                	addi	sp,sp,-32
 20006f4:	ce06                	sw	ra,28(sp)
 20006f6:	cc22                	sw	s0,24(sp)
 20006f8:	1000                	addi	s0,sp,32
 20006fa:	fea42623          	sw	a0,-20(s0)
 20006fe:	feb42423          	sw	a1,-24(s0)
F:\ALL_PROJECT\GMD_workspace\picorv32_demo\Debug/../src/bsp/wbgpio.c:32
	GPIOx->DIR = dir;
 2000702:	fec42783          	lw	a5,-20(s0)
 2000706:	fe842703          	lw	a4,-24(s0)
 200070a:	cb98                	sw	a4,16(a5)
F:\ALL_PROJECT\GMD_workspace\picorv32_demo\Debug/../src/bsp/wbgpio.c:33
}
 200070c:	0001                	nop
 200070e:	40f2                	lw	ra,28(sp)
 2000710:	4462                	lw	s0,24(sp)
 2000712:	6105                	addi	sp,sp,32
 2000714:	8082                	ret

02000716 <GPIO_WriteData>:
GPIO_WriteData():
F:\ALL_PROJECT\GMD_workspace\picorv32_demo\Debug/../src/bsp/wbgpio.c:52
	tmp = tmp & (~(1UL << bit));
	GPIOx->DIR = tmp;
}

void GPIO_WriteData(WBGPIO_RegDef* GPIOx, uint32_t data)
{
 2000716:	1101                	addi	sp,sp,-32
 2000718:	ce06                	sw	ra,28(sp)
 200071a:	cc22                	sw	s0,24(sp)
 200071c:	1000                	addi	s0,sp,32
 200071e:	fea42623          	sw	a0,-20(s0)
 2000722:	feb42423          	sw	a1,-24(s0)
F:\ALL_PROJECT\GMD_workspace\picorv32_demo\Debug/../src/bsp/wbgpio.c:53
	GPIOx->OUT = data;
 2000726:	fec42783          	lw	a5,-20(s0)
 200072a:	fe842703          	lw	a4,-24(s0)
 200072e:	cf98                	sw	a4,24(a5)
F:\ALL_PROJECT\GMD_workspace\picorv32_demo\Debug/../src/bsp/wbgpio.c:54
}
 2000730:	0001                	nop
 2000732:	40f2                	lw	ra,28(sp)
 2000734:	4462                	lw	s0,24(sp)
 2000736:	6105                	addi	sp,sp,32
 2000738:	8082                	ret

0200073a <spi_get_fifo_depth>:
spi_get_fifo_depth():
F:\ALL_PROJECT\GMD_workspace\picorv32_demo\Debug/../src/bsp/wbspiflash.c:155
	PICO_WBSPI_FLASH->CTRL |= (0x1 << 1);    //Reset RX FIFO
	while((PICO_WBSPI_FLASH->CTRL & 0x1)) ;  //Wait RX FIFO reset complete
}

uint8_t spi_get_fifo_depth(uint8_t fifo_depth_config)
{
 200073a:	872a                	mv	a4,a0
F:\ALL_PROJECT\GMD_workspace\picorv32_demo\Debug/../src/bsp/wbspiflash.c:158
	uint8_t fifo_depth = 1;

	for(int i = 0; i < fifo_depth_config+1; i++)
 200073c:	4681                	li	a3,0
F:\ALL_PROJECT\GMD_workspace\picorv32_demo\Debug/../src/bsp/wbspiflash.c:156
	uint8_t fifo_depth = 1;
 200073e:	4505                	li	a0,1
F:\ALL_PROJECT\GMD_workspace\picorv32_demo\Debug/../src/bsp/wbspiflash.c:160
	{
		fifo_depth *= 2;
 2000740:	00151793          	slli	a5,a0,0x1
F:\ALL_PROJECT\GMD_workspace\picorv32_demo\Debug/../src/bsp/wbspiflash.c:158 (discriminator 3)
	for(int i = 0; i < fifo_depth_config+1; i++)
 2000744:	0685                	addi	a3,a3,1
F:\ALL_PROJECT\GMD_workspace\picorv32_demo\Debug/../src/bsp/wbspiflash.c:160
		fifo_depth *= 2;
 2000746:	0ff7f513          	zext.b	a0,a5
F:\ALL_PROJECT\GMD_workspace\picorv32_demo\Debug/../src/bsp/wbspiflash.c:158 (discriminator 1)
	for(int i = 0; i < fifo_depth_config+1; i++)
 200074a:	fed75be3          	bge	a4,a3,2000740 <spi_get_fifo_depth+0x6>
F:\ALL_PROJECT\GMD_workspace\picorv32_demo\Debug/../src/bsp/wbspiflash.c:164
	}

	return fifo_depth;
}
 200074e:	8082                	ret

02000750 <spi_flash_init>:
spi_flash_init():
F:\ALL_PROJECT\GMD_workspace\picorv32_demo\Debug/../src/bsp/wbspiflash.c:207

	return;
}

void spi_flash_init(void)
{
 2000750:	aa1ff2ef          	jal	t0,20001f0 <__riscv_save_0>
F:\ALL_PROJECT\GMD_workspace\picorv32_demo\Debug/../src/bsp/wbspiflash.c:210
	uint32_t buff;

	PICO_WBSPI_FLASH->CTRL |= 0x01;         //Reset SPI
 2000754:	110047b7          	lui	a5,0x11004
 2000758:	5b98                	lw	a4,48(a5)
 200075a:	00176713          	ori	a4,a4,1
 200075e:	db98                	sw	a4,48(a5)
F:\ALL_PROJECT\GMD_workspace\picorv32_demo\Debug/../src/bsp/wbspiflash.c:211 (discriminator 1)
	while((PICO_WBSPI_FLASH->CTRL & 0x01)); //Wait until SPI reset complete
 2000760:	5b98                	lw	a4,48(a5)
 2000762:	8b05                	andi	a4,a4,1
 2000764:	ff75                	bnez	a4,2000760 <spi_flash_init+0x10>
F:\ALL_PROJECT\GMD_workspace\picorv32_demo\Debug/../src/bsp/wbspiflash.c:213

	buff = PICO_WBSPI_FLASH->CONFIG;
 2000766:	07c7a903          	lw	s2,124(a5) # 1100407c <_cp_data_end+0xc022a8>
F:\ALL_PROJECT\GMD_workspace\picorv32_demo\Debug/../src/bsp/wbspiflash.c:214
	uint8_t tx_fifo_depth_config = (buff & 0x3f) >> 4;
 200076a:	00495513          	srli	a0,s2,0x4
F:\ALL_PROJECT\GMD_workspace\picorv32_demo\Debug/../src/bsp/wbspiflash.c:215
	uint8_t tx_fifo_depth = spi_get_fifo_depth(tx_fifo_depth_config);
 200076e:	890d                	andi	a0,a0,3
 2000770:	37e9                	jal	200073a <spi_get_fifo_depth>
 2000772:	84aa                	mv	s1,a0
F:\ALL_PROJECT\GMD_workspace\picorv32_demo\Debug/../src/bsp/wbspiflash.c:217
	uint8_t rx_fifo_depth_config = (buff & 0x03);
	uint8_t rx_fifo_depth = spi_get_fifo_depth(rx_fifo_depth_config);
 2000774:	00397513          	andi	a0,s2,3
 2000778:	37c9                	jal	200073a <spi_get_fifo_depth>
 200077a:	87aa                	mv	a5,a0
F:\ALL_PROJECT\GMD_workspace\picorv32_demo\Debug/../src/bsp/wbspiflash.c:219 (discriminator 1)

	while((PICO_WBSPI_FLASH->STATUS & 0x01)); //Wait until SPI active finish
 200077c:	11004737          	lui	a4,0x11004
 2000780:	5b54                	lw	a3,52(a4)
 2000782:	8a85                	andi	a3,a3,1
 2000784:	fef5                	bnez	a3,2000780 <spi_flash_init+0x30>
F:\ALL_PROJECT\GMD_workspace\picorv32_demo\Debug/../src/bsp/wbspiflash.c:225

	buff = (2 << 16) +(7 << 8) + (0 << 7);

	//AddrLen = 3; DataLen = 8 DataMerge = 0
	//Other fields reset to 0 while spi_default_modes connected to 0
	PICO_WBSPI_FLASH->TRANSFMT = buff;
 2000786:	000206b7          	lui	a3,0x20
 200078a:	70068693          	addi	a3,a3,1792 # 20700 <_lma_data_end+0x1e92c>
 200078e:	cb14                	sw	a3,16(a4)
F:\ALL_PROJECT\GMD_workspace\picorv32_demo\Debug/../src/bsp/wbspiflash.c:227

	PICO_WBSPI_FLASH->CTRL |= (0x1 << 2);    				//Reset TX FIFO
 2000790:	5b14                	lw	a3,48(a4)
 2000792:	0046e693          	ori	a3,a3,4
 2000796:	db14                	sw	a3,48(a4)
F:\ALL_PROJECT\GMD_workspace\picorv32_demo\Debug/../src/bsp/wbspiflash.c:228 (discriminator 1)
	while((PICO_WBSPI_FLASH->CTRL & 0x2)) ;  				//Wait TX FIFO reset complete
 2000798:	110046b7          	lui	a3,0x11004
 200079c:	5a98                	lw	a4,48(a3)
 200079e:	8b09                	andi	a4,a4,2
 20007a0:	ff75                	bnez	a4,200079c <spi_flash_init+0x4c>
F:\ALL_PROJECT\GMD_workspace\picorv32_demo\Debug/../src/bsp/wbspiflash.c:229
	PICO_WBSPI_FLASH->CTRL  |= ((tx_fifo_depth/2) << 16);  	//Set TX threshold as half of TX FIFO depth
 20007a2:	110046b7          	lui	a3,0x11004
 20007a6:	5a98                	lw	a4,48(a3)
 20007a8:	8085                	srli	s1,s1,0x1
 20007aa:	0ff4f493          	zext.b	s1,s1
 20007ae:	04c2                	slli	s1,s1,0x10
 20007b0:	8cd9                	or	s1,s1,a4
 20007b2:	da84                	sw	s1,48(a3)
F:\ALL_PROJECT\GMD_workspace\picorv32_demo\Debug/../src/bsp/wbspiflash.c:231

	PICO_WBSPI_FLASH->CTRL |= (0x1 << 1);    				//Reset RX FIFO
 20007b4:	5a98                	lw	a4,48(a3)
 20007b6:	00276713          	ori	a4,a4,2
 20007ba:	da98                	sw	a4,48(a3)
F:\ALL_PROJECT\GMD_workspace\picorv32_demo\Debug/../src/bsp/wbspiflash.c:232 (discriminator 1)
	while((PICO_WBSPI_FLASH->CTRL & 0x1)) ;  				//Wait RX FIFO reset complete
 20007bc:	5a98                	lw	a4,48(a3)
 20007be:	8b05                	andi	a4,a4,1
 20007c0:	ff75                	bnez	a4,20007bc <spi_flash_init+0x6c>
F:\ALL_PROJECT\GMD_workspace\picorv32_demo\Debug/../src/bsp/wbspiflash.c:233
	PICO_WBSPI_FLASH->CTRL  |= ((rx_fifo_depth/2) << 8);  	//Set RX threshold as half of RX FIFO depth
 20007c2:	11004737          	lui	a4,0x11004
 20007c6:	5b10                	lw	a2,48(a4)
 20007c8:	8385                	srli	a5,a5,0x1
 20007ca:	0ff7f793          	zext.b	a5,a5
 20007ce:	07a2                	slli	a5,a5,0x8
 20007d0:	8fd1                	or	a5,a5,a2
 20007d2:	db1c                	sw	a5,48(a4)
F:\ALL_PROJECT\GMD_workspace\picorv32_demo\Debug/../src/bsp/wbspiflash.c:235

	PICO_WBSPI_FLASH->INTREN &= 0x00000000;    				//Close all the interrupt
 20007d4:	5f1c                	lw	a5,56(a4)
 20007d6:	0206ac23          	sw	zero,56(a3) # 11004038 <_cp_data_end+0xc02264>
F:\ALL_PROJECT\GMD_workspace\picorv32_demo\Debug/../src/bsp/wbspiflash.c:236
	PICO_WBSPI_FLASH->TIMING &= (~(0xff));
 20007da:	433c                	lw	a5,64(a4)
 20007dc:	f007f793          	andi	a5,a5,-256
 20007e0:	c33c                	sw	a5,64(a4)
F:\ALL_PROJECT\GMD_workspace\picorv32_demo\Debug/../src/bsp/wbspiflash.c:237
	PICO_WBSPI_FLASH->TIMING |= (0x3);     					//Set the SPI Interface Timing Register (0x40)
 20007e2:	433c                	lw	a5,64(a4)
 20007e4:	0037e793          	ori	a5,a5,3
 20007e8:	c33c                	sw	a5,64(a4)
F:\ALL_PROJECT\GMD_workspace\picorv32_demo\Debug/../src/bsp/wbspiflash.c:242
	                                   	   	   	   	   	   	//to set SCLK_DIV to 4, which divide the spi_clk into
	                                   	   	   	   	   	   	//((4+1)*2) = 10 as SCLK

	return;
}
 20007ea:	b42d                	j	2000214 <__riscv_restore_0>

020007ec <spi_flash_read>:
spi_flash_read():
F:\ALL_PROJECT\GMD_workspace\picorv32_demo\Debug/../src/bsp/wbspiflash.c:250
void spi_flash_read(uint8_t rd_len, uint32_t cmd, uint32_t address,uint8_t *read_buffer)
{
	PICO_WBSPI_FLASH->TRANSCTRL = (1 << 30) +     	 //Enable command
								  (1 << 29) +        //Open the address
								  (2 << 24) +        //Transmit mode = 2 (read only)
								  (0 << 22) +        //Dual mode 0 regular mode
 20007ec:	620007b7          	lui	a5,0x62000
 20007f0:	17fd                	addi	a5,a5,-1 # 61ffffff <_cp_data_end+0x51bfe22b>
F:\ALL_PROJECT\GMD_workspace\picorv32_demo\Debug/../src/bsp/wbspiflash.c:247
	PICO_WBSPI_FLASH->TRANSCTRL = (1 << 30) +     	 //Enable command
 20007f2:	11004737          	lui	a4,0x11004
F:\ALL_PROJECT\GMD_workspace\picorv32_demo\Debug/../src/bsp/wbspiflash.c:250
								  (0 << 22) +        //Dual mode 0 regular mode
 20007f6:	97aa                	add	a5,a5,a0
F:\ALL_PROJECT\GMD_workspace\picorv32_demo\Debug/../src/bsp/wbspiflash.c:247
	PICO_WBSPI_FLASH->TRANSCTRL = (1 << 30) +     	 //Enable command
 20007f8:	d31c                	sw	a5,32(a4)
F:\ALL_PROJECT\GMD_workspace\picorv32_demo\Debug/../src/bsp/wbspiflash.c:253
								  ((rd_len-1) << 0); //Set read transmit byte count

	PICO_WBSPI_FLASH->ADDR = address;
 20007fa:	d710                	sw	a2,40(a4)
F:\ALL_PROJECT\GMD_workspace\picorv32_demo\Debug/../src/bsp/wbspiflash.c:254
	PICO_WBSPI_FLASH->CMD  = cmd;
 20007fc:	d34c                	sw	a1,36(a4)
F:\ALL_PROJECT\GMD_workspace\picorv32_demo\Debug/../src/bsp/wbspiflash.c:256 (discriminator 1)

	for(uint8_t i = 0; i < rd_len; i++)
 20007fe:	cd11                	beqz	a0,200081a <spi_flash_read+0x2e>
 2000800:	00a685b3          	add	a1,a3,a0
F:\ALL_PROJECT\GMD_workspace\picorv32_demo\Debug/../src/bsp/wbspiflash.c:258
	{
		*read_buffer = PICO_WBSPI_FLASH->DATA;
 2000804:	575c                	lw	a5,44(a4)
F:\ALL_PROJECT\GMD_workspace\picorv32_demo\Debug/../src/bsp/wbspiflash.c:259
		read_buffer++;
 2000806:	0685                	addi	a3,a3,1
F:\ALL_PROJECT\GMD_workspace\picorv32_demo\Debug/../src/bsp/wbspiflash.c:258
		*read_buffer = PICO_WBSPI_FLASH->DATA;
 2000808:	fef68fa3          	sb	a5,-1(a3)
F:\ALL_PROJECT\GMD_workspace\picorv32_demo\Debug/../src/bsp/wbspiflash.c:260 (discriminator 1)
		while(PICO_WBSPI_FLASH ->STATUS & (0x1 <<15));
 200080c:	5b5c                	lw	a5,52(a4)
 200080e:	01079613          	slli	a2,a5,0x10
 2000812:	fe064de3          	bltz	a2,200080c <spi_flash_read+0x20>
F:\ALL_PROJECT\GMD_workspace\picorv32_demo\Debug/../src/bsp/wbspiflash.c:256 (discriminator 1)
	for(uint8_t i = 0; i < rd_len; i++)
 2000816:	fed597e3          	bne	a1,a3,2000804 <spi_flash_read+0x18>
F:\ALL_PROJECT\GMD_workspace\picorv32_demo\Debug/../src/bsp/wbspiflash.c:263 (discriminator 1)
	}

	while((PICO_WBSPI_FLASH->STATUS & 0x01)); 		//Wait until SPI controller active finish
 200081a:	11004737          	lui	a4,0x11004
 200081e:	5b5c                	lw	a5,52(a4)
 2000820:	8b85                	andi	a5,a5,1
 2000822:	fff5                	bnez	a5,200081e <spi_flash_read+0x32>
F:\ALL_PROJECT\GMD_workspace\picorv32_demo\Debug/../src/bsp/wbspiflash.c:264
}
 2000824:	8082                	ret

02000826 <spi_flash_write_cmd>:
spi_flash_write_cmd():
F:\ALL_PROJECT\GMD_workspace\picorv32_demo\Debug/../src/bsp/wbspiflash.c:314
}

//Write command to SPI flash
//According to different SPI flash
void spi_flash_write_cmd(uint32_t cmd)
{
 2000826:	9cbff2ef          	jal	t0,20001f0 <__riscv_save_0>
F:\ALL_PROJECT\GMD_workspace\picorv32_demo\Debug/../src/bsp/wbspiflash.c:315
	PICO_WBSPI_FLASH->TRANSCTRL = (0 << 30) +   //Disable command
 200082a:	110047b7          	lui	a5,0x11004
 200082e:	01000737          	lui	a4,0x1000
 2000832:	d398                	sw	a4,32(a5)
F:\ALL_PROJECT\GMD_workspace\picorv32_demo\Debug/../src/bsp/wbspiflash.c:320
			                	  (1 << 24) + 	//Transmit mode = 1 (write only)
								  (0 << 22) +	//Regular mode
								  (0 << 12); 	//Set transmit byte count is 1

	PICO_WBSPI_FLASH->CMD  = 0x01;	//Start to transfer
 2000834:	4705                	li	a4,1
 2000836:	d3d8                	sw	a4,36(a5)
F:\ALL_PROJECT\GMD_workspace\picorv32_demo\Debug/../src/bsp/wbspiflash.c:321
	if(cmd == CHIP_ERASE)
 2000838:	06000793          	li	a5,96
F:\ALL_PROJECT\GMD_workspace\picorv32_demo\Debug/../src/bsp/wbspiflash.c:314
{
 200083c:	84aa                	mv	s1,a0
F:\ALL_PROJECT\GMD_workspace\picorv32_demo\Debug/../src/bsp/wbspiflash.c:321
	if(cmd == CHIP_ERASE)
 200083e:	02f50063          	beq	a0,a5,200085e <spi_flash_write_cmd+0x38>
F:\ALL_PROJECT\GMD_workspace\picorv32_demo\Debug/../src/bsp/wbspiflash.c:327
	{
		spi_flash_write_cmd(WRITE_ENABLE);
		spi_flash_read_status();
	}

	PICO_WBSPI_FLASH->DATA = cmd;
 2000842:	11004737          	lui	a4,0x11004
 2000846:	d744                	sw	s1,44(a4)
F:\ALL_PROJECT\GMD_workspace\picorv32_demo\Debug/../src/bsp/wbspiflash.c:330 (discriminator 1)

	//Check the status of TX FIFO
	while(PICO_WBSPI_FLASH ->STATUS & (0x1 <<23));
 2000848:	5b5c                	lw	a5,52(a4)
 200084a:	00879693          	slli	a3,a5,0x8
 200084e:	fe06cde3          	bltz	a3,2000848 <spi_flash_write_cmd+0x22>
F:\ALL_PROJECT\GMD_workspace\picorv32_demo\Debug/../src/bsp/wbspiflash.c:333 (discriminator 1)

	//Check the status of transfer
	while((PICO_WBSPI_FLASH->STATUS & 0x01));
 2000852:	11004737          	lui	a4,0x11004
 2000856:	5b5c                	lw	a5,52(a4)
 2000858:	8b85                	andi	a5,a5,1
 200085a:	fff5                	bnez	a5,2000856 <spi_flash_write_cmd+0x30>
F:\ALL_PROJECT\GMD_workspace\picorv32_demo\Debug/../src/bsp/wbspiflash.c:334
}
 200085c:	ba65                	j	2000214 <__riscv_restore_0>
F:\ALL_PROJECT\GMD_workspace\picorv32_demo\Debug/../src/bsp/wbspiflash.c:323
		spi_flash_write_cmd(WRITE_ENABLE);
 200085e:	4519                	li	a0,6
 2000860:	37d9                	jal	2000826 <spi_flash_write_cmd>
F:\ALL_PROJECT\GMD_workspace\picorv32_demo\Debug/../src/bsp/wbspiflash.c:324
		spi_flash_read_status();
 2000862:	28f9                	jal	2000940 <spi_flash_read_status>
 2000864:	bff9                	j	2000842 <spi_flash_write_cmd+0x1c>

02000866 <spi_flash_page_program>:
spi_flash_page_program():
F:\ALL_PROJECT\GMD_workspace\picorv32_demo\Debug/../src/bsp/wbspiflash.c:338

//Page program
void spi_flash_page_program(uint8_t wr_len,uint32_t address,uint8_t *write_buffer)
{
 2000866:	1141                	addi	sp,sp,-16
 2000868:	c24a                	sw	s2,4(sp)
 200086a:	892a                	mv	s2,a0
F:\ALL_PROJECT\GMD_workspace\picorv32_demo\Debug/../src/bsp/wbspiflash.c:339
	spi_flash_write_cmd(WRITE_ENABLE);
 200086c:	4519                	li	a0,6
F:\ALL_PROJECT\GMD_workspace\picorv32_demo\Debug/../src/bsp/wbspiflash.c:338
{
 200086e:	c606                	sw	ra,12(sp)
 2000870:	c426                	sw	s1,8(sp)
 2000872:	c04e                	sw	s3,0(sp)
 2000874:	84b2                	mv	s1,a2
 2000876:	89ae                	mv	s3,a1
F:\ALL_PROJECT\GMD_workspace\picorv32_demo\Debug/../src/bsp/wbspiflash.c:339
	spi_flash_write_cmd(WRITE_ENABLE);
 2000878:	377d                	jal	2000826 <spi_flash_write_cmd>
F:\ALL_PROJECT\GMD_workspace\picorv32_demo\Debug/../src/bsp/wbspiflash.c:340
	spi_flash_read_status();
 200087a:	20d9                	jal	2000940 <spi_flash_read_status>
F:\ALL_PROJECT\GMD_workspace\picorv32_demo\Debug/../src/bsp/wbspiflash.c:346

	PICO_WBSPI_FLASH->TRANSCTRL = (1 << 30) + 			//Enable command
								  (1 << 29) + 			//Enable address
								  (1 << 24) +        	//Transmit mode = 1 (write only)
								  (0 << 22) +         	//Dual mode
								  ((wr_len-1) << 12); 	//Set read transmit byte count
 200087c:	fff90793          	addi	a5,s2,-1
F:\ALL_PROJECT\GMD_workspace\picorv32_demo\Debug/../src/bsp/wbspiflash.c:345
								  (0 << 22) +         	//Dual mode
 2000880:	61000737          	lui	a4,0x61000
F:\ALL_PROJECT\GMD_workspace\picorv32_demo\Debug/../src/bsp/wbspiflash.c:346
								  ((wr_len-1) << 12); 	//Set read transmit byte count
 2000884:	07b2                	slli	a5,a5,0xc
F:\ALL_PROJECT\GMD_workspace\picorv32_demo\Debug/../src/bsp/wbspiflash.c:345
								  (0 << 22) +         	//Dual mode
 2000886:	97ba                	add	a5,a5,a4
F:\ALL_PROJECT\GMD_workspace\picorv32_demo\Debug/../src/bsp/wbspiflash.c:342
	PICO_WBSPI_FLASH->TRANSCTRL = (1 << 30) + 			//Enable command
 2000888:	11004737          	lui	a4,0x11004
 200088c:	d31c                	sw	a5,32(a4)
F:\ALL_PROJECT\GMD_workspace\picorv32_demo\Debug/../src/bsp/wbspiflash.c:348

	PICO_WBSPI_FLASH->ADDR = address;
 200088e:	03372423          	sw	s3,40(a4) # 11004028 <_cp_data_end+0xc02254>
F:\ALL_PROJECT\GMD_workspace\picorv32_demo\Debug/../src/bsp/wbspiflash.c:349
	PICO_WBSPI_FLASH->CMD  = 0x02;	//Page program command
 2000892:	4789                	li	a5,2
 2000894:	d35c                	sw	a5,36(a4)
F:\ALL_PROJECT\GMD_workspace\picorv32_demo\Debug/../src/bsp/wbspiflash.c:351 (discriminator 1)

	for(uint8_t i = 0; i < wr_len; i++)
 2000896:	00090f63          	beqz	s2,20008b4 <spi_flash_page_program+0x4e>
 200089a:	01248533          	add	a0,s1,s2
F:\ALL_PROJECT\GMD_workspace\picorv32_demo\Debug/../src/bsp/wbspiflash.c:353
	{
		PICO_WBSPI_FLASH->DATA = (uint32_t)(*write_buffer);
 200089e:	0004c783          	lbu	a5,0(s1)
F:\ALL_PROJECT\GMD_workspace\picorv32_demo\Debug/../src/bsp/wbspiflash.c:354
		write_buffer++;
 20008a2:	0485                	addi	s1,s1,1
F:\ALL_PROJECT\GMD_workspace\picorv32_demo\Debug/../src/bsp/wbspiflash.c:353
		PICO_WBSPI_FLASH->DATA = (uint32_t)(*write_buffer);
 20008a4:	d75c                	sw	a5,44(a4)
F:\ALL_PROJECT\GMD_workspace\picorv32_demo\Debug/../src/bsp/wbspiflash.c:357 (discriminator 1)

		//Check the status of TX FIFO
		while(PICO_WBSPI_FLASH ->STATUS & (0x1 <<23));
 20008a6:	5b5c                	lw	a5,52(a4)
 20008a8:	00879693          	slli	a3,a5,0x8
 20008ac:	fe06cde3          	bltz	a3,20008a6 <spi_flash_page_program+0x40>
F:\ALL_PROJECT\GMD_workspace\picorv32_demo\Debug/../src/bsp/wbspiflash.c:351 (discriminator 1)
	for(uint8_t i = 0; i < wr_len; i++)
 20008b0:	fe9517e3          	bne	a0,s1,200089e <spi_flash_page_program+0x38>
F:\ALL_PROJECT\GMD_workspace\picorv32_demo\Debug/../src/bsp/wbspiflash.c:360 (discriminator 1)
	}

	while((PICO_WBSPI_FLASH->STATUS & 0x01)); 	//Wait until SPI controller active finish
 20008b4:	11004737          	lui	a4,0x11004
 20008b8:	5b5c                	lw	a5,52(a4)
 20008ba:	8b85                	andi	a5,a5,1
 20008bc:	fff5                	bnez	a5,20008b8 <spi_flash_page_program+0x52>
F:\ALL_PROJECT\GMD_workspace\picorv32_demo\Debug/../src/bsp/wbspiflash.c:361
	spi_flash_write_cmd(WRITE_DISENABLE);
 20008be:	4511                	li	a0,4
 20008c0:	379d                	jal	2000826 <spi_flash_write_cmd>
F:\ALL_PROJECT\GMD_workspace\picorv32_demo\Debug/../src/bsp/wbspiflash.c:362
	spi_flash_read_status();    				//Wait SPI flash free
 20008c2:	28bd                	jal	2000940 <spi_flash_read_status>
F:\ALL_PROJECT\GMD_workspace\picorv32_demo\Debug/../src/bsp/wbspiflash.c:363
}
 20008c4:	40b2                	lw	ra,12(sp)
 20008c6:	44a2                	lw	s1,8(sp)
 20008c8:	4912                	lw	s2,4(sp)
 20008ca:	4982                	lw	s3,0(sp)
 20008cc:	0141                	addi	sp,sp,16
 20008ce:	8082                	ret

020008d0 <spi_flash_sector_erase>:
spi_flash_sector_erase():
F:\ALL_PROJECT\GMD_workspace\picorv32_demo\Debug/../src/bsp/wbspiflash.c:367

//Sector erase
void spi_flash_sector_erase(uint32_t address)
{
 20008d0:	921ff2ef          	jal	t0,20001f0 <__riscv_save_0>
 20008d4:	84aa                	mv	s1,a0
F:\ALL_PROJECT\GMD_workspace\picorv32_demo\Debug/../src/bsp/wbspiflash.c:368
	spi_flash_write_cmd(WRITE_ENABLE);
 20008d6:	4519                	li	a0,6
 20008d8:	37b9                	jal	2000826 <spi_flash_write_cmd>
F:\ALL_PROJECT\GMD_workspace\picorv32_demo\Debug/../src/bsp/wbspiflash.c:369
	spi_flash_read_status();
 20008da:	209d                	jal	2000940 <spi_flash_read_status>
F:\ALL_PROJECT\GMD_workspace\picorv32_demo\Debug/../src/bsp/wbspiflash.c:376
	//Little endian and the range of address
	uint8_t temp0;
	uint8_t temp1;
	uint8_t temp2;

	PICO_WBSPI_FLASH->TRANSCTRL = (1 << 30) + 		//Enable command
 20008dc:	11004737          	lui	a4,0x11004
 20008e0:	410026b7          	lui	a3,0x41002
 20008e4:	d314                	sw	a3,32(a4)
F:\ALL_PROJECT\GMD_workspace\picorv32_demo\Debug/../src/bsp/wbspiflash.c:381
			                	  (1 << 24) +       //Transmit mode = 1 (write only)
								  (0 << 22) +       //Dual mode
								  (2 << 12); 		//Set address - 3bytes

	temp0 = (address >> 16 &0xFF);					//The address High byte
 20008e6:	0104d793          	srli	a5,s1,0x10
F:\ALL_PROJECT\GMD_workspace\picorv32_demo\Debug/../src/bsp/wbspiflash.c:385
	temp1 = (address >> 8  &0xFF);					//The address middle byte
	temp2 = (address       &0xFF);					//The address low byte

	PICO_WBSPI_FLASH->CMD  = 0x20; 					//Sector erase command
 20008ea:	02000693          	li	a3,32
 20008ee:	0ff7f793          	zext.b	a5,a5
 20008f2:	d354                	sw	a3,36(a4)
F:\ALL_PROJECT\GMD_workspace\picorv32_demo\Debug/../src/bsp/wbspiflash.c:387

	PICO_WBSPI_FLASH->DATA = temp0;
 20008f4:	d75c                	sw	a5,44(a4)
F:\ALL_PROJECT\GMD_workspace\picorv32_demo\Debug/../src/bsp/wbspiflash.c:382
	temp1 = (address >> 8  &0xFF);					//The address middle byte
 20008f6:	0084d613          	srli	a2,s1,0x8
F:\ALL_PROJECT\GMD_workspace\picorv32_demo\Debug/../src/bsp/wbspiflash.c:390 (discriminator 1)

	//Check the status of TX FIFO
	while(PICO_WBSPI_FLASH ->STATUS & (0x1 <<23));
 20008fa:	5b5c                	lw	a5,52(a4)
 20008fc:	00879693          	slli	a3,a5,0x8
 2000900:	fe06cde3          	bltz	a3,20008fa <spi_flash_sector_erase+0x2a>
F:\ALL_PROJECT\GMD_workspace\picorv32_demo\Debug/../src/bsp/wbspiflash.c:392

	PICO_WBSPI_FLASH->DATA = temp1;
 2000904:	0ff67793          	zext.b	a5,a2
 2000908:	d75c                	sw	a5,44(a4)
F:\ALL_PROJECT\GMD_workspace\picorv32_demo\Debug/../src/bsp/wbspiflash.c:395 (discriminator 1)

	//Check the status of TX FIFO
	while(PICO_WBSPI_FLASH ->STATUS & (0x1 <<23));
 200090a:	11004737          	lui	a4,0x11004
 200090e:	5b5c                	lw	a5,52(a4)
 2000910:	00879693          	slli	a3,a5,0x8
 2000914:	fe06cde3          	bltz	a3,200090e <spi_flash_sector_erase+0x3e>
F:\ALL_PROJECT\GMD_workspace\picorv32_demo\Debug/../src/bsp/wbspiflash.c:397

	PICO_WBSPI_FLASH->DATA = temp2;
 2000918:	0ff4f493          	zext.b	s1,s1
 200091c:	d744                	sw	s1,44(a4)
F:\ALL_PROJECT\GMD_workspace\picorv32_demo\Debug/../src/bsp/wbspiflash.c:400 (discriminator 1)

	//Check the status of TX FIFO
	while(PICO_WBSPI_FLASH ->STATUS & (0x1 <<23));
 200091e:	11004737          	lui	a4,0x11004
 2000922:	5b5c                	lw	a5,52(a4)
 2000924:	00879693          	slli	a3,a5,0x8
 2000928:	fe06cde3          	bltz	a3,2000922 <spi_flash_sector_erase+0x52>
F:\ALL_PROJECT\GMD_workspace\picorv32_demo\Debug/../src/bsp/wbspiflash.c:402 (discriminator 1)

	while((PICO_WBSPI_FLASH->STATUS & 0x01));	//Wait until SPI controller active finish
 200092c:	11004737          	lui	a4,0x11004
 2000930:	5b5c                	lw	a5,52(a4)
 2000932:	8b85                	andi	a5,a5,1
 2000934:	fff5                	bnez	a5,2000930 <spi_flash_sector_erase+0x60>
F:\ALL_PROJECT\GMD_workspace\picorv32_demo\Debug/../src/bsp/wbspiflash.c:403
	spi_flash_write_cmd(WRITE_DISENABLE);
 2000936:	4511                	li	a0,4
 2000938:	35fd                	jal	2000826 <spi_flash_write_cmd>
F:\ALL_PROJECT\GMD_workspace\picorv32_demo\Debug/../src/bsp/wbspiflash.c:404
	spi_flash_read_status();    				//Wait SPI flash free
 200093a:	2019                	jal	2000940 <spi_flash_read_status>
F:\ALL_PROJECT\GMD_workspace\picorv32_demo\Debug/../src/bsp/wbspiflash.c:405
}
 200093c:	8d9ff06f          	j	2000214 <__riscv_restore_0>

02000940 <spi_flash_read_status>:
spi_flash_read_status():
F:\ALL_PROJECT\GMD_workspace\picorv32_demo\Debug/../src/bsp/wbspiflash.c:411

void spi_flash_read_status()
{
	uint8_t temp_first;

	PICO_WBSPI_FLASH->TRANSCTRL = (1 << 30) +   //Enable command
 2000940:	11004737          	lui	a4,0x11004
 2000944:	420007b7          	lui	a5,0x42000
 2000948:	d31c                	sw	a5,32(a4)
F:\ALL_PROJECT\GMD_workspace\picorv32_demo\Debug/../src/bsp/wbspiflash.c:418
								  (0 << 22) +   //Dual mode 0 regular mode
								  (0 << 0); 	//Set read 1 byte

   do
   {
	   	PICO_WBSPI_FLASH->CMD  = 0x05;			//Read status
 200094a:	4695                	li	a3,5
 200094c:	d354                	sw	a3,36(a4)
F:\ALL_PROJECT\GMD_workspace\picorv32_demo\Debug/../src/bsp/wbspiflash.c:419
		temp_first  = PICO_WBSPI_FLASH->DATA;
 200094e:	575c                	lw	a5,44(a4)
F:\ALL_PROJECT\GMD_workspace\picorv32_demo\Debug/../src/bsp/wbspiflash.c:421 (discriminator 1)
   }
   while(temp_first & 0x01 );					//Select the low bit and wait become 0
 2000950:	8b85                	andi	a5,a5,1
 2000952:	ffed                	bnez	a5,200094c <spi_flash_read_status+0xc>
F:\ALL_PROJECT\GMD_workspace\picorv32_demo\Debug/../src/bsp/wbspiflash.c:423 (discriminator 1)

   while((PICO_WBSPI_FLASH->STATUS & 0x03)); 	//Wait until SPI controller active finish
 2000954:	11004737          	lui	a4,0x11004
 2000958:	5b5c                	lw	a5,52(a4)
 200095a:	8b8d                	andi	a5,a5,3
 200095c:	fff5                	bnez	a5,2000958 <spi_flash_read_status+0x18>
F:\ALL_PROJECT\GMD_workspace\picorv32_demo\Debug/../src/bsp/wbspiflash.c:424
}
 200095e:	8082                	ret

02000960 <wbuart_init>:
wbuart_init():
F:\ALL_PROJECT\GMD_workspace\picorv32_demo\Debug/../src/bsp/wbuart.c:17


/* Definitions --------------------------------------------------------------------- */

uint32_t wbuart_init(unsigned int BaudRate)
{
 2000960:	7179                	addi	sp,sp,-48
 2000962:	d606                	sw	ra,44(sp)
 2000964:	d422                	sw	s0,40(sp)
 2000966:	1800                	addi	s0,sp,48
 2000968:	fca42e23          	sw	a0,-36(s0)
F:\ALL_PROJECT\GMD_workspace\picorv32_demo\Debug/../src/bsp/wbuart.c:18
	uint32_t ClkDiv = SYSCLKFREQ / BaudRate;
 200096c:	02faf7b7          	lui	a5,0x2faf
 2000970:	08078713          	addi	a4,a5,128 # 2faf080 <_eldsec+0xfad39c>
 2000974:	fdc42783          	lw	a5,-36(s0)
 2000978:	02f757b3          	divu	a5,a4,a5
 200097c:	fef42623          	sw	a5,-20(s0)
F:\ALL_PROJECT\GMD_workspace\picorv32_demo\Debug/../src/bsp/wbuart.c:20

	PICO_WBUART->SETUP = ClkDiv;
 2000980:	110007b7          	lui	a5,0x11000
 2000984:	fec42703          	lw	a4,-20(s0)
 2000988:	c398                	sw	a4,0(a5)
F:\ALL_PROJECT\GMD_workspace\picorv32_demo\Debug/../src/bsp/wbuart.c:22

	return ClkDiv;
 200098a:	fec42783          	lw	a5,-20(s0)
F:\ALL_PROJECT\GMD_workspace\picorv32_demo\Debug/../src/bsp/wbuart.c:23
}
 200098e:	853e                	mv	a0,a5
 2000990:	50b2                	lw	ra,44(sp)
 2000992:	5422                	lw	s0,40(sp)
 2000994:	6145                	addi	sp,sp,48
 2000996:	8082                	ret

02000998 <wbuart_putc>:
wbuart_putc():
F:\ALL_PROJECT\GMD_workspace\picorv32_demo\Debug/../src/bsp/wbuart.c:26

int wbuart_putc(int c)
{
 2000998:	7179                	addi	sp,sp,-48
 200099a:	d606                	sw	ra,44(sp)
 200099c:	d422                	sw	s0,40(sp)
 200099e:	1800                	addi	s0,sp,48
 20009a0:	fca42e23          	sw	a0,-36(s0)
F:\ALL_PROJECT\GMD_workspace\picorv32_demo\Debug/../src/bsp/wbuart.c:27
	while((PICO_WBUART->TXREG) & (1UL << 8));
 20009a4:	0001                	nop
F:\ALL_PROJECT\GMD_workspace\picorv32_demo\Debug/../src/bsp/wbuart.c:27 (discriminator 1)
 20009a6:	110007b7          	lui	a5,0x11000
 20009aa:	47dc                	lw	a5,12(a5)
 20009ac:	1007f793          	andi	a5,a5,256
 20009b0:	fbfd                	bnez	a5,20009a6 <wbuart_putc+0xe>
F:\ALL_PROJECT\GMD_workspace\picorv32_demo\Debug/../src/bsp/wbuart.c:28
	uint32_t tmp = PICO_WBUART->TXREG & (~0xff);
 20009b2:	110007b7          	lui	a5,0x11000
 20009b6:	47dc                	lw	a5,12(a5)
 20009b8:	f007f793          	andi	a5,a5,-256
 20009bc:	fef42623          	sw	a5,-20(s0)
F:\ALL_PROJECT\GMD_workspace\picorv32_demo\Debug/../src/bsp/wbuart.c:29
	PICO_WBUART->TXREG = tmp + (c & 0xff);
 20009c0:	fdc42783          	lw	a5,-36(s0)
 20009c4:	0ff7f693          	zext.b	a3,a5
 20009c8:	110007b7          	lui	a5,0x11000
 20009cc:	fec42703          	lw	a4,-20(s0)
 20009d0:	9736                	add	a4,a4,a3
 20009d2:	c7d8                	sw	a4,12(a5)
F:\ALL_PROJECT\GMD_workspace\picorv32_demo\Debug/../src/bsp/wbuart.c:31

	return c;
 20009d4:	fdc42783          	lw	a5,-36(s0)
F:\ALL_PROJECT\GMD_workspace\picorv32_demo\Debug/../src/bsp/wbuart.c:32
}
 20009d8:	853e                	mv	a0,a5
 20009da:	50b2                	lw	ra,44(sp)
 20009dc:	5422                	lw	s0,40(sp)
 20009de:	6145                	addi	sp,sp,48
 20009e0:	8082                	ret

020009e2 <wbuart_getc>:
wbuart_getc():
F:\ALL_PROJECT\GMD_workspace\picorv32_demo\Debug/../src/bsp/wbuart.c:35

int wbuart_getc(void)
{
 20009e2:	1101                	addi	sp,sp,-32
 20009e4:	ce06                	sw	ra,28(sp)
 20009e6:	cc22                	sw	s0,24(sp)
 20009e8:	1000                	addi	s0,sp,32
F:\ALL_PROJECT\GMD_workspace\picorv32_demo\Debug/../src/bsp/wbuart.c:36
	uint8_t tmp = 0;
 20009ea:	fe0407a3          	sb	zero,-17(s0)
F:\ALL_PROJECT\GMD_workspace\picorv32_demo\Debug/../src/bsp/wbuart.c:38

	while((PICO_WBUART->RXREG) & (1UL << 8));
 20009ee:	0001                	nop
F:\ALL_PROJECT\GMD_workspace\picorv32_demo\Debug/../src/bsp/wbuart.c:38 (discriminator 1)
 20009f0:	110007b7          	lui	a5,0x11000
 20009f4:	479c                	lw	a5,8(a5)
 20009f6:	1007f793          	andi	a5,a5,256
 20009fa:	fbfd                	bnez	a5,20009f0 <wbuart_getc+0xe>
F:\ALL_PROJECT\GMD_workspace\picorv32_demo\Debug/../src/bsp/wbuart.c:39
	tmp = (PICO_WBUART->RXREG) & 0xff;
 20009fc:	110007b7          	lui	a5,0x11000
 2000a00:	479c                	lw	a5,8(a5)
 2000a02:	fef407a3          	sb	a5,-17(s0)
F:\ALL_PROJECT\GMD_workspace\picorv32_demo\Debug/../src/bsp/wbuart.c:41

	return tmp;
 2000a06:	fef44783          	lbu	a5,-17(s0)
F:\ALL_PROJECT\GMD_workspace\picorv32_demo\Debug/../src/bsp/wbuart.c:42
}
 2000a0a:	853e                	mv	a0,a5
 2000a0c:	40f2                	lw	ra,28(sp)
 2000a0e:	4462                	lw	s0,24(sp)
 2000a10:	6105                	addi	sp,sp,32
 2000a12:	8082                	ret

02000a14 <wbuart_outbyte>:
wbuart_outbyte():
F:\ALL_PROJECT\GMD_workspace\picorv32_demo\Debug/../src/bsp/wbuart.c:45

int wbuart_outbyte(int c)
{
 2000a14:	1101                	addi	sp,sp,-32
 2000a16:	ce06                	sw	ra,28(sp)
 2000a18:	cc22                	sw	s0,24(sp)
 2000a1a:	1000                	addi	s0,sp,32
 2000a1c:	fea42623          	sw	a0,-20(s0)
F:\ALL_PROJECT\GMD_workspace\picorv32_demo\Debug/../src/bsp/wbuart.c:46
	wbuart_putc(c);
 2000a20:	fec42503          	lw	a0,-20(s0)
 2000a24:	3f95                	jal	2000998 <wbuart_putc>
F:\ALL_PROJECT\GMD_workspace\picorv32_demo\Debug/../src/bsp/wbuart.c:47
	if (c =='\n')
 2000a26:	fec42703          	lw	a4,-20(s0)
 2000a2a:	47a9                	li	a5,10
 2000a2c:	00f71463          	bne	a4,a5,2000a34 <wbuart_outbyte+0x20>
F:\ALL_PROJECT\GMD_workspace\picorv32_demo\Debug/../src/bsp/wbuart.c:49
	{
		wbuart_putc('\r');
 2000a30:	4535                	li	a0,13
 2000a32:	379d                	jal	2000998 <wbuart_putc>
F:\ALL_PROJECT\GMD_workspace\picorv32_demo\Debug/../src/bsp/wbuart.c:52
	}

	return c;
 2000a34:	fec42783          	lw	a5,-20(s0)
F:\ALL_PROJECT\GMD_workspace\picorv32_demo\Debug/../src/bsp/wbuart.c:53
}
 2000a38:	853e                	mv	a0,a5
 2000a3a:	40f2                	lw	ra,28(sp)
 2000a3c:	4462                	lw	s0,24(sp)
 2000a3e:	6105                	addi	sp,sp,32
 2000a40:	8082                	ret

02000a42 <irq>:
irq():
F:\ALL_PROJECT\GMD_workspace\picorv32_demo\Debug/../src/irq.c:41
#define put_char(c)  uart_putchar(c)
#endif


uint32_t *irq(uint32_t *regs, uint32_t irqs)
{
 2000a42:	7179                	addi	sp,sp,-48
 2000a44:	d606                	sw	ra,44(sp)
 2000a46:	d422                	sw	s0,40(sp)
 2000a48:	1800                	addi	s0,sp,48
 2000a4a:	fca42e23          	sw	a0,-36(s0)
 2000a4e:	fcb42c23          	sw	a1,-40(s0)
F:\ALL_PROJECT\GMD_workspace\picorv32_demo\Debug/../src/irq.c:42
	volatile uint32_t mask = mask_irq(0xffffffff) | irqs;
 2000a52:	557d                	li	a0,-1
 2000a54:	22b9                	jal	2000ba2 <mask_irq>
 2000a56:	872a                	mv	a4,a0
F:\ALL_PROJECT\GMD_workspace\picorv32_demo\Debug/../src/irq.c:42 (discriminator 1)
 2000a58:	fd842783          	lw	a5,-40(s0)
 2000a5c:	8fd9                	or	a5,a5,a4
 2000a5e:	fef42223          	sw	a5,-28(s0)
F:\ALL_PROJECT\GMD_workspace\picorv32_demo\Debug/../src/irq.c:44

	mask_irq(mask);
 2000a62:	fe442783          	lw	a5,-28(s0)
 2000a66:	853e                	mv	a0,a5
 2000a68:	2a2d                	jal	2000ba2 <mask_irq>
F:\ALL_PROJECT\GMD_workspace\picorv32_demo\Debug/../src/irq.c:46

	if ((irqs & 1) != 0)
 2000a6a:	fd842783          	lw	a5,-40(s0)
 2000a6e:	8b85                	andi	a5,a5,1
 2000a70:	cb81                	beqz	a5,2000a80 <irq+0x3e>
F:\ALL_PROJECT\GMD_workspace\picorv32_demo\Debug/../src/irq.c:48
	{
		irq00_flag = 1;
 2000a72:	fefff797          	auipc	a5,0xfefff
 2000a76:	65678793          	addi	a5,a5,1622 # 10000c8 <irq00_flag>
 2000a7a:	4705                	li	a4,1
 2000a7c:	00e78023          	sb	a4,0(a5)
F:\ALL_PROJECT\GMD_workspace\picorv32_demo\Debug/../src/irq.c:51
	}

	if ((irqs & (1<<13)) != 0)
 2000a80:	fd842703          	lw	a4,-40(s0)
 2000a84:	6789                	lui	a5,0x2
 2000a86:	8ff9                	and	a5,a5,a4
 2000a88:	cb81                	beqz	a5,2000a98 <irq+0x56>
F:\ALL_PROJECT\GMD_workspace\picorv32_demo\Debug/../src/irq.c:53
	{
		irq13_flag = 1;
 2000a8a:	fefff797          	auipc	a5,0xfefff
 2000a8e:	63f78793          	addi	a5,a5,1599 # 10000c9 <irq13_flag>
 2000a92:	4705                	li	a4,1
 2000a94:	00e78023          	sb	a4,0(a5)
F:\ALL_PROJECT\GMD_workspace\picorv32_demo\Debug/../src/irq.c:56
	}

	if ((irqs & (1<<20)) != 0)
 2000a98:	fd842703          	lw	a4,-40(s0)
 2000a9c:	001007b7          	lui	a5,0x100
 2000aa0:	8ff9                	and	a5,a5,a4
 2000aa2:	cb81                	beqz	a5,2000ab2 <irq+0x70>
F:\ALL_PROJECT\GMD_workspace\picorv32_demo\Debug/../src/irq.c:58
	{
		irq20_flag = 1;
 2000aa4:	fefff797          	auipc	a5,0xfefff
 2000aa8:	62678793          	addi	a5,a5,1574 # 10000ca <irq20_flag>
 2000aac:	4705                	li	a4,1
 2000aae:	00e78023          	sb	a4,0(a5)
F:\ALL_PROJECT\GMD_workspace\picorv32_demo\Debug/../src/irq.c:61
	}

	if ((irqs & (1<<21)) != 0)
 2000ab2:	fd842703          	lw	a4,-40(s0)
 2000ab6:	002007b7          	lui	a5,0x200
 2000aba:	8ff9                	and	a5,a5,a4
 2000abc:	cb81                	beqz	a5,2000acc <irq+0x8a>
F:\ALL_PROJECT\GMD_workspace\picorv32_demo\Debug/../src/irq.c:63
	{
		irq21_flag = 1;
 2000abe:	fefff797          	auipc	a5,0xfefff
 2000ac2:	60d78793          	addi	a5,a5,1549 # 10000cb <irq21_flag>
 2000ac6:	4705                	li	a4,1
 2000ac8:	00e78023          	sb	a4,0(a5)
F:\ALL_PROJECT\GMD_workspace\picorv32_demo\Debug/../src/irq.c:67
	}


	if ((irqs & 14) != 0)
 2000acc:	fd842783          	lw	a5,-40(s0)
 2000ad0:	8bb9                	andi	a5,a5,14
 2000ad2:	c3e9                	beqz	a5,2000b94 <irq+0x152>
F:\ALL_PROJECT\GMD_workspace\picorv32_demo\Debug/../src/irq.c:69
	{
		uint32_t pc = (regs[0] & 1) ? regs[0] - 3 : regs[0] - 4;
 2000ad4:	fdc42783          	lw	a5,-36(s0)
 2000ad8:	439c                	lw	a5,0(a5)
 2000ada:	8b85                	andi	a5,a5,1
 2000adc:	c791                	beqz	a5,2000ae8 <irq+0xa6>
F:\ALL_PROJECT\GMD_workspace\picorv32_demo\Debug/../src/irq.c:69 (discriminator 1)
 2000ade:	fdc42783          	lw	a5,-36(s0)
 2000ae2:	439c                	lw	a5,0(a5)
 2000ae4:	17f5                	addi	a5,a5,-3
 2000ae6:	a029                	j	2000af0 <irq+0xae>
F:\ALL_PROJECT\GMD_workspace\picorv32_demo\Debug/../src/irq.c:69 (discriminator 2)
 2000ae8:	fdc42783          	lw	a5,-36(s0)
 2000aec:	439c                	lw	a5,0(a5)
 2000aee:	17f1                	addi	a5,a5,-4
F:\ALL_PROJECT\GMD_workspace\picorv32_demo\Debug/../src/irq.c:69 (discriminator 4)
 2000af0:	fef42423          	sw	a5,-24(s0)
F:\ALL_PROJECT\GMD_workspace\picorv32_demo\Debug/../src/irq.c:70
		uint32_t instr = *(uint16_t*)pc;
 2000af4:	fe842783          	lw	a5,-24(s0)
 2000af8:	0007d783          	lhu	a5,0(a5)
 2000afc:	fef42623          	sw	a5,-20(s0)
F:\ALL_PROJECT\GMD_workspace\picorv32_demo\Debug/../src/irq.c:72

		if ((instr & 3) == 3)
 2000b00:	fec42783          	lw	a5,-20(s0)
 2000b04:	0037f713          	andi	a4,a5,3
 2000b08:	478d                	li	a5,3
 2000b0a:	00f71d63          	bne	a4,a5,2000b24 <irq+0xe2>
F:\ALL_PROJECT\GMD_workspace\picorv32_demo\Debug/../src/irq.c:74
		{
			instr = instr | (*(uint16_t*)(pc + 2)) << 16;
 2000b0e:	fe842783          	lw	a5,-24(s0)
 2000b12:	0789                	addi	a5,a5,2
 2000b14:	0007d783          	lhu	a5,0(a5)
 2000b18:	07c2                	slli	a5,a5,0x10
 2000b1a:	fec42703          	lw	a4,-20(s0)
 2000b1e:	8fd9                	or	a5,a5,a4
 2000b20:	fef42623          	sw	a5,-20(s0)
F:\ALL_PROJECT\GMD_workspace\picorv32_demo\Debug/../src/irq.c:77
		}

		if ((irqs & 8) != 0)
 2000b24:	fd842783          	lw	a5,-40(s0)
 2000b28:	8ba1                	andi	a5,a5,8
 2000b2a:	cb8d                	beqz	a5,2000b5c <irq+0x11a>
F:\ALL_PROJECT\GMD_workspace\picorv32_demo\Debug/../src/irq.c:79
		{
			printf("Illegal Ins at 0x");
 2000b2c:	00001517          	auipc	a0,0x1
 2000b30:	ab850513          	addi	a0,a0,-1352 # 20015e4 <strlen+0x11c>
 2000b34:	3eb9                	jal	2000692 <printf>
F:\ALL_PROJECT\GMD_workspace\picorv32_demo\Debug/../src/irq.c:80
			printf("%x\r\n", pc);
 2000b36:	fe842583          	lw	a1,-24(s0)
 2000b3a:	00001517          	auipc	a0,0x1
 2000b3e:	abe50513          	addi	a0,a0,-1346 # 20015f8 <strlen+0x130>
 2000b42:	3e81                	jal	2000692 <printf>
F:\ALL_PROJECT\GMD_workspace\picorv32_demo\Debug/../src/irq.c:81
			printf(": 0x");
 2000b44:	00001517          	auipc	a0,0x1
 2000b48:	abc50513          	addi	a0,a0,-1348 # 2001600 <strlen+0x138>
 2000b4c:	3699                	jal	2000692 <printf>
F:\ALL_PROJECT\GMD_workspace\picorv32_demo\Debug/../src/irq.c:82
			printf("%x\r\n", instr);
 2000b4e:	fec42583          	lw	a1,-20(s0)
 2000b52:	00001517          	auipc	a0,0x1
 2000b56:	aa650513          	addi	a0,a0,-1370 # 20015f8 <strlen+0x130>
 2000b5a:	3e25                	jal	2000692 <printf>
F:\ALL_PROJECT\GMD_workspace\picorv32_demo\Debug/../src/irq.c:85
		}

		if ((irqs & 4) != 0)
 2000b5c:	fd842783          	lw	a5,-40(s0)
 2000b60:	8b91                	andi	a5,a5,4
 2000b62:	cb8d                	beqz	a5,2000b94 <irq+0x152>
F:\ALL_PROJECT\GMD_workspace\picorv32_demo\Debug/../src/irq.c:87
		{
			printf("Bus error at 0x");
 2000b64:	00001517          	auipc	a0,0x1
 2000b68:	aa450513          	addi	a0,a0,-1372 # 2001608 <strlen+0x140>
 2000b6c:	361d                	jal	2000692 <printf>
F:\ALL_PROJECT\GMD_workspace\picorv32_demo\Debug/../src/irq.c:88
			printf("%x\r\n", pc);
 2000b6e:	fe842583          	lw	a1,-24(s0)
 2000b72:	00001517          	auipc	a0,0x1
 2000b76:	a8650513          	addi	a0,a0,-1402 # 20015f8 <strlen+0x130>
 2000b7a:	3e21                	jal	2000692 <printf>
F:\ALL_PROJECT\GMD_workspace\picorv32_demo\Debug/../src/irq.c:89
			printf(": 0x");
 2000b7c:	00001517          	auipc	a0,0x1
 2000b80:	a8450513          	addi	a0,a0,-1404 # 2001600 <strlen+0x138>
 2000b84:	3639                	jal	2000692 <printf>
F:\ALL_PROJECT\GMD_workspace\picorv32_demo\Debug/../src/irq.c:90
			printf("%x\r\n", instr);
 2000b86:	fec42583          	lw	a1,-20(s0)
 2000b8a:	00001517          	auipc	a0,0x1
 2000b8e:	a6e50513          	addi	a0,a0,-1426 # 20015f8 <strlen+0x130>
 2000b92:	3601                	jal	2000692 <printf>
F:\ALL_PROJECT\GMD_workspace\picorv32_demo\Debug/../src/irq.c:94
		}
	}

	return regs;
 2000b94:	fdc42783          	lw	a5,-36(s0)
F:\ALL_PROJECT\GMD_workspace\picorv32_demo\Debug/../src/irq.c:95
}
 2000b98:	853e                	mv	a0,a5
 2000b9a:	50b2                	lw	ra,44(sp)
 2000b9c:	5422                	lw	s0,40(sp)
 2000b9e:	6145                	addi	sp,sp,48
 2000ba0:	8082                	ret

02000ba2 <mask_irq>:
mask_irq():
F:\ALL_PROJECT\GMD_workspace\picorv32_demo\Debug/../src/irq.c:106
	__asm__ __volatile__(".word(0x0400000b)");
}

//Mask IRQ
inline uint32_t mask_irq(uint32_t mask)
{
 2000ba2:	7179                	addi	sp,sp,-48
 2000ba4:	d606                	sw	ra,44(sp)
 2000ba6:	d422                	sw	s0,40(sp)
 2000ba8:	1800                	addi	s0,sp,48
 2000baa:	fca42e23          	sw	a0,-36(s0)
F:\ALL_PROJECT\GMD_workspace\picorv32_demo\Debug/../src/irq.c:109
	uint32_t old_mask;

	__asm__ __volatile__("mv a4, a0");
 2000bae:	872a                	mv	a4,a0
 2000bb0:	0607678b          	.word	0x0607678b
F:\ALL_PROJECT\GMD_workspace\picorv32_demo\Debug/../src/irq.c:111
	__asm__ __volatile__(".word(0x0607678b)");
	__asm__ __volatile__("add %[dest], x0, a5" :[dest]"=r"(old_mask));
 2000bb4:	87be                	mv	a5,a5
 2000bb6:	fef42623          	sw	a5,-20(s0)
F:\ALL_PROJECT\GMD_workspace\picorv32_demo\Debug/../src/irq.c:113

	return old_mask;
 2000bba:	fec42783          	lw	a5,-20(s0)
F:\ALL_PROJECT\GMD_workspace\picorv32_demo\Debug/../src/irq.c:114
}
 2000bbe:	853e                	mv	a0,a5
 2000bc0:	50b2                	lw	ra,44(sp)
 2000bc2:	5422                	lw	s0,40(sp)
 2000bc4:	6145                	addi	sp,sp,48
 2000bc6:	8082                	ret

02000bc8 <irq_enable_one_bit>:
irq_enable_one_bit():
F:\ALL_PROJECT\GMD_workspace\picorv32_demo\Debug/../src/irq.c:118

//Enable a local interrupt
inline void irq_enable_one_bit(uint32_t irq_num)
{
 2000bc8:	7179                	addi	sp,sp,-48
 2000bca:	d606                	sw	ra,44(sp)
 2000bcc:	d422                	sw	s0,40(sp)
 2000bce:	1800                	addi	s0,sp,48
 2000bd0:	fca42e23          	sw	a0,-36(s0)
F:\ALL_PROJECT\GMD_workspace\picorv32_demo\Debug/../src/irq.c:119
	uint32_t mask = 0;
 2000bd4:	fe042623          	sw	zero,-20(s0)
F:\ALL_PROJECT\GMD_workspace\picorv32_demo\Debug/../src/irq.c:121

	mask = mask_irq(0xffffffff);
 2000bd8:	557d                	li	a0,-1
 2000bda:	37e1                	jal	2000ba2 <mask_irq>
 2000bdc:	fea42623          	sw	a0,-20(s0)
F:\ALL_PROJECT\GMD_workspace\picorv32_demo\Debug/../src/irq.c:122
	mask = mask & (~(1 << irq_num));
 2000be0:	fdc42783          	lw	a5,-36(s0)
 2000be4:	4705                	li	a4,1
 2000be6:	00f717b3          	sll	a5,a4,a5
 2000bea:	fff7c793          	not	a5,a5
 2000bee:	873e                	mv	a4,a5
 2000bf0:	fec42783          	lw	a5,-20(s0)
 2000bf4:	8ff9                	and	a5,a5,a4
 2000bf6:	fef42623          	sw	a5,-20(s0)
F:\ALL_PROJECT\GMD_workspace\picorv32_demo\Debug/../src/irq.c:123
	mask_irq(mask);
 2000bfa:	fec42503          	lw	a0,-20(s0)
 2000bfe:	3755                	jal	2000ba2 <mask_irq>
F:\ALL_PROJECT\GMD_workspace\picorv32_demo\Debug/../src/irq.c:125

	return;
 2000c00:	0001                	nop
F:\ALL_PROJECT\GMD_workspace\picorv32_demo\Debug/../src/irq.c:126
}
 2000c02:	50b2                	lw	ra,44(sp)
 2000c04:	5422                	lw	s0,40(sp)
 2000c06:	6145                	addi	sp,sp,48
 2000c08:	8082                	ret

02000c0a <irq_disable_one_bit>:
irq_disable_one_bit():
F:\ALL_PROJECT\GMD_workspace\picorv32_demo\Debug/../src/irq.c:130

//Disable a local interrupt
inline void irq_disable_one_bit(uint32_t irq_num)
{
 2000c0a:	7179                	addi	sp,sp,-48
 2000c0c:	d606                	sw	ra,44(sp)
 2000c0e:	d422                	sw	s0,40(sp)
 2000c10:	1800                	addi	s0,sp,48
 2000c12:	fca42e23          	sw	a0,-36(s0)
F:\ALL_PROJECT\GMD_workspace\picorv32_demo\Debug/../src/irq.c:131
	uint32_t mask = 0;
 2000c16:	fe042623          	sw	zero,-20(s0)
F:\ALL_PROJECT\GMD_workspace\picorv32_demo\Debug/../src/irq.c:133

	mask = mask_irq(0xffffffff);
 2000c1a:	557d                	li	a0,-1
 2000c1c:	3759                	jal	2000ba2 <mask_irq>
 2000c1e:	fea42623          	sw	a0,-20(s0)
F:\ALL_PROJECT\GMD_workspace\picorv32_demo\Debug/../src/irq.c:134
	mask = mask | (1 << irq_num);
 2000c22:	fdc42783          	lw	a5,-36(s0)
 2000c26:	4705                	li	a4,1
 2000c28:	00f717b3          	sll	a5,a4,a5
 2000c2c:	873e                	mv	a4,a5
 2000c2e:	fec42783          	lw	a5,-20(s0)
 2000c32:	8fd9                	or	a5,a5,a4
 2000c34:	fef42623          	sw	a5,-20(s0)
F:\ALL_PROJECT\GMD_workspace\picorv32_demo\Debug/../src/irq.c:135
	mask_irq(mask);
 2000c38:	fec42503          	lw	a0,-20(s0)
 2000c3c:	379d                	jal	2000ba2 <mask_irq>
F:\ALL_PROJECT\GMD_workspace\picorv32_demo\Debug/../src/irq.c:137

	return;
 2000c3e:	0001                	nop
F:\ALL_PROJECT\GMD_workspace\picorv32_demo\Debug/../src/irq.c:138
}
 2000c40:	50b2                	lw	ra,44(sp)
 2000c42:	5422                	lw	s0,40(sp)
 2000c44:	6145                	addi	sp,sp,48
 2000c46:	8082                	ret

02000c48 <enable_external_interrupt>:
enable_external_interrupt():
F:\ALL_PROJECT\GMD_workspace\picorv32_demo\Debug/../src/irq.c:143

//Enable external interrupts
//Register 'mie' 's external interrupt bit
inline void enable_external_interrupt(void)
{
 2000c48:	1141                	addi	sp,sp,-16
 2000c4a:	c606                	sw	ra,12(sp)
 2000c4c:	c422                	sw	s0,8(sp)
 2000c4e:	0800                	addi	s0,sp,16
F:\ALL_PROJECT\GMD_workspace\picorv32_demo\Debug/../src/irq.c:144
	__asm__ __volatile__("csrr   t4, mie");
 2000c50:	30402ef3          	csrr	t4,mie
F:\ALL_PROJECT\GMD_workspace\picorv32_demo\Debug/../src/irq.c:145
	__asm__ __volatile__("li     t5, 0x800");
 2000c54:	6f05                	lui	t5,0x1
 2000c56:	800f0f13          	addi	t5,t5,-2048 # 800 <_lma_btsec_end+0x774>
F:\ALL_PROJECT\GMD_workspace\picorv32_demo\Debug/../src/irq.c:146
	__asm__ __volatile__("or    t4, t4, t5");
 2000c5a:	01eeeeb3          	or	t4,t4,t5
F:\ALL_PROJECT\GMD_workspace\picorv32_demo\Debug/../src/irq.c:147
	__asm__ __volatile__("csrrw  t5, mie, t4");
 2000c5e:	304e9f73          	csrrw	t5,mie,t4
F:\ALL_PROJECT\GMD_workspace\picorv32_demo\Debug/../src/irq.c:148
}
 2000c62:	0001                	nop
 2000c64:	40b2                	lw	ra,12(sp)
 2000c66:	4422                	lw	s0,8(sp)
 2000c68:	0141                	addi	sp,sp,16
 2000c6a:	8082                	ret

02000c6c <enable_timer_interrupt>:
enable_timer_interrupt():
F:\ALL_PROJECT\GMD_workspace\picorv32_demo\Debug/../src/irq.c:163
}

//Enable timer interrupt
//Register 'mie' 's timer interrupt bit
inline void enable_timer_interrupt(void)
{
 2000c6c:	1141                	addi	sp,sp,-16
 2000c6e:	c606                	sw	ra,12(sp)
 2000c70:	c422                	sw	s0,8(sp)
 2000c72:	0800                	addi	s0,sp,16
F:\ALL_PROJECT\GMD_workspace\picorv32_demo\Debug/../src/irq.c:164
	__asm__ __volatile__("csrr   t4, mie");
 2000c74:	30402ef3          	csrr	t4,mie
F:\ALL_PROJECT\GMD_workspace\picorv32_demo\Debug/../src/irq.c:165
	__asm__ __volatile__("li     t5, 0x80");
 2000c78:	08000f13          	li	t5,128
F:\ALL_PROJECT\GMD_workspace\picorv32_demo\Debug/../src/irq.c:166
	__asm__ __volatile__("or     t4, t4, t5");
 2000c7c:	01eeeeb3          	or	t4,t4,t5
F:\ALL_PROJECT\GMD_workspace\picorv32_demo\Debug/../src/irq.c:167
	__asm__ __volatile__("csrrw  t5, mie, t4");
 2000c80:	304e9f73          	csrrw	t5,mie,t4
F:\ALL_PROJECT\GMD_workspace\picorv32_demo\Debug/../src/irq.c:168
}
 2000c84:	0001                	nop
 2000c86:	40b2                	lw	ra,12(sp)
 2000c88:	4422                	lw	s0,8(sp)
 2000c8a:	0141                	addi	sp,sp,16
 2000c8c:	8082                	ret

02000c8e <enable_interrupt_global>:
enable_interrupt_global():
F:\ALL_PROJECT\GMD_workspace\picorv32_demo\Debug/../src/irq.c:183
}

//Enable global interrupt
//Register 'mstatus' 's 'MIE' bit (global interrupt)
inline void enable_interrupt_global(void)
{
 2000c8e:	1141                	addi	sp,sp,-16
 2000c90:	c606                	sw	ra,12(sp)
 2000c92:	c422                	sw	s0,8(sp)
 2000c94:	0800                	addi	s0,sp,16
F:\ALL_PROJECT\GMD_workspace\picorv32_demo\Debug/../src/irq.c:184
	__asm__ __volatile__("csrrwi t5, mstatus, 8");
 2000c96:	30045f73          	csrrwi	t5,mstatus,8
F:\ALL_PROJECT\GMD_workspace\picorv32_demo\Debug/../src/irq.c:185
}
 2000c9a:	0001                	nop
 2000c9c:	40b2                	lw	ra,12(sp)
 2000c9e:	4422                	lw	s0,8(sp)
 2000ca0:	0141                	addi	sp,sp,16
 2000ca2:	8082                	ret

02000ca4 <set_timer>:
set_timer():
F:\ALL_PROJECT\GMD_workspace\picorv32_demo\Debug/../src/irq.c:196
	__asm__ __volatile__("csrrwi t5, mstatus, 0");
}

//Set timer
uint32_t set_timer(uint32_t timer_val)
{
 2000ca4:	7179                	addi	sp,sp,-48
 2000ca6:	d606                	sw	ra,44(sp)
 2000ca8:	d422                	sw	s0,40(sp)
 2000caa:	1800                	addi	s0,sp,48
 2000cac:	fca42e23          	sw	a0,-36(s0)
F:\ALL_PROJECT\GMD_workspace\picorv32_demo\Debug/../src/irq.c:197
	uint32_t old_val = 0;
 2000cb0:	fe042623          	sw	zero,-20(s0)
F:\ALL_PROJECT\GMD_workspace\picorv32_demo\Debug/../src/irq.c:199

	__asm__ __volatile__("mv a4, a0");
 2000cb4:	872a                	mv	a4,a0
 2000cb6:	0a07078b          	.word	0x0a07078b
F:\ALL_PROJECT\GMD_workspace\picorv32_demo\Debug/../src/irq.c:201
	__asm__ __volatile__(".word(0x0a07078b)");
	__asm__ __volatile__("mv %[dest], a5"  :[dest]"=r"(old_val));
 2000cba:	87be                	mv	a5,a5
 2000cbc:	fef42623          	sw	a5,-20(s0)
F:\ALL_PROJECT\GMD_workspace\picorv32_demo\Debug/../src/irq.c:203

	return old_val;
 2000cc0:	fec42783          	lw	a5,-20(s0)
F:\ALL_PROJECT\GMD_workspace\picorv32_demo\Debug/../src/irq.c:204
}
 2000cc4:	853e                	mv	a0,a5
 2000cc6:	50b2                	lw	ra,44(sp)
 2000cc8:	5422                	lw	s0,40(sp)
 2000cca:	6145                	addi	sp,sp,48
 2000ccc:	8082                	ret

02000cce <main>:
main():
F:\ALL_PROJECT\GMD_workspace\picorv32_demo\Debug/../src/main.c:102


/* Functions: */
//Application entry
int __attribute__((optimize("O0"))) main(void)
{
 2000cce:	1141                	addi	sp,sp,-16
 2000cd0:	c606                	sw	ra,12(sp)
 2000cd2:	c422                	sw	s0,8(sp)
 2000cd4:	0800                	addi	s0,sp,16
F:\ALL_PROJECT\GMD_workspace\picorv32_demo\Debug/../src/main.c:104
	//Close all interrupt
	mask_irq(0xffffffff);
 2000cd6:	557d                	li	a0,-1
 2000cd8:	35e9                	jal	2000ba2 <mask_irq>
F:\ALL_PROJECT\GMD_workspace\picorv32_demo\Debug/../src/main.c:108

	//Initializes peripherals
#ifdef USE_WBUART
	wbuart_init(115200);	//Initializes WBUART
 2000cda:	67f1                	lui	a5,0x1c
 2000cdc:	20078513          	addi	a0,a5,512 # 1c200 <_lma_data_end+0x1a42c>
 2000ce0:	3141                	jal	2000960 <wbuart_init>
F:\ALL_PROJECT\GMD_workspace\picorv32_demo\Debug/../src/main.c:112
#else
	uart_init(115200);		//Initializes SimpleUART
#endif
	spi_flash_init();		//Initializes SPI-Flash
 2000ce2:	34bd                	jal	2000750 <spi_flash_init>
F:\ALL_PROJECT\GMD_workspace\picorv32_demo\Debug/../src/main.c:113
	GPIO_Init(PICO_WBGPIO);	//Initializes GPIO
 2000ce4:	11001537          	lui	a0,0x11001
 2000ce8:	32f1                	jal	20006b4 <GPIO_Init>
F:\ALL_PROJECT\GMD_workspace\picorv32_demo\Debug/../src/main.c:119
	
	//Interrupt 0 is timer interrupt,
	//Interrupt 2 is bus misaligned error warning,
	//Interrupt 3 is illegal instruction warning,
	//Interrupt 20 and 21 is two demo interrupt, triggered by two buttons.
	irq_enable_one_bit(0);			//Enable timer interrupt
 2000cea:	4501                	li	a0,0
 2000cec:	3df1                	jal	2000bc8 <irq_enable_one_bit>
F:\ALL_PROJECT\GMD_workspace\picorv32_demo\Debug/../src/main.c:120
	irq_enable_one_bit(2);			//Enable bus misaligned exception
 2000cee:	4509                	li	a0,2
 2000cf0:	3de1                	jal	2000bc8 <irq_enable_one_bit>
F:\ALL_PROJECT\GMD_workspace\picorv32_demo\Debug/../src/main.c:121
	irq_enable_one_bit(3);			//Enable illegal instruction exception
 2000cf2:	450d                	li	a0,3
 2000cf4:	3dd1                	jal	2000bc8 <irq_enable_one_bit>
F:\ALL_PROJECT\GMD_workspace\picorv32_demo\Debug/../src/main.c:123

	enable_external_interrupt();	//Enable external interrupt
 2000cf6:	3f89                	jal	2000c48 <enable_external_interrupt>
F:\ALL_PROJECT\GMD_workspace\picorv32_demo\Debug/../src/main.c:124
	enable_timer_interrupt();		//Enable timer interrupt
 2000cf8:	3f95                	jal	2000c6c <enable_timer_interrupt>
F:\ALL_PROJECT\GMD_workspace\picorv32_demo\Debug/../src/main.c:126

	enable_interrupt_global();		//Enable global interrupt
 2000cfa:	3f51                	jal	2000c8e <enable_interrupt_global>
F:\ALL_PROJECT\GMD_workspace\picorv32_demo\Debug/../src/main.c:128
	
	printf("\r\n------------------- Gowin_PicoRV32 Demo ----------------------\r\n");
 2000cfc:	00001517          	auipc	a0,0x1
 2000d00:	91c50513          	addi	a0,a0,-1764 # 2001618 <strlen+0x150>
 2000d04:	98fff0ef          	jal	2000692 <printf>
F:\ALL_PROJECT\GMD_workspace\picorv32_demo\Debug/../src/main.c:135
#if BUILD_MODE == BUILD_LOAD
	printf("\r\nMCU boot from and run in ITCM.\r\n");
#endif

#if BUILD_MODE == BUILD_BURN
	printf("\r\nMCU boot from external flash and run in ITCM.\r\n");
 2000d08:	00001517          	auipc	a0,0x1
 2000d0c:	95450513          	addi	a0,a0,-1708 # 200165c <strlen+0x194>
 2000d10:	983ff0ef          	jal	2000692 <printf>
F:\ALL_PROJECT\GMD_workspace\picorv32_demo\Debug/../src/main.c:142

#if BUILD_MODE == BUILD_XIP
	printf("\r\nMCU boot from and run in external flash.\r\n");
#endif

	printf("\r\n");
 2000d14:	00001517          	auipc	a0,0x1
 2000d18:	97c50513          	addi	a0,a0,-1668 # 2001690 <strlen+0x1c8>
 2000d1c:	977ff0ef          	jal	2000692 <printf>
F:\ALL_PROJECT\GMD_workspace\picorv32_demo\Debug/../src/main.c:144

	delay(SYSCLKFREQ >> 1);
 2000d20:	017d87b7          	lui	a5,0x17d8
 2000d24:	84078513          	addi	a0,a5,-1984 # 17d7840 <_ebss+0x7d776c>
 2000d28:	eacff0ef          	jal	20003d4 <delay>
F:\ALL_PROJECT\GMD_workspace\picorv32_demo\Debug/../src/main.c:146

	wbreg_demo(); 		//Demo the peripheral connected to the MCU through the open Wishbone interface
 2000d2c:	23a1                	jal	2001274 <wbreg_demo>
F:\ALL_PROJECT\GMD_workspace\picorv32_demo\Debug/../src/main.c:147
	ahbreg_demo();		//Demo the peripheral connected to the MCU through the open AHC interface
 2000d2e:	2545                	jal	20013ce <ahbreg_demo>
F:\ALL_PROJECT\GMD_workspace\picorv32_demo\Debug/../src/main.c:148
	spi_flash_demo();	//Demo the SPI flash
 2000d30:	2a45                	jal	2000ee0 <spi_flash_demo>
F:\ALL_PROJECT\GMD_workspace\picorv32_demo\Debug/../src/main.c:149
	gpio_out_demo(); 	//Demo the GPIO output function with the led on develop board.
 2000d32:	2991                	jal	2001186 <gpio_out_demo>
F:\ALL_PROJECT\GMD_workspace\picorv32_demo\Debug/../src/main.c:150
	uart_rx_demo(); 	//Demo the wbuart's RX, it wait until you input a byte through the UART terminal, and display the byte back on UART terminal
 2000d34:	734000ef          	jal	2001468 <uart_rx_demo>
F:\ALL_PROJECT\GMD_workspace\picorv32_demo\Debug/../src/main.c:152

	stats();			//Print
 2000d38:	de0ff0ef          	jal	2000318 <stats>
F:\ALL_PROJECT\GMD_workspace\picorv32_demo\Debug/../src/main.c:154

	GPIO_SetDir(PICO_WBGPIO, 0x0000000f);
 2000d3c:	45bd                	li	a1,15
 2000d3e:	11001537          	lui	a0,0x11001
 2000d42:	9b1ff0ef          	jal	20006f2 <GPIO_SetDir>
F:\ALL_PROJECT\GMD_workspace\picorv32_demo\Debug/../src/main.c:155
	GPIO_WriteData(PICO_WBGPIO, 0xffffffff);	//Reset the gpio's condition
 2000d46:	55fd                	li	a1,-1
 2000d48:	11001537          	lui	a0,0x11001
 2000d4c:	9cbff0ef          	jal	2000716 <GPIO_WriteData>
F:\ALL_PROJECT\GMD_workspace\picorv32_demo\Debug/../src/main.c:157

	set_timer(SYSCLKFREQ>>1); 					//Set the timer a non-zero value, this will start the timer automatically.
 2000d50:	017d87b7          	lui	a5,0x17d8
 2000d54:	84078513          	addi	a0,a5,-1984 # 17d7840 <_ebss+0x7d776c>
 2000d58:	37b1                	jal	2000ca4 <set_timer>
F:\ALL_PROJECT\GMD_workspace\picorv32_demo\Debug/../src/main.c:160

	//Enable WBUART RX interrupt
	irq_enable_one_bit(13);
 2000d5a:	4535                	li	a0,13
 2000d5c:	35b5                	jal	2000bc8 <irq_enable_one_bit>
F:\ALL_PROJECT\GMD_workspace\picorv32_demo\Debug/../src/main.c:164

	while(1)
	{
		if(irq00_flag == 1)  //Timer interrupt
 2000d5e:	fefff797          	auipc	a5,0xfefff
 2000d62:	36a78793          	addi	a5,a5,874 # 10000c8 <irq00_flag>
 2000d66:	0007c703          	lbu	a4,0(a5)
 2000d6a:	4785                	li	a5,1
 2000d6c:	0af71463          	bne	a4,a5,2000e14 <main+0x146>
F:\ALL_PROJECT\GMD_workspace\picorv32_demo\Debug/../src/main.c:166
		{
			printf("\r\nEnter timer interrupt...\r\n");
 2000d70:	00001517          	auipc	a0,0x1
 2000d74:	92450513          	addi	a0,a0,-1756 # 2001694 <strlen+0x1cc>
 2000d78:	91bff0ef          	jal	2000692 <printf>
F:\ALL_PROJECT\GMD_workspace\picorv32_demo\Debug/../src/main.c:170

			//When timer interrupt is triggered, change the led situation, and output a count message through the WBUART,
			//Then set the timer value again and start a new timer counting process.
			irq00_flag = 0;
 2000d7c:	fefff797          	auipc	a5,0xfefff
 2000d80:	34c78793          	addi	a5,a5,844 # 10000c8 <irq00_flag>
 2000d84:	00078023          	sb	zero,0(a5)
F:\ALL_PROJECT\GMD_workspace\picorv32_demo\Debug/../src/main.c:171
			GPIO_WriteData(PICO_WBGPIO, ~(timer_count & 0xf));
 2000d88:	fefff797          	auipc	a5,0xfefff
 2000d8c:	34478793          	addi	a5,a5,836 # 10000cc <timer_count>
 2000d90:	439c                	lw	a5,0(a5)
 2000d92:	8bbd                	andi	a5,a5,15
 2000d94:	fff7c793          	not	a5,a5
 2000d98:	85be                	mv	a1,a5
 2000d9a:	11001537          	lui	a0,0x11001
 2000d9e:	979ff0ef          	jal	2000716 <GPIO_WriteData>
F:\ALL_PROJECT\GMD_workspace\picorv32_demo\Debug/../src/main.c:172
			printf("Timer interrupt counter : %8d\r\n", timer_count);
 2000da2:	fefff797          	auipc	a5,0xfefff
 2000da6:	32a78793          	addi	a5,a5,810 # 10000cc <timer_count>
 2000daa:	439c                	lw	a5,0(a5)
 2000dac:	85be                	mv	a1,a5
 2000dae:	00001517          	auipc	a0,0x1
 2000db2:	90650513          	addi	a0,a0,-1786 # 20016b4 <strlen+0x1ec>
 2000db6:	8ddff0ef          	jal	2000692 <printf>
F:\ALL_PROJECT\GMD_workspace\picorv32_demo\Debug/../src/main.c:173
			timer_count++;
 2000dba:	fefff797          	auipc	a5,0xfefff
 2000dbe:	31278793          	addi	a5,a5,786 # 10000cc <timer_count>
 2000dc2:	439c                	lw	a5,0(a5)
 2000dc4:	00178713          	addi	a4,a5,1
 2000dc8:	fefff797          	auipc	a5,0xfefff
 2000dcc:	30478793          	addi	a5,a5,772 # 10000cc <timer_count>
 2000dd0:	c398                	sw	a4,0(a5)
F:\ALL_PROJECT\GMD_workspace\picorv32_demo\Debug/../src/main.c:174
			if(timer_count == 16)
 2000dd2:	fefff797          	auipc	a5,0xfefff
 2000dd6:	2fa78793          	addi	a5,a5,762 # 10000cc <timer_count>
 2000dda:	4398                	lw	a4,0(a5)
 2000ddc:	47c1                	li	a5,16
 2000dde:	00f71763          	bne	a4,a5,2000dec <main+0x11e>
F:\ALL_PROJECT\GMD_workspace\picorv32_demo\Debug/../src/main.c:176
			{
				irq_disable_one_bit(20);	//Disable external interrupt 20, button 1
 2000de2:	4551                	li	a0,20
 2000de4:	351d                	jal	2000c0a <irq_disable_one_bit>
F:\ALL_PROJECT\GMD_workspace\picorv32_demo\Debug/../src/main.c:177
				irq_disable_one_bit(21);	//Disable external interrupt 21, button 2
 2000de6:	4555                	li	a0,21
 2000de8:	350d                	jal	2000c0a <irq_disable_one_bit>
 2000dea:	a831                	j	2000e06 <main+0x138>
F:\ALL_PROJECT\GMD_workspace\picorv32_demo\Debug/../src/main.c:179
			}
			else if(timer_count == 32)
 2000dec:	fefff797          	auipc	a5,0xfefff
 2000df0:	2e078793          	addi	a5,a5,736 # 10000cc <timer_count>
 2000df4:	4398                	lw	a4,0(a5)
 2000df6:	02000793          	li	a5,32
 2000dfa:	00f71663          	bne	a4,a5,2000e06 <main+0x138>
F:\ALL_PROJECT\GMD_workspace\picorv32_demo\Debug/../src/main.c:181
			{
				irq_enable_one_bit(20);		//Enable external interrupt 20, button 1
 2000dfe:	4551                	li	a0,20
 2000e00:	33e1                	jal	2000bc8 <irq_enable_one_bit>
F:\ALL_PROJECT\GMD_workspace\picorv32_demo\Debug/../src/main.c:182
				irq_enable_one_bit(21);		//Enable external interrupt 21, button 2
 2000e02:	4555                	li	a0,21
 2000e04:	33d1                	jal	2000bc8 <irq_enable_one_bit>
F:\ALL_PROJECT\GMD_workspace\picorv32_demo\Debug/../src/main.c:185
			}

			set_timer(SYSCLKFREQ>>1);  		//This will set the timer interval as 1 second.
 2000e06:	017d87b7          	lui	a5,0x17d8
 2000e0a:	84078513          	addi	a0,a5,-1984 # 17d7840 <_ebss+0x7d776c>
 2000e0e:	3d59                	jal	2000ca4 <set_timer>
F:\ALL_PROJECT\GMD_workspace\picorv32_demo\Debug/../src/main.c:187

			irq_enable_one_bit(0);
 2000e10:	4501                	li	a0,0
 2000e12:	3b5d                	jal	2000bc8 <irq_enable_one_bit>
F:\ALL_PROJECT\GMD_workspace\picorv32_demo\Debug/../src/main.c:190
		}

		if(irq13_flag == 1)  	//WBUART RX interrupt
 2000e14:	fefff797          	auipc	a5,0xfefff
 2000e18:	2b578793          	addi	a5,a5,693 # 10000c9 <irq13_flag>
 2000e1c:	0007c703          	lbu	a4,0(a5)
 2000e20:	4785                	li	a5,1
 2000e22:	04f71463          	bne	a4,a5,2000e6a <main+0x19c>
F:\ALL_PROJECT\GMD_workspace\picorv32_demo\Debug/../src/main.c:192
		{
			printf("\r\nEnter WBUART RX interrupt...\r\n");
 2000e26:	00001517          	auipc	a0,0x1
 2000e2a:	8ae50513          	addi	a0,a0,-1874 # 20016d4 <strlen+0x20c>
 2000e2e:	865ff0ef          	jal	2000692 <printf>
F:\ALL_PROJECT\GMD_workspace\picorv32_demo\Debug/../src/main.c:196

			//When a byte is received, the WBUART interrupt will be triggered
			//Display it on UART terminal and move on.
			irq13_flag = 0;
 2000e32:	fefff797          	auipc	a5,0xfefff
 2000e36:	29778793          	addi	a5,a5,663 # 10000c9 <irq13_flag>
 2000e3a:	00078023          	sb	zero,0(a5)
F:\ALL_PROJECT\GMD_workspace\picorv32_demo\Debug/../src/main.c:197
			wbuart_rx_buffer = wbuart_getc();
 2000e3e:	3655                	jal	20009e2 <wbuart_getc>
 2000e40:	87aa                	mv	a5,a0
F:\ALL_PROJECT\GMD_workspace\picorv32_demo\Debug/../src/main.c:197 (discriminator 1)
 2000e42:	873e                	mv	a4,a5
 2000e44:	fefff797          	auipc	a5,0xfefff
 2000e48:	28c78793          	addi	a5,a5,652 # 10000d0 <wbuart_rx_buffer>
 2000e4c:	c398                	sw	a4,0(a5)
F:\ALL_PROJECT\GMD_workspace\picorv32_demo\Debug/../src/main.c:198
			printf("Receive a byte in WBUART RX interrupt : %x\r\n", wbuart_rx_buffer);
 2000e4e:	fefff797          	auipc	a5,0xfefff
 2000e52:	28278793          	addi	a5,a5,642 # 10000d0 <wbuart_rx_buffer>
 2000e56:	439c                	lw	a5,0(a5)
 2000e58:	85be                	mv	a1,a5
 2000e5a:	00001517          	auipc	a0,0x1
 2000e5e:	89e50513          	addi	a0,a0,-1890 # 20016f8 <strlen+0x230>
 2000e62:	831ff0ef          	jal	2000692 <printf>
F:\ALL_PROJECT\GMD_workspace\picorv32_demo\Debug/../src/main.c:199
			irq_enable_one_bit(13);
 2000e66:	4535                	li	a0,13
 2000e68:	3385                	jal	2000bc8 <irq_enable_one_bit>
F:\ALL_PROJECT\GMD_workspace\picorv32_demo\Debug/../src/main.c:202
		}

		if(irq20_flag == 1)  	//A test interrupt input by a button
 2000e6a:	fefff797          	auipc	a5,0xfefff
 2000e6e:	26078793          	addi	a5,a5,608 # 10000ca <irq20_flag>
 2000e72:	0007c703          	lbu	a4,0(a5)
 2000e76:	4785                	li	a5,1
 2000e78:	02f71663          	bne	a4,a5,2000ea4 <main+0x1d6>
F:\ALL_PROJECT\GMD_workspace\picorv32_demo\Debug/../src/main.c:204
		{
			printf("\r\nPress button 1, enter an external interrupt 20...\r\n");
 2000e7c:	00001517          	auipc	a0,0x1
 2000e80:	8ac50513          	addi	a0,a0,-1876 # 2001728 <strlen+0x260>
 2000e84:	80fff0ef          	jal	2000692 <printf>
F:\ALL_PROJECT\GMD_workspace\picorv32_demo\Debug/../src/main.c:208

			//When the button is pushed. interrupt 20 will be triggered
			//Display the interrupt information on UART terminal and move on.
			irq20_flag = 0;
 2000e88:	fefff797          	auipc	a5,0xfefff
 2000e8c:	24278793          	addi	a5,a5,578 # 10000ca <irq20_flag>
 2000e90:	00078023          	sb	zero,0(a5)
F:\ALL_PROJECT\GMD_workspace\picorv32_demo\Debug/../src/main.c:209
			printf("Interrupt 20 is triggered by button 1\r\n");
 2000e94:	00001517          	auipc	a0,0x1
 2000e98:	8cc50513          	addi	a0,a0,-1844 # 2001760 <strlen+0x298>
 2000e9c:	ff6ff0ef          	jal	2000692 <printf>
F:\ALL_PROJECT\GMD_workspace\picorv32_demo\Debug/../src/main.c:210
			irq_enable_one_bit(20);
 2000ea0:	4551                	li	a0,20
 2000ea2:	331d                	jal	2000bc8 <irq_enable_one_bit>
F:\ALL_PROJECT\GMD_workspace\picorv32_demo\Debug/../src/main.c:213
		}

		if(irq21_flag == 1)		//Another test interrupt also input by a button
 2000ea4:	fefff797          	auipc	a5,0xfefff
 2000ea8:	22778793          	addi	a5,a5,551 # 10000cb <irq21_flag>
 2000eac:	0007c703          	lbu	a4,0(a5)
 2000eb0:	4785                	li	a5,1
 2000eb2:	eaf716e3          	bne	a4,a5,2000d5e <main+0x90>
F:\ALL_PROJECT\GMD_workspace\picorv32_demo\Debug/../src/main.c:215
		{
			printf("\r\nPress button 2, enter an external interrupt 21...\r\n");
 2000eb6:	00001517          	auipc	a0,0x1
 2000eba:	8d250513          	addi	a0,a0,-1838 # 2001788 <strlen+0x2c0>
 2000ebe:	fd4ff0ef          	jal	2000692 <printf>
F:\ALL_PROJECT\GMD_workspace\picorv32_demo\Debug/../src/main.c:218

			//Same as interrupt 20
			irq21_flag = 0;
 2000ec2:	fefff797          	auipc	a5,0xfefff
 2000ec6:	20978793          	addi	a5,a5,521 # 10000cb <irq21_flag>
 2000eca:	00078023          	sb	zero,0(a5)
F:\ALL_PROJECT\GMD_workspace\picorv32_demo\Debug/../src/main.c:219
			printf("Interrupt 21 is triggered by button 2\r\n");
 2000ece:	00001517          	auipc	a0,0x1
 2000ed2:	8f250513          	addi	a0,a0,-1806 # 20017c0 <strlen+0x2f8>
 2000ed6:	fbcff0ef          	jal	2000692 <printf>
F:\ALL_PROJECT\GMD_workspace\picorv32_demo\Debug/../src/main.c:220
			irq_enable_one_bit(21);
 2000eda:	4555                	li	a0,21
 2000edc:	31f5                	jal	2000bc8 <irq_enable_one_bit>
F:\ALL_PROJECT\GMD_workspace\picorv32_demo\Debug/../src/main.c:164
		if(irq00_flag == 1)  //Timer interrupt
 2000ede:	b541                	j	2000d5e <main+0x90>

02000ee0 <spi_flash_demo>:
spi_flash_demo():
F:\ALL_PROJECT\GMD_workspace\picorv32_demo\Debug/../src/main.c:229
	return 0;
}

//SPI-Flash demo
void spi_flash_demo(void)
{
 2000ee0:	7139                	addi	sp,sp,-64
 2000ee2:	de06                	sw	ra,60(sp)
 2000ee4:	dc22                	sw	s0,56(sp)
 2000ee6:	0080                	addi	s0,sp,64
F:\ALL_PROJECT\GMD_workspace\picorv32_demo\Debug/../src/main.c:230
	printf("Wishbone SPI-Flash demo beginning...\r\n");
 2000ee8:	00001517          	auipc	a0,0x1
 2000eec:	90050513          	addi	a0,a0,-1792 # 20017e8 <strlen+0x320>
 2000ef0:	fa2ff0ef          	jal	2000692 <printf>
F:\ALL_PROJECT\GMD_workspace\picorv32_demo\Debug/../src/main.c:232

	uint32_t *memmap_ptr = (uint32_t *)(MEM_MAP_ADDR1);
 2000ef4:	104007b7          	lui	a5,0x10400
 2000ef8:	fef42623          	sw	a5,-20(s0)
F:\ALL_PROJECT\GMD_workspace\picorv32_demo\Debug/../src/main.c:233
	uint32_t tmp = 0;
 2000efc:	fc042823          	sw	zero,-48(s0)
F:\ALL_PROJECT\GMD_workspace\picorv32_demo\Debug/../src/main.c:235

	printf("Read instruction by memory map mode from flash...\r\n");
 2000f00:	00001517          	auipc	a0,0x1
 2000f04:	91050513          	addi	a0,a0,-1776 # 2001810 <strlen+0x348>
 2000f08:	f8aff0ef          	jal	2000692 <printf>
F:\ALL_PROJECT\GMD_workspace\picorv32_demo\Debug/../src/main.c:236
	for(int i = 0; i < 100; i++)
 2000f0c:	fe042423          	sw	zero,-24(s0)
 2000f10:	a805                	j	2000f40 <spi_flash_demo+0x60>
F:\ALL_PROJECT\GMD_workspace\picorv32_demo\Debug/../src/main.c:238
	{
		tmp = *memmap_ptr;
 2000f12:	fec42783          	lw	a5,-20(s0)
 2000f16:	439c                	lw	a5,0(a5)
 2000f18:	fcf42823          	sw	a5,-48(s0)
F:\ALL_PROJECT\GMD_workspace\picorv32_demo\Debug/../src/main.c:239
		printf("%08x ", tmp);
 2000f1c:	fd042583          	lw	a1,-48(s0)
 2000f20:	00001517          	auipc	a0,0x1
 2000f24:	92450513          	addi	a0,a0,-1756 # 2001844 <strlen+0x37c>
 2000f28:	f6aff0ef          	jal	2000692 <printf>
F:\ALL_PROJECT\GMD_workspace\picorv32_demo\Debug/../src/main.c:240
		memmap_ptr++;
 2000f2c:	fec42783          	lw	a5,-20(s0)
 2000f30:	0791                	addi	a5,a5,4 # 10400004 <boot+0x4>
 2000f32:	fef42623          	sw	a5,-20(s0)
F:\ALL_PROJECT\GMD_workspace\picorv32_demo\Debug/../src/main.c:236 (discriminator 3)
	for(int i = 0; i < 100; i++)
 2000f36:	fe842783          	lw	a5,-24(s0)
 2000f3a:	0785                	addi	a5,a5,1
 2000f3c:	fef42423          	sw	a5,-24(s0)
F:\ALL_PROJECT\GMD_workspace\picorv32_demo\Debug/../src/main.c:236 (discriminator 1)
 2000f40:	fe842703          	lw	a4,-24(s0)
 2000f44:	06300793          	li	a5,99
 2000f48:	fce7d5e3          	bge	a5,a4,2000f12 <spi_flash_demo+0x32>
F:\ALL_PROJECT\GMD_workspace\picorv32_demo\Debug/../src/main.c:242
	}
	printf("\r\n");
 2000f4c:	00000517          	auipc	a0,0x0
 2000f50:	74450513          	addi	a0,a0,1860 # 2001690 <strlen+0x1c8>
 2000f54:	f3eff0ef          	jal	2000692 <printf>
F:\ALL_PROJECT\GMD_workspace\picorv32_demo\Debug/../src/main.c:245

	//Initializes TX buffer
	for(int i = 0; i < 100; i++)
 2000f58:	fe042223          	sw	zero,-28(s0)
 2000f5c:	a01d                	j	2000f82 <spi_flash_demo+0xa2>
F:\ALL_PROJECT\GMD_workspace\picorv32_demo\Debug/../src/main.c:247
	{
		tx_buffer[i] = i;
 2000f5e:	fe442783          	lw	a5,-28(s0)
 2000f62:	0ff7f713          	zext.b	a4,a5
 2000f66:	fefff697          	auipc	a3,0xfefff
 2000f6a:	09a68693          	addi	a3,a3,154 # 1000000 <tx_buffer>
 2000f6e:	fe442783          	lw	a5,-28(s0)
 2000f72:	97b6                	add	a5,a5,a3
 2000f74:	00e78023          	sb	a4,0(a5)
F:\ALL_PROJECT\GMD_workspace\picorv32_demo\Debug/../src/main.c:245 (discriminator 3)
	for(int i = 0; i < 100; i++)
 2000f78:	fe442783          	lw	a5,-28(s0)
 2000f7c:	0785                	addi	a5,a5,1
 2000f7e:	fef42223          	sw	a5,-28(s0)
F:\ALL_PROJECT\GMD_workspace\picorv32_demo\Debug/../src/main.c:245 (discriminator 1)
 2000f82:	fe442703          	lw	a4,-28(s0)
 2000f86:	06300793          	li	a5,99
 2000f8a:	fce7dae3          	bge	a5,a4,2000f5e <spi_flash_demo+0x7e>
F:\ALL_PROJECT\GMD_workspace\picorv32_demo\Debug/../src/main.c:251
	}

	//First read the data from flash
	printf("Read initialized data from flash...\r\n");
 2000f8e:	00001517          	auipc	a0,0x1
 2000f92:	8be50513          	addi	a0,a0,-1858 # 200184c <strlen+0x384>
 2000f96:	efcff0ef          	jal	2000692 <printf>
F:\ALL_PROJECT\GMD_workspace\picorv32_demo\Debug/../src/main.c:252
	spi_flash_read(100, 0x03, 0x610000, rx_buffer);
 2000f9a:	fefff697          	auipc	a3,0xfefff
 2000f9e:	0ca68693          	addi	a3,a3,202 # 1000064 <rx_buffer>
 2000fa2:	00610637          	lui	a2,0x610
 2000fa6:	458d                	li	a1,3
 2000fa8:	06400513          	li	a0,100
 2000fac:	841ff0ef          	jal	20007ec <spi_flash_read>
F:\ALL_PROJECT\GMD_workspace\picorv32_demo\Debug/../src/main.c:253
	for(int i = 0 ; i< 100; i ++ )
 2000fb0:	fe042023          	sw	zero,-32(s0)
 2000fb4:	a035                	j	2000fe0 <spi_flash_demo+0x100>
F:\ALL_PROJECT\GMD_workspace\picorv32_demo\Debug/../src/main.c:255
	{
		printf("%02x ", rx_buffer[i]);
 2000fb6:	fefff717          	auipc	a4,0xfefff
 2000fba:	0ae70713          	addi	a4,a4,174 # 1000064 <rx_buffer>
 2000fbe:	fe042783          	lw	a5,-32(s0)
 2000fc2:	97ba                	add	a5,a5,a4
 2000fc4:	0007c783          	lbu	a5,0(a5)
 2000fc8:	85be                	mv	a1,a5
 2000fca:	00001517          	auipc	a0,0x1
 2000fce:	8aa50513          	addi	a0,a0,-1878 # 2001874 <strlen+0x3ac>
 2000fd2:	ec0ff0ef          	jal	2000692 <printf>
F:\ALL_PROJECT\GMD_workspace\picorv32_demo\Debug/../src/main.c:253 (discriminator 3)
	for(int i = 0 ; i< 100; i ++ )
 2000fd6:	fe042783          	lw	a5,-32(s0)
 2000fda:	0785                	addi	a5,a5,1
 2000fdc:	fef42023          	sw	a5,-32(s0)
F:\ALL_PROJECT\GMD_workspace\picorv32_demo\Debug/../src/main.c:253 (discriminator 1)
 2000fe0:	fe042703          	lw	a4,-32(s0)
 2000fe4:	06300793          	li	a5,99
 2000fe8:	fce7d7e3          	bge	a5,a4,2000fb6 <spi_flash_demo+0xd6>
F:\ALL_PROJECT\GMD_workspace\picorv32_demo\Debug/../src/main.c:257
	}
	printf("\r\n");
 2000fec:	00000517          	auipc	a0,0x0
 2000ff0:	6a450513          	addi	a0,a0,1700 # 2001690 <strlen+0x1c8>
 2000ff4:	e9eff0ef          	jal	2000692 <printf>
F:\ALL_PROJECT\GMD_workspace\picorv32_demo\Debug/../src/main.c:260

	//And erase the sector
	printf("Erase flash...\r\n");
 2000ff8:	00001517          	auipc	a0,0x1
 2000ffc:	88450513          	addi	a0,a0,-1916 # 200187c <strlen+0x3b4>
 2001000:	e92ff0ef          	jal	2000692 <printf>
F:\ALL_PROJECT\GMD_workspace\picorv32_demo\Debug/../src/main.c:261
	spi_flash_sector_erase(0x610000);
 2001004:	00610537          	lui	a0,0x610
 2001008:	8c9ff0ef          	jal	20008d0 <spi_flash_sector_erase>
F:\ALL_PROJECT\GMD_workspace\picorv32_demo\Debug/../src/main.c:263

	printf("Read data after erase flash...\r\n");
 200100c:	00001517          	auipc	a0,0x1
 2001010:	88450513          	addi	a0,a0,-1916 # 2001890 <strlen+0x3c8>
 2001014:	e7eff0ef          	jal	2000692 <printf>
F:\ALL_PROJECT\GMD_workspace\picorv32_demo\Debug/../src/main.c:264
	spi_flash_read(100, 0x03, 0x610000, rx_buffer);
 2001018:	fefff697          	auipc	a3,0xfefff
 200101c:	04c68693          	addi	a3,a3,76 # 1000064 <rx_buffer>
 2001020:	00610637          	lui	a2,0x610
 2001024:	458d                	li	a1,3
 2001026:	06400513          	li	a0,100
 200102a:	fc2ff0ef          	jal	20007ec <spi_flash_read>
F:\ALL_PROJECT\GMD_workspace\picorv32_demo\Debug/../src/main.c:265
	for(int i = 0 ; i < 100 ; i ++ )
 200102e:	fc042e23          	sw	zero,-36(s0)
 2001032:	a035                	j	200105e <spi_flash_demo+0x17e>
F:\ALL_PROJECT\GMD_workspace\picorv32_demo\Debug/../src/main.c:267
	{
		printf("%02x ", rx_buffer[i]);
 2001034:	fefff717          	auipc	a4,0xfefff
 2001038:	03070713          	addi	a4,a4,48 # 1000064 <rx_buffer>
 200103c:	fdc42783          	lw	a5,-36(s0)
 2001040:	97ba                	add	a5,a5,a4
 2001042:	0007c783          	lbu	a5,0(a5)
 2001046:	85be                	mv	a1,a5
 2001048:	00001517          	auipc	a0,0x1
 200104c:	82c50513          	addi	a0,a0,-2004 # 2001874 <strlen+0x3ac>
 2001050:	e42ff0ef          	jal	2000692 <printf>
F:\ALL_PROJECT\GMD_workspace\picorv32_demo\Debug/../src/main.c:265 (discriminator 3)
	for(int i = 0 ; i < 100 ; i ++ )
 2001054:	fdc42783          	lw	a5,-36(s0)
 2001058:	0785                	addi	a5,a5,1
 200105a:	fcf42e23          	sw	a5,-36(s0)
F:\ALL_PROJECT\GMD_workspace\picorv32_demo\Debug/../src/main.c:265 (discriminator 1)
 200105e:	fdc42703          	lw	a4,-36(s0)
 2001062:	06300793          	li	a5,99
 2001066:	fce7d7e3          	bge	a5,a4,2001034 <spi_flash_demo+0x154>
F:\ALL_PROJECT\GMD_workspace\picorv32_demo\Debug/../src/main.c:269
	}
	printf("\r\n");
 200106a:	00000517          	auipc	a0,0x0
 200106e:	62650513          	addi	a0,a0,1574 # 2001690 <strlen+0x1c8>
 2001072:	e20ff0ef          	jal	2000692 <printf>
F:\ALL_PROJECT\GMD_workspace\picorv32_demo\Debug/../src/main.c:272

	//Write data to SPI flash
	printf("Page program data...\r\n");
 2001076:	00001517          	auipc	a0,0x1
 200107a:	83e50513          	addi	a0,a0,-1986 # 20018b4 <strlen+0x3ec>
 200107e:	e14ff0ef          	jal	2000692 <printf>
F:\ALL_PROJECT\GMD_workspace\picorv32_demo\Debug/../src/main.c:273
	spi_flash_page_program(100, 0x610000, tx_buffer);
 2001082:	fefff617          	auipc	a2,0xfefff
 2001086:	f7e60613          	addi	a2,a2,-130 # 1000000 <tx_buffer>
 200108a:	006105b7          	lui	a1,0x610
 200108e:	06400513          	li	a0,100
 2001092:	fd4ff0ef          	jal	2000866 <spi_flash_page_program>
F:\ALL_PROJECT\GMD_workspace\picorv32_demo\Debug/../src/main.c:276

	//Read the data be written
	printf("Read data after page program flash...\r\n");
 2001096:	00001517          	auipc	a0,0x1
 200109a:	83650513          	addi	a0,a0,-1994 # 20018cc <strlen+0x404>
 200109e:	df4ff0ef          	jal	2000692 <printf>
F:\ALL_PROJECT\GMD_workspace\picorv32_demo\Debug/../src/main.c:277
	spi_flash_read(100, 0x03, 0x610000, rx_buffer);
 20010a2:	fefff697          	auipc	a3,0xfefff
 20010a6:	fc268693          	addi	a3,a3,-62 # 1000064 <rx_buffer>
 20010aa:	00610637          	lui	a2,0x610
 20010ae:	458d                	li	a1,3
 20010b0:	06400513          	li	a0,100
 20010b4:	f38ff0ef          	jal	20007ec <spi_flash_read>
F:\ALL_PROJECT\GMD_workspace\picorv32_demo\Debug/../src/main.c:279

	for(int i = 0 ; i < 100 ; i ++ )
 20010b8:	fc042c23          	sw	zero,-40(s0)
 20010bc:	a035                	j	20010e8 <spi_flash_demo+0x208>
F:\ALL_PROJECT\GMD_workspace\picorv32_demo\Debug/../src/main.c:281
	{
		printf("%02x ", rx_buffer[i]);
 20010be:	fefff717          	auipc	a4,0xfefff
 20010c2:	fa670713          	addi	a4,a4,-90 # 1000064 <rx_buffer>
 20010c6:	fd842783          	lw	a5,-40(s0)
 20010ca:	97ba                	add	a5,a5,a4
 20010cc:	0007c783          	lbu	a5,0(a5)
 20010d0:	85be                	mv	a1,a5
 20010d2:	00000517          	auipc	a0,0x0
 20010d6:	7a250513          	addi	a0,a0,1954 # 2001874 <strlen+0x3ac>
 20010da:	db8ff0ef          	jal	2000692 <printf>
F:\ALL_PROJECT\GMD_workspace\picorv32_demo\Debug/../src/main.c:279 (discriminator 3)
	for(int i = 0 ; i < 100 ; i ++ )
 20010de:	fd842783          	lw	a5,-40(s0)
 20010e2:	0785                	addi	a5,a5,1
 20010e4:	fcf42c23          	sw	a5,-40(s0)
F:\ALL_PROJECT\GMD_workspace\picorv32_demo\Debug/../src/main.c:279 (discriminator 1)
 20010e8:	fd842703          	lw	a4,-40(s0)
 20010ec:	06300793          	li	a5,99
 20010f0:	fce7d7e3          	bge	a5,a4,20010be <spi_flash_demo+0x1de>
F:\ALL_PROJECT\GMD_workspace\picorv32_demo\Debug/../src/main.c:283
	}
	printf("\r\n");
 20010f4:	00000517          	auipc	a0,0x0
 20010f8:	59c50513          	addi	a0,a0,1436 # 2001690 <strlen+0x1c8>
 20010fc:	d96ff0ef          	jal	2000692 <printf>
F:\ALL_PROJECT\GMD_workspace\picorv32_demo\Debug/../src/main.c:285

	memmap_ptr = (uint32_t *)(MEM_MAP_ADDR2);
 2001100:	109107b7          	lui	a5,0x10910
 2001104:	fef42623          	sw	a5,-20(s0)
F:\ALL_PROJECT\GMD_workspace\picorv32_demo\Debug/../src/main.c:286
	uint32_t tmp_word = 0;
 2001108:	fc042623          	sw	zero,-52(s0)
F:\ALL_PROJECT\GMD_workspace\picorv32_demo\Debug/../src/main.c:287
	printf("Read data by memory map mode from flash...\r\n");
 200110c:	00000517          	auipc	a0,0x0
 2001110:	7e850513          	addi	a0,a0,2024 # 20018f4 <strlen+0x42c>
 2001114:	d7eff0ef          	jal	2000692 <printf>
F:\ALL_PROJECT\GMD_workspace\picorv32_demo\Debug/../src/main.c:288
	for(int i = 0; i < 100; i++)
 2001118:	fc042a23          	sw	zero,-44(s0)
 200111c:	a805                	j	200114c <spi_flash_demo+0x26c>
F:\ALL_PROJECT\GMD_workspace\picorv32_demo\Debug/../src/main.c:290
	{
		tmp_word = *memmap_ptr;
 200111e:	fec42783          	lw	a5,-20(s0)
 2001122:	439c                	lw	a5,0(a5)
 2001124:	fcf42623          	sw	a5,-52(s0)
F:\ALL_PROJECT\GMD_workspace\picorv32_demo\Debug/../src/main.c:291
		printf("%08x ", tmp_word);
 2001128:	fcc42583          	lw	a1,-52(s0)
 200112c:	00000517          	auipc	a0,0x0
 2001130:	71850513          	addi	a0,a0,1816 # 2001844 <strlen+0x37c>
 2001134:	d5eff0ef          	jal	2000692 <printf>
F:\ALL_PROJECT\GMD_workspace\picorv32_demo\Debug/../src/main.c:292
		memmap_ptr++;
 2001138:	fec42783          	lw	a5,-20(s0)
 200113c:	0791                	addi	a5,a5,4 # 10910004 <_cp_data_end+0x50e230>
 200113e:	fef42623          	sw	a5,-20(s0)
F:\ALL_PROJECT\GMD_workspace\picorv32_demo\Debug/../src/main.c:288 (discriminator 3)
	for(int i = 0; i < 100; i++)
 2001142:	fd442783          	lw	a5,-44(s0)
 2001146:	0785                	addi	a5,a5,1
 2001148:	fcf42a23          	sw	a5,-44(s0)
F:\ALL_PROJECT\GMD_workspace\picorv32_demo\Debug/../src/main.c:288 (discriminator 1)
 200114c:	fd442703          	lw	a4,-44(s0)
 2001150:	06300793          	li	a5,99
 2001154:	fce7d5e3          	bge	a5,a4,200111e <spi_flash_demo+0x23e>
F:\ALL_PROJECT\GMD_workspace\picorv32_demo\Debug/../src/main.c:294
	}
	printf("\r\n");
 2001158:	00000517          	auipc	a0,0x0
 200115c:	53850513          	addi	a0,a0,1336 # 2001690 <strlen+0x1c8>
 2001160:	d32ff0ef          	jal	2000692 <printf>
F:\ALL_PROJECT\GMD_workspace\picorv32_demo\Debug/../src/main.c:296

	printf("Wishbone SPI-Flash demo finished.\r\n");
 2001164:	00000517          	auipc	a0,0x0
 2001168:	7c050513          	addi	a0,a0,1984 # 2001924 <strlen+0x45c>
 200116c:	d26ff0ef          	jal	2000692 <printf>
F:\ALL_PROJECT\GMD_workspace\picorv32_demo\Debug/../src/main.c:297
	printf("\r\n");
 2001170:	00000517          	auipc	a0,0x0
 2001174:	52050513          	addi	a0,a0,1312 # 2001690 <strlen+0x1c8>
 2001178:	d1aff0ef          	jal	2000692 <printf>
F:\ALL_PROJECT\GMD_workspace\picorv32_demo\Debug/../src/main.c:299

	return;
 200117c:	0001                	nop
F:\ALL_PROJECT\GMD_workspace\picorv32_demo\Debug/../src/main.c:300
}
 200117e:	50f2                	lw	ra,60(sp)
 2001180:	5462                	lw	s0,56(sp)
 2001182:	6121                	addi	sp,sp,64
 2001184:	8082                	ret

02001186 <gpio_out_demo>:
gpio_out_demo():
F:\ALL_PROJECT\GMD_workspace\picorv32_demo\Debug/../src/main.c:304

//WBGPIO demo
void gpio_out_demo(void)
{
 2001186:	1101                	addi	sp,sp,-32
 2001188:	ce06                	sw	ra,28(sp)
 200118a:	cc22                	sw	s0,24(sp)
 200118c:	1000                	addi	s0,sp,32
F:\ALL_PROJECT\GMD_workspace\picorv32_demo\Debug/../src/main.c:305
	unsigned int i = 0;
 200118e:	fe042623          	sw	zero,-20(s0)
F:\ALL_PROJECT\GMD_workspace\picorv32_demo\Debug/../src/main.c:306
	uint32_t val = 0x11111111;
 2001192:	111117b7          	lui	a5,0x11111
 2001196:	11178793          	addi	a5,a5,273 # 11111111 <_cp_data_end+0xd0f33d>
 200119a:	fef42423          	sw	a5,-24(s0)
F:\ALL_PROJECT\GMD_workspace\picorv32_demo\Debug/../src/main.c:307
    uint32_t cnt = 0;
 200119e:	fe042223          	sw	zero,-28(s0)
F:\ALL_PROJECT\GMD_workspace\picorv32_demo\Debug/../src/main.c:309

	printf("Wishbone GPIO output demo beginning...\r\n");
 20011a2:	00000517          	auipc	a0,0x0
 20011a6:	7a650513          	addi	a0,a0,1958 # 2001948 <strlen+0x480>
 20011aa:	ce8ff0ef          	jal	2000692 <printf>
F:\ALL_PROJECT\GMD_workspace\picorv32_demo\Debug/../src/main.c:310
	printf("Please check the LED running status on board\r\n");
 20011ae:	00000517          	auipc	a0,0x0
 20011b2:	7c650513          	addi	a0,a0,1990 # 2001974 <strlen+0x4ac>
 20011b6:	cdcff0ef          	jal	2000692 <printf>
F:\ALL_PROJECT\GMD_workspace\picorv32_demo\Debug/../src/main.c:312

	GPIO_SetDir(PICO_WBGPIO, 0x0000000f);
 20011ba:	45bd                	li	a1,15
 20011bc:	11001537          	lui	a0,0x11001
 20011c0:	d32ff0ef          	jal	20006f2 <GPIO_SetDir>
F:\ALL_PROJECT\GMD_workspace\picorv32_demo\Debug/../src/main.c:313
	GPIO_WriteData(PICO_WBGPIO, 0xffffffff);
 20011c4:	55fd                	li	a1,-1
 20011c6:	11001537          	lui	a0,0x11001
 20011ca:	d4cff0ef          	jal	2000716 <GPIO_WriteData>
F:\ALL_PROJECT\GMD_workspace\picorv32_demo\Debug/../src/main.c:315

	while(cnt < 20)
 20011ce:	a0ad                	j	2001238 <gpio_out_demo+0xb2>
F:\ALL_PROJECT\GMD_workspace\picorv32_demo\Debug/../src/main.c:317
	{
		for(i = 0; i < 4; i++)
 20011d0:	fe042623          	sw	zero,-20(s0)
 20011d4:	a0b9                	j	2001222 <gpio_out_demo+0x9c>
F:\ALL_PROJECT\GMD_workspace\picorv32_demo\Debug/../src/main.c:319
		{
			GPIO_WriteData(PICO_WBGPIO, ~val);
 20011d6:	fe842783          	lw	a5,-24(s0)
 20011da:	fff7c793          	not	a5,a5
 20011de:	85be                	mv	a1,a5
 20011e0:	11001537          	lui	a0,0x11001
 20011e4:	d32ff0ef          	jal	2000716 <GPIO_WriteData>
F:\ALL_PROJECT\GMD_workspace\picorv32_demo\Debug/../src/main.c:320
			val = val << 1;
 20011e8:	fe842783          	lw	a5,-24(s0)
 20011ec:	0786                	slli	a5,a5,0x1
 20011ee:	fef42423          	sw	a5,-24(s0)
F:\ALL_PROJECT\GMD_workspace\picorv32_demo\Debug/../src/main.c:322

		    delay(50000000);
 20011f2:	02faf7b7          	lui	a5,0x2faf
 20011f6:	08078513          	addi	a0,a5,128 # 2faf080 <_eldsec+0xfad39c>
 20011fa:	9daff0ef          	jal	20003d4 <delay>
F:\ALL_PROJECT\GMD_workspace\picorv32_demo\Debug/../src/main.c:323
		    cnt++;
 20011fe:	fe442783          	lw	a5,-28(s0)
 2001202:	0785                	addi	a5,a5,1
 2001204:	fef42223          	sw	a5,-28(s0)
F:\ALL_PROJECT\GMD_workspace\picorv32_demo\Debug/../src/main.c:324
		    printf("LED running: %d\r\n", cnt);
 2001208:	fe442583          	lw	a1,-28(s0)
 200120c:	00000517          	auipc	a0,0x0
 2001210:	79850513          	addi	a0,a0,1944 # 20019a4 <strlen+0x4dc>
 2001214:	c7eff0ef          	jal	2000692 <printf>
F:\ALL_PROJECT\GMD_workspace\picorv32_demo\Debug/../src/main.c:317 (discriminator 3)
		for(i = 0; i < 4; i++)
 2001218:	fec42783          	lw	a5,-20(s0)
 200121c:	0785                	addi	a5,a5,1
 200121e:	fef42623          	sw	a5,-20(s0)
F:\ALL_PROJECT\GMD_workspace\picorv32_demo\Debug/../src/main.c:317 (discriminator 1)
 2001222:	fec42703          	lw	a4,-20(s0)
 2001226:	478d                	li	a5,3
 2001228:	fae7f7e3          	bgeu	a5,a4,20011d6 <gpio_out_demo+0x50>
F:\ALL_PROJECT\GMD_workspace\picorv32_demo\Debug/../src/main.c:326
		}
		val = 0x11111111;
 200122c:	111117b7          	lui	a5,0x11111
 2001230:	11178793          	addi	a5,a5,273 # 11111111 <_cp_data_end+0xd0f33d>
 2001234:	fef42423          	sw	a5,-24(s0)
F:\ALL_PROJECT\GMD_workspace\picorv32_demo\Debug/../src/main.c:315
	while(cnt < 20)
 2001238:	fe442703          	lw	a4,-28(s0)
 200123c:	47cd                	li	a5,19
 200123e:	f8e7f9e3          	bgeu	a5,a4,20011d0 <gpio_out_demo+0x4a>
F:\ALL_PROJECT\GMD_workspace\picorv32_demo\Debug/../src/main.c:328
	}
	val = 0x00000000;
 2001242:	fe042423          	sw	zero,-24(s0)
F:\ALL_PROJECT\GMD_workspace\picorv32_demo\Debug/../src/main.c:329
	GPIO_WriteData(PICO_WBGPIO, val);
 2001246:	fe842583          	lw	a1,-24(s0)
 200124a:	11001537          	lui	a0,0x11001
 200124e:	cc8ff0ef          	jal	2000716 <GPIO_WriteData>
F:\ALL_PROJECT\GMD_workspace\picorv32_demo\Debug/../src/main.c:331

	printf("Wishbone GPIO output demo finished.\r\n");
 2001252:	00000517          	auipc	a0,0x0
 2001256:	76650513          	addi	a0,a0,1894 # 20019b8 <strlen+0x4f0>
 200125a:	c38ff0ef          	jal	2000692 <printf>
F:\ALL_PROJECT\GMD_workspace\picorv32_demo\Debug/../src/main.c:332
	printf("\r\n");
 200125e:	00000517          	auipc	a0,0x0
 2001262:	43250513          	addi	a0,a0,1074 # 2001690 <strlen+0x1c8>
 2001266:	c2cff0ef          	jal	2000692 <printf>
F:\ALL_PROJECT\GMD_workspace\picorv32_demo\Debug/../src/main.c:334

	return;
 200126a:	0001                	nop
F:\ALL_PROJECT\GMD_workspace\picorv32_demo\Debug/../src/main.c:335
}
 200126c:	40f2                	lw	ra,28(sp)
 200126e:	4462                	lw	s0,24(sp)
 2001270:	6105                	addi	sp,sp,32
 2001272:	8082                	ret

02001274 <wbreg_demo>:
wbreg_demo():
F:\ALL_PROJECT\GMD_workspace\picorv32_demo\Debug/../src/main.c:339

//Open Wishbone interface demo
void wbreg_demo(void)
{
 2001274:	1101                	addi	sp,sp,-32
 2001276:	ce06                	sw	ra,28(sp)
 2001278:	cc22                	sw	s0,24(sp)
 200127a:	1000                	addi	s0,sp,32
F:\ALL_PROJECT\GMD_workspace\picorv32_demo\Debug/../src/main.c:340
	printf("Open Wishbone interface demo beginning...\r\n");
 200127c:	00000517          	auipc	a0,0x0
 2001280:	76450513          	addi	a0,a0,1892 # 20019e0 <strlen+0x518>
 2001284:	c0eff0ef          	jal	2000692 <printf>
F:\ALL_PROJECT\GMD_workspace\picorv32_demo\Debug/../src/main.c:341
	printf("Wishbone extension demo, write and read back the three registers on the open Wishbone interface\r\n");
 2001288:	00000517          	auipc	a0,0x0
 200128c:	78450513          	addi	a0,a0,1924 # 2001a0c <strlen+0x544>
 2001290:	c02ff0ef          	jal	2000692 <printf>
F:\ALL_PROJECT\GMD_workspace\picorv32_demo\Debug/../src/main.c:343

	volatile uint32_t *ptr_reg0 = (uint32_t *)(0x20000000);
 2001294:	200007b7          	lui	a5,0x20000
 2001298:	fef42623          	sw	a5,-20(s0)
F:\ALL_PROJECT\GMD_workspace\picorv32_demo\Debug/../src/main.c:344
	volatile uint16_t *ptr_reg1 = (uint16_t *)(0x20000004);
 200129c:	200007b7          	lui	a5,0x20000
 20012a0:	0791                	addi	a5,a5,4 # 20000004 <_cp_data_end+0xfbfe230>
 20012a2:	fef42423          	sw	a5,-24(s0)
F:\ALL_PROJECT\GMD_workspace\picorv32_demo\Debug/../src/main.c:345
	volatile uint8_t  *ptr_reg2 = (uint8_t  *)(0x20000008);
 20012a6:	200007b7          	lui	a5,0x20000
 20012aa:	07a1                	addi	a5,a5,8 # 20000008 <_cp_data_end+0xfbfe234>
 20012ac:	fef42223          	sw	a5,-28(s0)
F:\ALL_PROJECT\GMD_workspace\picorv32_demo\Debug/../src/main.c:347

	printf("Before write Wishbone demo register:\r\n");
 20012b0:	00000517          	auipc	a0,0x0
 20012b4:	7c050513          	addi	a0,a0,1984 # 2001a70 <strlen+0x5a8>
 20012b8:	bdaff0ef          	jal	2000692 <printf>
F:\ALL_PROJECT\GMD_workspace\picorv32_demo\Debug/../src/main.c:348
	printf("Reg0: %08x\r\n", *ptr_reg0);
 20012bc:	fec42783          	lw	a5,-20(s0)
 20012c0:	439c                	lw	a5,0(a5)
 20012c2:	85be                	mv	a1,a5
 20012c4:	00000517          	auipc	a0,0x0
 20012c8:	7d450513          	addi	a0,a0,2004 # 2001a98 <strlen+0x5d0>
 20012cc:	bc6ff0ef          	jal	2000692 <printf>
F:\ALL_PROJECT\GMD_workspace\picorv32_demo\Debug/../src/main.c:349
	printf("Reg1: %04x\r\n", *ptr_reg1);
 20012d0:	fe842783          	lw	a5,-24(s0)
 20012d4:	0007d783          	lhu	a5,0(a5)
 20012d8:	07c2                	slli	a5,a5,0x10
 20012da:	83c1                	srli	a5,a5,0x10
 20012dc:	85be                	mv	a1,a5
 20012de:	00000517          	auipc	a0,0x0
 20012e2:	7ca50513          	addi	a0,a0,1994 # 2001aa8 <strlen+0x5e0>
 20012e6:	bacff0ef          	jal	2000692 <printf>
F:\ALL_PROJECT\GMD_workspace\picorv32_demo\Debug/../src/main.c:350
	printf("Reg2: %02x\r\n", *ptr_reg2);
 20012ea:	fe442783          	lw	a5,-28(s0)
 20012ee:	0007c783          	lbu	a5,0(a5)
 20012f2:	0ff7f793          	zext.b	a5,a5
 20012f6:	85be                	mv	a1,a5
 20012f8:	00000517          	auipc	a0,0x0
 20012fc:	7c050513          	addi	a0,a0,1984 # 2001ab8 <strlen+0x5f0>
 2001300:	b92ff0ef          	jal	2000692 <printf>
F:\ALL_PROJECT\GMD_workspace\picorv32_demo\Debug/../src/main.c:352

	*ptr_reg0 = (*ptr_reg0) + 0x11111111;
 2001304:	fec42783          	lw	a5,-20(s0)
 2001308:	4398                	lw	a4,0(a5)
 200130a:	111117b7          	lui	a5,0x11111
 200130e:	11178793          	addi	a5,a5,273 # 11111111 <_cp_data_end+0xd0f33d>
 2001312:	973e                	add	a4,a4,a5
 2001314:	fec42783          	lw	a5,-20(s0)
 2001318:	c398                	sw	a4,0(a5)
F:\ALL_PROJECT\GMD_workspace\picorv32_demo\Debug/../src/main.c:353
	*ptr_reg1 = (*ptr_reg1) + 0x1111;
 200131a:	fe842783          	lw	a5,-24(s0)
 200131e:	0007d783          	lhu	a5,0(a5)
 2001322:	01079713          	slli	a4,a5,0x10
 2001326:	8341                	srli	a4,a4,0x10
 2001328:	6785                	lui	a5,0x1
 200132a:	11178793          	addi	a5,a5,273 # 1111 <_lma_btsec_end+0x1085>
 200132e:	97ba                	add	a5,a5,a4
 2001330:	01079713          	slli	a4,a5,0x10
 2001334:	8341                	srli	a4,a4,0x10
 2001336:	fe842783          	lw	a5,-24(s0)
 200133a:	00e79023          	sh	a4,0(a5)
F:\ALL_PROJECT\GMD_workspace\picorv32_demo\Debug/../src/main.c:354
	*ptr_reg2 = (*ptr_reg2) + 0x11;
 200133e:	fe442783          	lw	a5,-28(s0)
 2001342:	0007c783          	lbu	a5,0(a5)
 2001346:	0ff7f793          	zext.b	a5,a5
 200134a:	07c5                	addi	a5,a5,17
 200134c:	0ff7f713          	zext.b	a4,a5
 2001350:	fe442783          	lw	a5,-28(s0)
 2001354:	00e78023          	sb	a4,0(a5)
F:\ALL_PROJECT\GMD_workspace\picorv32_demo\Debug/../src/main.c:356

	printf("After write Wishbone demo register:\r\n");
 2001358:	00000517          	auipc	a0,0x0
 200135c:	77050513          	addi	a0,a0,1904 # 2001ac8 <strlen+0x600>
 2001360:	b32ff0ef          	jal	2000692 <printf>
F:\ALL_PROJECT\GMD_workspace\picorv32_demo\Debug/../src/main.c:357
	printf("Reg0: %08x\r\n", *ptr_reg0);
 2001364:	fec42783          	lw	a5,-20(s0)
 2001368:	439c                	lw	a5,0(a5)
 200136a:	85be                	mv	a1,a5
 200136c:	00000517          	auipc	a0,0x0
 2001370:	72c50513          	addi	a0,a0,1836 # 2001a98 <strlen+0x5d0>
 2001374:	b1eff0ef          	jal	2000692 <printf>
F:\ALL_PROJECT\GMD_workspace\picorv32_demo\Debug/../src/main.c:358
	printf("Reg1: %04x\r\n", *ptr_reg1);
 2001378:	fe842783          	lw	a5,-24(s0)
 200137c:	0007d783          	lhu	a5,0(a5)
 2001380:	07c2                	slli	a5,a5,0x10
 2001382:	83c1                	srli	a5,a5,0x10
 2001384:	85be                	mv	a1,a5
 2001386:	00000517          	auipc	a0,0x0
 200138a:	72250513          	addi	a0,a0,1826 # 2001aa8 <strlen+0x5e0>
 200138e:	b04ff0ef          	jal	2000692 <printf>
F:\ALL_PROJECT\GMD_workspace\picorv32_demo\Debug/../src/main.c:359
	printf("Reg2: %02x\r\n", *ptr_reg2);
 2001392:	fe442783          	lw	a5,-28(s0)
 2001396:	0007c783          	lbu	a5,0(a5)
 200139a:	0ff7f793          	zext.b	a5,a5
 200139e:	85be                	mv	a1,a5
 20013a0:	00000517          	auipc	a0,0x0
 20013a4:	71850513          	addi	a0,a0,1816 # 2001ab8 <strlen+0x5f0>
 20013a8:	aeaff0ef          	jal	2000692 <printf>
F:\ALL_PROJECT\GMD_workspace\picorv32_demo\Debug/../src/main.c:360
	printf("Open Wishbone interface demo finished.\r\n");
 20013ac:	00000517          	auipc	a0,0x0
 20013b0:	74450513          	addi	a0,a0,1860 # 2001af0 <strlen+0x628>
 20013b4:	adeff0ef          	jal	2000692 <printf>
F:\ALL_PROJECT\GMD_workspace\picorv32_demo\Debug/../src/main.c:361
	printf("\r\n");
 20013b8:	00000517          	auipc	a0,0x0
 20013bc:	2d850513          	addi	a0,a0,728 # 2001690 <strlen+0x1c8>
 20013c0:	ad2ff0ef          	jal	2000692 <printf>
F:\ALL_PROJECT\GMD_workspace\picorv32_demo\Debug/../src/main.c:363

	return;
 20013c4:	0001                	nop
F:\ALL_PROJECT\GMD_workspace\picorv32_demo\Debug/../src/main.c:364
}
 20013c6:	40f2                	lw	ra,28(sp)
 20013c8:	4462                	lw	s0,24(sp)
 20013ca:	6105                	addi	sp,sp,32
 20013cc:	8082                	ret

020013ce <ahbreg_demo>:
ahbreg_demo():
F:\ALL_PROJECT\GMD_workspace\picorv32_demo\Debug/../src/main.c:368

//Open AHB interface demo
void ahbreg_demo(void)
{
 20013ce:	1101                	addi	sp,sp,-32
 20013d0:	ce06                	sw	ra,28(sp)
 20013d2:	cc22                	sw	s0,24(sp)
 20013d4:	1000                	addi	s0,sp,32
F:\ALL_PROJECT\GMD_workspace\picorv32_demo\Debug/../src/main.c:369
	uint32_t tmp0 = 0x01234567;
 20013d6:	012347b7          	lui	a5,0x1234
 20013da:	56778793          	addi	a5,a5,1383 # 1234567 <_ebss+0x234493>
 20013de:	fef42623          	sw	a5,-20(s0)
F:\ALL_PROJECT\GMD_workspace\picorv32_demo\Debug/../src/main.c:370
	uint32_t tmp1 = 0x89abcdef;
 20013e2:	89abd7b7          	lui	a5,0x89abd
 20013e6:	def78793          	addi	a5,a5,-529 # 89abcdef <_cp_data_end+0x796bb01b>
 20013ea:	fef42423          	sw	a5,-24(s0)
F:\ALL_PROJECT\GMD_workspace\picorv32_demo\Debug/../src/main.c:371
	uint32_t rdbk = 0;
 20013ee:	fe042223          	sw	zero,-28(s0)
F:\ALL_PROJECT\GMD_workspace\picorv32_demo\Debug/../src/main.c:373

	printf("Open AHB bus interface demo beginning...\r\n");
 20013f2:	00000517          	auipc	a0,0x0
 20013f6:	72a50513          	addi	a0,a0,1834 # 2001b1c <strlen+0x654>
 20013fa:	a98ff0ef          	jal	2000692 <printf>
F:\ALL_PROJECT\GMD_workspace\picorv32_demo\Debug/../src/main.c:375

	PICO_AHBREGDEMO->REG0 = tmp0;
 20013fe:	800007b7          	lui	a5,0x80000
 2001402:	fec42703          	lw	a4,-20(s0)
 2001406:	c398                	sw	a4,0(a5)
F:\ALL_PROJECT\GMD_workspace\picorv32_demo\Debug/../src/main.c:376
	PICO_AHBREGDEMO->REG1 = tmp1;
 2001408:	800007b7          	lui	a5,0x80000
 200140c:	fe842703          	lw	a4,-24(s0)
 2001410:	c3d8                	sw	a4,4(a5)
F:\ALL_PROJECT\GMD_workspace\picorv32_demo\Debug/../src/main.c:378

	rdbk = PICO_AHBREGDEMO->REG0;
 2001412:	800007b7          	lui	a5,0x80000
 2001416:	439c                	lw	a5,0(a5)
 2001418:	fef42223          	sw	a5,-28(s0)
F:\ALL_PROJECT\GMD_workspace\picorv32_demo\Debug/../src/main.c:379
	printf("ahbreg0 is  %08x\r\n", rdbk);
 200141c:	fe442583          	lw	a1,-28(s0)
 2001420:	00000517          	auipc	a0,0x0
 2001424:	72850513          	addi	a0,a0,1832 # 2001b48 <strlen+0x680>
 2001428:	a6aff0ef          	jal	2000692 <printf>
F:\ALL_PROJECT\GMD_workspace\picorv32_demo\Debug/../src/main.c:381

	rdbk = PICO_AHBREGDEMO->REG1;
 200142c:	800007b7          	lui	a5,0x80000
 2001430:	43dc                	lw	a5,4(a5)
 2001432:	fef42223          	sw	a5,-28(s0)
F:\ALL_PROJECT\GMD_workspace\picorv32_demo\Debug/../src/main.c:382
	printf("ahbreg1 is %08x\r\n", rdbk);
 2001436:	fe442583          	lw	a1,-28(s0)
 200143a:	00000517          	auipc	a0,0x0
 200143e:	72250513          	addi	a0,a0,1826 # 2001b5c <strlen+0x694>
 2001442:	a50ff0ef          	jal	2000692 <printf>
F:\ALL_PROJECT\GMD_workspace\picorv32_demo\Debug/../src/main.c:384

	printf("Open AHB bus interface demo finished.\r\n");
 2001446:	00000517          	auipc	a0,0x0
 200144a:	72a50513          	addi	a0,a0,1834 # 2001b70 <strlen+0x6a8>
 200144e:	a44ff0ef          	jal	2000692 <printf>
F:\ALL_PROJECT\GMD_workspace\picorv32_demo\Debug/../src/main.c:385
	printf("\r\n");
 2001452:	00000517          	auipc	a0,0x0
 2001456:	23e50513          	addi	a0,a0,574 # 2001690 <strlen+0x1c8>
 200145a:	a38ff0ef          	jal	2000692 <printf>
F:\ALL_PROJECT\GMD_workspace\picorv32_demo\Debug/../src/main.c:387

	return;
 200145e:	0001                	nop
F:\ALL_PROJECT\GMD_workspace\picorv32_demo\Debug/../src/main.c:388
}
 2001460:	40f2                	lw	ra,28(sp)
 2001462:	4462                	lw	s0,24(sp)
 2001464:	6105                	addi	sp,sp,32
 2001466:	8082                	ret

02001468 <uart_rx_demo>:
uart_rx_demo():
F:\ALL_PROJECT\GMD_workspace\picorv32_demo\Debug/../src/main.c:392

//WBUART RX Demo
void uart_rx_demo(void)
{
 2001468:	1101                	addi	sp,sp,-32
 200146a:	ce06                	sw	ra,28(sp)
 200146c:	cc22                	sw	s0,24(sp)
 200146e:	1000                	addi	s0,sp,32
F:\ALL_PROJECT\GMD_workspace\picorv32_demo\Debug/../src/main.c:393
	uint32_t rx_buffer_local = 0;
 2001470:	fe042623          	sw	zero,-20(s0)
F:\ALL_PROJECT\GMD_workspace\picorv32_demo\Debug/../src/main.c:395

	printf("Wishbone UART RX demo beginning...\r\n");
 2001474:	00000517          	auipc	a0,0x0
 2001478:	72450513          	addi	a0,a0,1828 # 2001b98 <strlen+0x6d0>
 200147c:	a16ff0ef          	jal	2000692 <printf>
F:\ALL_PROJECT\GMD_workspace\picorv32_demo\Debug/../src/main.c:396
	printf("Receive a byte from UART RX port\r\n");
 2001480:	00000517          	auipc	a0,0x0
 2001484:	74050513          	addi	a0,a0,1856 # 2001bc0 <strlen+0x6f8>
 2001488:	a0aff0ef          	jal	2000692 <printf>
F:\ALL_PROJECT\GMD_workspace\picorv32_demo\Debug/../src/main.c:398

	rx_buffer_local = wbuart_getc();
 200148c:	d56ff0ef          	jal	20009e2 <wbuart_getc>
 2001490:	87aa                	mv	a5,a0
F:\ALL_PROJECT\GMD_workspace\picorv32_demo\Debug/../src/main.c:398 (discriminator 1)
 2001492:	fef42623          	sw	a5,-20(s0)
F:\ALL_PROJECT\GMD_workspace\picorv32_demo\Debug/../src/main.c:400

	printf("received: %x\r\n", rx_buffer_local);
 2001496:	fec42583          	lw	a1,-20(s0)
 200149a:	00000517          	auipc	a0,0x0
 200149e:	74a50513          	addi	a0,a0,1866 # 2001be4 <strlen+0x71c>
 20014a2:	9f0ff0ef          	jal	2000692 <printf>
F:\ALL_PROJECT\GMD_workspace\picorv32_demo\Debug/../src/main.c:401
	printf("Wishbone UART RX demo finished.\r\n");
 20014a6:	00000517          	auipc	a0,0x0
 20014aa:	74e50513          	addi	a0,a0,1870 # 2001bf4 <strlen+0x72c>
 20014ae:	9e4ff0ef          	jal	2000692 <printf>
F:\ALL_PROJECT\GMD_workspace\picorv32_demo\Debug/../src/main.c:402
	printf("\r\n");
 20014b2:	00000517          	auipc	a0,0x0
 20014b6:	1de50513          	addi	a0,a0,478 # 2001690 <strlen+0x1c8>
 20014ba:	9d8ff0ef          	jal	2000692 <printf>
F:\ALL_PROJECT\GMD_workspace\picorv32_demo\Debug/../src/main.c:404

	return;
 20014be:	0001                	nop
F:\ALL_PROJECT\GMD_workspace\picorv32_demo\Debug/../src/main.c:405
}
 20014c0:	40f2                	lw	ra,28(sp)
 20014c2:	4462                	lw	s0,24(sp)
 20014c4:	6105                	addi	sp,sp,32
 20014c6:	8082                	ret

020014c8 <strlen>:
strlen():
 20014c8:	00357793          	andi	a5,a0,3
 20014cc:	872a                	mv	a4,a0
 20014ce:	ef9d                	bnez	a5,200150c <strlen+0x44>
 20014d0:	7f7f86b7          	lui	a3,0x7f7f8
 20014d4:	f7f68693          	addi	a3,a3,-129 # 7f7f7f7f <_cp_data_end+0x6f3f61ab>
 20014d8:	55fd                	li	a1,-1
 20014da:	4310                	lw	a2,0(a4)
 20014dc:	0711                	addi	a4,a4,4
 20014de:	00d677b3          	and	a5,a2,a3
 20014e2:	97b6                	add	a5,a5,a3
 20014e4:	8fd1                	or	a5,a5,a2
 20014e6:	8fd5                	or	a5,a5,a3
 20014e8:	feb789e3          	beq	a5,a1,20014da <strlen+0x12>
 20014ec:	ffc74683          	lbu	a3,-4(a4)
 20014f0:	40a707b3          	sub	a5,a4,a0
 20014f4:	ca8d                	beqz	a3,2001526 <strlen+0x5e>
 20014f6:	ffd74683          	lbu	a3,-3(a4)
 20014fa:	c29d                	beqz	a3,2001520 <strlen+0x58>
 20014fc:	ffe74503          	lbu	a0,-2(a4)
 2001500:	00a03533          	snez	a0,a0
 2001504:	953e                	add	a0,a0,a5
 2001506:	1579                	addi	a0,a0,-2
 2001508:	8082                	ret
 200150a:	d2f9                	beqz	a3,20014d0 <strlen+0x8>
 200150c:	00074783          	lbu	a5,0(a4)
 2001510:	0705                	addi	a4,a4,1
 2001512:	00377693          	andi	a3,a4,3
 2001516:	fbf5                	bnez	a5,200150a <strlen+0x42>
 2001518:	8f09                	sub	a4,a4,a0
 200151a:	fff70513          	addi	a0,a4,-1
 200151e:	8082                	ret
 2001520:	ffd78513          	addi	a0,a5,-3 # 7ffffffd <_cp_data_end+0x6fbfe229>
 2001524:	8082                	ret
 2001526:	ffc78513          	addi	a0,a5,-4
 200152a:	8082                	ret
 200152c:	0a0d                	addi	s4,s4,3
 200152e:	2d2d                	jal	2001b68 <strlen+0x6a0>
 2001530:	2d2d                	jal	2001b6a <strlen+0x6a2>
 2001532:	2d2d                	jal	2001b6c <strlen+0x6a4>
 2001534:	2d2d                	jal	2001b6e <strlen+0x6a6>
 2001536:	2d2d                	jal	2001b70 <strlen+0x6a8>
 2001538:	2d2d                	jal	2001b72 <strlen+0x6aa>
 200153a:	2d2d                	jal	2001b74 <strlen+0x6ac>
 200153c:	2d2d                	jal	2001b76 <strlen+0x6ae>
 200153e:	2d2d                	jal	2001b78 <strlen+0x6b0>
 2001540:	2d2d                	jal	2001b7a <strlen+0x6b2>
 2001542:	2d2d                	jal	2001b7c <strlen+0x6b4>
 2001544:	2d2d                	jal	2001b7e <strlen+0x6b6>
 2001546:	2d2d                	jal	2001b80 <strlen+0x6b8>
 2001548:	2d2d                	jal	2001b82 <strlen+0x6ba>
 200154a:	2d2d                	jal	2001b84 <strlen+0x6bc>
 200154c:	2d2d                	jal	2001b86 <strlen+0x6be>
 200154e:	2d2d                	jal	2001b88 <strlen+0x6c0>
 2001550:	2d2d                	jal	2001b8a <strlen+0x6c2>
 2001552:	0d2d                	addi	s10,s10,11
 2001554:	000a                	c.slli	zero,0x2
 2001556:	0000                	unimp
 2001558:	7552                	.insn	2, 0x7552
 200155a:	6e6e                	.insn	2, 0x6e6e
 200155c:	6e69                	lui	t3,0x1a
 200155e:	74732067          	.insn	4, 0x74732067
 2001562:	7461                	lui	s0,0xffff8
 2001564:	7375                	lui	t1,0xffffd
 2001566:	203a                	.insn	2, 0x203a
 2001568:	0a0d                	addi	s4,s4,3
 200156a:	0000                	unimp
 200156c:	6c637943          	.insn	4, 0x6c637943
 2001570:	2065                	jal	2001618 <strlen+0x150>
 2001572:	6e756f63          	bltu	a0,t2,2001c70 <_etext+0x50>
 2001576:	6574                	.insn	2, 0x6574
 2001578:	2072                	.insn	2, 0x2072
 200157a:	2e2e                	.insn	2, 0x2e2e
 200157c:	2e2e                	.insn	2, 0x2e2e
 200157e:	2e2e                	.insn	2, 0x2e2e
 2001580:	2e2e                	.insn	2, 0x2e2e
 2001582:	203a                	.insn	2, 0x203a
 2001584:	7525                	lui	a0,0xfffe9
 2001586:	0a0d                	addi	s4,s4,3
 2001588:	0000                	unimp
 200158a:	0000                	unimp
 200158c:	6e49                	lui	t3,0x12
 200158e:	75727473          	.insn	4, 0x75727473
 2001592:	6f697463          	bgeu	s2,s6,2001c7a <_etext+0x5a>
 2001596:	206e                	.insn	2, 0x206e
 2001598:	6e756f63          	bltu	a0,t2,2001c96 <_etext+0x76>
 200159c:	6574                	.insn	2, 0x6574
 200159e:	2072                	.insn	2, 0x2072
 20015a0:	2e2e                	.insn	2, 0x2e2e
 20015a2:	203a                	.insn	2, 0x203a
 20015a4:	7525                	lui	a0,0xfffe9
 20015a6:	0a0d                	addi	s4,s4,3
 20015a8:	0000                	unimp
 20015aa:	0000                	unimp
 20015ac:	3a495043          	.insn	4, 0x3a495043
 20015b0:	0020                	addi	s0,sp,8
 20015b2:	0000                	unimp
 20015b4:	002e                	c.slli	zero,0xb
 20015b6:	0000                	unimp
 20015b8:	0a0d                	addi	s4,s4,3
 20015ba:	0000                	unimp
 20015bc:	2d2d                	jal	2001bf6 <strlen+0x72e>
 20015be:	2d2d                	jal	2001bf8 <strlen+0x730>
 20015c0:	2d2d                	jal	2001bfa <strlen+0x732>
 20015c2:	2d2d                	jal	2001bfc <strlen+0x734>
 20015c4:	2d2d                	jal	2001bfe <strlen+0x736>
 20015c6:	2d2d                	jal	2001c00 <strlen+0x738>
 20015c8:	2d2d                	jal	2001c02 <strlen+0x73a>
 20015ca:	2d2d                	jal	2001c04 <strlen+0x73c>
 20015cc:	2d2d                	jal	2001c06 <strlen+0x73e>
 20015ce:	2d2d                	jal	2001c08 <strlen+0x740>
 20015d0:	2d2d                	jal	2001c0a <strlen+0x742>
 20015d2:	2d2d                	jal	2001c0c <strlen+0x744>
 20015d4:	2d2d                	jal	2001c0e <strlen+0x746>
 20015d6:	2d2d                	jal	2001c10 <strlen+0x748>
 20015d8:	2d2d                	jal	2001c12 <strlen+0x74a>
 20015da:	2d2d                	jal	2001c14 <strlen+0x74c>
 20015dc:	2d2d                	jal	2001c16 <strlen+0x74e>
 20015de:	2d2d                	jal	2001c18 <strlen+0x750>
 20015e0:	0d2d                	addi	s10,s10,11
 20015e2:	000a                	c.slli	zero,0x2
 20015e4:	6c49                	lui	s8,0x12
 20015e6:	656c                	.insn	2, 0x656c
 20015e8:	206c6167          	.insn	4, 0x206c6167
 20015ec:	6e49                	lui	t3,0x12
 20015ee:	74612073          	.insn	4, 0x74612073
 20015f2:	3020                	.insn	2, 0x3020
 20015f4:	0078                	addi	a4,sp,12
 20015f6:	0000                	unimp
 20015f8:	7825                	lui	a6,0xfffe9
 20015fa:	0a0d                	addi	s4,s4,3
 20015fc:	0000                	unimp
 20015fe:	0000                	unimp
 2001600:	203a                	.insn	2, 0x203a
 2001602:	7830                	.insn	2, 0x7830
 2001604:	0000                	unimp
 2001606:	0000                	unimp
 2001608:	7542                	.insn	2, 0x7542
 200160a:	72652073          	.insn	4, 0x72652073
 200160e:	6f72                	.insn	2, 0x6f72
 2001610:	2072                	.insn	2, 0x2072
 2001612:	7461                	lui	s0,0xffff8
 2001614:	3020                	.insn	2, 0x3020
 2001616:	0078                	addi	a4,sp,12
 2001618:	0a0d                	addi	s4,s4,3
 200161a:	2d2d                	jal	2001c54 <_etext+0x34>
 200161c:	2d2d                	jal	2001c56 <_etext+0x36>
 200161e:	2d2d                	jal	2001c58 <_etext+0x38>
 2001620:	2d2d                	jal	2001c5a <_etext+0x3a>
 2001622:	2d2d                	jal	2001c5c <_etext+0x3c>
 2001624:	2d2d                	jal	2001c5e <_etext+0x3e>
 2001626:	2d2d                	jal	2001c60 <_etext+0x40>
 2001628:	2d2d                	jal	2001c62 <_etext+0x42>
 200162a:	2d2d                	jal	2001c64 <_etext+0x44>
 200162c:	202d                	jal	2001656 <strlen+0x18e>
 200162e:	69776f47          	.insn	4, 0x69776f47
 2001632:	5f6e                	lw	t5,248(sp)
 2001634:	6950                	.insn	2, 0x6950
 2001636:	56526f63          	bltu	tp,t0,2001bb4 <strlen+0x6ec>
 200163a:	44203233          	.insn	4, 0x44203233
 200163e:	6d65                	lui	s10,0x19
 2001640:	2d2d206f          	j	20d3912 <_eldsec+0xd1c2e>
 2001644:	2d2d                	jal	2001c7e <_etext+0x5e>
 2001646:	2d2d                	jal	2001c80 <_etext+0x60>
 2001648:	2d2d                	jal	2001c82 <_etext+0x62>
 200164a:	2d2d                	jal	2001c84 <_etext+0x64>
 200164c:	2d2d                	jal	2001c86 <_etext+0x66>
 200164e:	2d2d                	jal	2001c88 <_etext+0x68>
 2001650:	2d2d                	jal	2001c8a <_etext+0x6a>
 2001652:	2d2d                	jal	2001c8c <_etext+0x6c>
 2001654:	2d2d                	jal	2001c8e <_etext+0x6e>
 2001656:	2d2d                	jal	2001c90 <_etext+0x70>
 2001658:	0a0d                	addi	s4,s4,3
 200165a:	0000                	unimp
 200165c:	0a0d                	addi	s4,s4,3
 200165e:	434d                	li	t1,19
 2001660:	2055                	jal	2001704 <strlen+0x23c>
 2001662:	6f62                	.insn	2, 0x6f62
 2001664:	6620746f          	jal	s0,2008cc6 <_eldsec+0x6fe2>
 2001668:	6f72                	.insn	2, 0x6f72
 200166a:	206d                	jal	2001714 <strlen+0x24c>
 200166c:	7865                	lui	a6,0xffff9
 200166e:	6574                	.insn	2, 0x6574
 2001670:	6e72                	.insn	2, 0x6e72
 2001672:	6c61                	lui	s8,0x18
 2001674:	6620                	.insn	2, 0x6620
 2001676:	616c                	.insn	2, 0x616c
 2001678:	61206873          	.insn	4, 0x61206873
 200167c:	646e                	.insn	2, 0x646e
 200167e:	7220                	.insn	2, 0x7220
 2001680:	6e75                	lui	t3,0x1d
 2001682:	6920                	.insn	2, 0x6920
 2001684:	206e                	.insn	2, 0x206e
 2001686:	5449                	li	s0,-14
 2001688:	0d2e4d43          	.insn	4, 0x0d2e4d43
 200168c:	000a                	c.slli	zero,0x2
 200168e:	0000                	unimp
 2001690:	0a0d                	addi	s4,s4,3
 2001692:	0000                	unimp
 2001694:	0a0d                	addi	s4,s4,3
 2001696:	6e45                	lui	t3,0x11
 2001698:	6574                	.insn	2, 0x6574
 200169a:	2072                	.insn	2, 0x2072
 200169c:	6974                	.insn	2, 0x6974
 200169e:	656d                	lui	a0,0x1b
 20016a0:	2072                	.insn	2, 0x2072
 20016a2:	6e69                	lui	t3,0x1a
 20016a4:	6574                	.insn	2, 0x6574
 20016a6:	7272                	.insn	2, 0x7272
 20016a8:	7075                	c.lui	zero,0xffffd
 20016aa:	2e74                	.insn	2, 0x2e74
 20016ac:	2e2e                	.insn	2, 0x2e2e
 20016ae:	0a0d                	addi	s4,s4,3
 20016b0:	0000                	unimp
 20016b2:	0000                	unimp
 20016b4:	6954                	.insn	2, 0x6954
 20016b6:	656d                	lui	a0,0x1b
 20016b8:	2072                	.insn	2, 0x2072
 20016ba:	6e69                	lui	t3,0x1a
 20016bc:	6574                	.insn	2, 0x6574
 20016be:	7272                	.insn	2, 0x7272
 20016c0:	7075                	c.lui	zero,0xffffd
 20016c2:	2074                	.insn	2, 0x2074
 20016c4:	6e756f63          	bltu	a0,t2,2001dc2 <_eldsec+0xde>
 20016c8:	6574                	.insn	2, 0x6574
 20016ca:	2072                	.insn	2, 0x2072
 20016cc:	203a                	.insn	2, 0x203a
 20016ce:	3825                	jal	2000f06 <spi_flash_demo+0x26>
 20016d0:	0d64                	addi	s1,sp,668
 20016d2:	000a                	c.slli	zero,0x2
 20016d4:	0a0d                	addi	s4,s4,3
 20016d6:	6e45                	lui	t3,0x11
 20016d8:	6574                	.insn	2, 0x6574
 20016da:	2072                	.insn	2, 0x2072
 20016dc:	41554257          	.insn	4, 0x41554257
 20016e0:	5452                	lw	s0,52(sp)
 20016e2:	5220                	lw	s0,96(a2)
 20016e4:	2058                	.insn	2, 0x2058
 20016e6:	6e69                	lui	t3,0x1a
 20016e8:	6574                	.insn	2, 0x6574
 20016ea:	7272                	.insn	2, 0x7272
 20016ec:	7075                	c.lui	zero,0xffffd
 20016ee:	2e74                	.insn	2, 0x2e74
 20016f0:	2e2e                	.insn	2, 0x2e2e
 20016f2:	0a0d                	addi	s4,s4,3
 20016f4:	0000                	unimp
 20016f6:	0000                	unimp
 20016f8:	6552                	.insn	2, 0x6552
 20016fa:	76696563          	bltu	s2,t1,2001e64 <_eldsec+0x180>
 20016fe:	2065                	jal	20017a6 <strlen+0x2de>
 2001700:	2061                	jal	2001788 <strlen+0x2c0>
 2001702:	7962                	.insn	2, 0x7962
 2001704:	6574                	.insn	2, 0x6574
 2001706:	6920                	.insn	2, 0x6920
 2001708:	206e                	.insn	2, 0x206e
 200170a:	41554257          	.insn	4, 0x41554257
 200170e:	5452                	lw	s0,52(sp)
 2001710:	5220                	lw	s0,96(a2)
 2001712:	2058                	.insn	2, 0x2058
 2001714:	6e69                	lui	t3,0x1a
 2001716:	6574                	.insn	2, 0x6574
 2001718:	7272                	.insn	2, 0x7272
 200171a:	7075                	c.lui	zero,0xffffd
 200171c:	2074                	.insn	2, 0x2074
 200171e:	203a                	.insn	2, 0x203a
 2001720:	7825                	lui	a6,0xfffe9
 2001722:	0a0d                	addi	s4,s4,3
 2001724:	0000                	unimp
 2001726:	0000                	unimp
 2001728:	0a0d                	addi	s4,s4,3
 200172a:	7250                	.insn	2, 0x7250
 200172c:	7365                	lui	t1,0xffff9
 200172e:	75622073          	.insn	4, 0x75622073
 2001732:	7474                	.insn	2, 0x7474
 2001734:	31206e6f          	jal	t3,2007a46 <_eldsec+0x5d62>
 2001738:	202c                	.insn	2, 0x202c
 200173a:	6e65                	lui	t3,0x19
 200173c:	6574                	.insn	2, 0x6574
 200173e:	2072                	.insn	2, 0x2072
 2001740:	6e61                	lui	t3,0x18
 2001742:	6520                	.insn	2, 0x6520
 2001744:	7478                	.insn	2, 0x7478
 2001746:	7265                	lui	tp,0xffff9
 2001748:	616e                	.insn	2, 0x616e
 200174a:	206c                	.insn	2, 0x206c
 200174c:	6e69                	lui	t3,0x1a
 200174e:	6574                	.insn	2, 0x6574
 2001750:	7272                	.insn	2, 0x7272
 2001752:	7075                	c.lui	zero,0xffffd
 2001754:	2074                	.insn	2, 0x2074
 2001756:	3032                	.insn	2, 0x3032
 2001758:	2e2e                	.insn	2, 0x2e2e
 200175a:	0d2e                	slli	s10,s10,0xb
 200175c:	000a                	c.slli	zero,0x2
 200175e:	0000                	unimp
 2001760:	6e49                	lui	t3,0x12
 2001762:	6574                	.insn	2, 0x6574
 2001764:	7272                	.insn	2, 0x7272
 2001766:	7075                	c.lui	zero,0xffffd
 2001768:	2074                	.insn	2, 0x2074
 200176a:	3032                	.insn	2, 0x3032
 200176c:	6920                	.insn	2, 0x6920
 200176e:	72742073          	.insn	4, 0x72742073
 2001772:	6769                	lui	a4,0x1a
 2001774:	65726567          	.insn	4, 0x65726567
 2001778:	2064                	.insn	2, 0x2064
 200177a:	7962                	.insn	2, 0x7962
 200177c:	6220                	.insn	2, 0x6220
 200177e:	7475                	lui	s0,0xffffd
 2001780:	6f74                	.insn	2, 0x6f74
 2001782:	206e                	.insn	2, 0x206e
 2001784:	0d31                	addi	s10,s10,12 # 1900c <_lma_data_end+0x17238>
 2001786:	000a                	c.slli	zero,0x2
 2001788:	0a0d                	addi	s4,s4,3
 200178a:	7250                	.insn	2, 0x7250
 200178c:	7365                	lui	t1,0xffff9
 200178e:	75622073          	.insn	4, 0x75622073
 2001792:	7474                	.insn	2, 0x7474
 2001794:	32206e6f          	jal	t3,2007ab6 <_eldsec+0x5dd2>
 2001798:	202c                	.insn	2, 0x202c
 200179a:	6e65                	lui	t3,0x19
 200179c:	6574                	.insn	2, 0x6574
 200179e:	2072                	.insn	2, 0x2072
 20017a0:	6e61                	lui	t3,0x18
 20017a2:	6520                	.insn	2, 0x6520
 20017a4:	7478                	.insn	2, 0x7478
 20017a6:	7265                	lui	tp,0xffff9
 20017a8:	616e                	.insn	2, 0x616e
 20017aa:	206c                	.insn	2, 0x206c
 20017ac:	6e69                	lui	t3,0x1a
 20017ae:	6574                	.insn	2, 0x6574
 20017b0:	7272                	.insn	2, 0x7272
 20017b2:	7075                	c.lui	zero,0xffffd
 20017b4:	2074                	.insn	2, 0x2074
 20017b6:	3132                	.insn	2, 0x3132
 20017b8:	2e2e                	.insn	2, 0x2e2e
 20017ba:	0d2e                	slli	s10,s10,0xb
 20017bc:	000a                	c.slli	zero,0x2
 20017be:	0000                	unimp
 20017c0:	6e49                	lui	t3,0x12
 20017c2:	6574                	.insn	2, 0x6574
 20017c4:	7272                	.insn	2, 0x7272
 20017c6:	7075                	c.lui	zero,0xffffd
 20017c8:	2074                	.insn	2, 0x2074
 20017ca:	3132                	.insn	2, 0x3132
 20017cc:	6920                	.insn	2, 0x6920
 20017ce:	72742073          	.insn	4, 0x72742073
 20017d2:	6769                	lui	a4,0x1a
 20017d4:	65726567          	.insn	4, 0x65726567
 20017d8:	2064                	.insn	2, 0x2064
 20017da:	7962                	.insn	2, 0x7962
 20017dc:	6220                	.insn	2, 0x6220
 20017de:	7475                	lui	s0,0xffffd
 20017e0:	6f74                	.insn	2, 0x6f74
 20017e2:	206e                	.insn	2, 0x206e
 20017e4:	0d32                	slli	s10,s10,0xc
 20017e6:	000a                	c.slli	zero,0x2
 20017e8:	68736957          	.insn	4, 0x68736957
 20017ec:	6f62                	.insn	2, 0x6f62
 20017ee:	656e                	.insn	2, 0x656e
 20017f0:	5320                	lw	s0,96(a4)
 20017f2:	4950                	lw	a2,20(a0)
 20017f4:	462d                	li	a2,11
 20017f6:	616c                	.insn	2, 0x616c
 20017f8:	64206873          	.insn	4, 0x64206873
 20017fc:	6d65                	lui	s10,0x19
 20017fe:	6562206f          	j	2023e54 <_eldsec+0x22170>
 2001802:	6e6e6967          	.insn	4, 0x6e6e6967
 2001806:	6e69                	lui	t3,0x1a
 2001808:	2e2e2e67          	.insn	4, 0x2e2e2e67
 200180c:	0a0d                	addi	s4,s4,3
 200180e:	0000                	unimp
 2001810:	6552                	.insn	2, 0x6552
 2001812:	6461                	lui	s0,0x18
 2001814:	6920                	.insn	2, 0x6920
 2001816:	736e                	.insn	2, 0x736e
 2001818:	7274                	.insn	2, 0x7274
 200181a:	6375                	lui	t1,0x1d
 200181c:	6974                	.insn	2, 0x6974
 200181e:	62206e6f          	jal	t3,2007e40 <_eldsec+0x615c>
 2001822:	2079                	jal	20018b0 <strlen+0x3e8>
 2001824:	656d                	lui	a0,0x1b
 2001826:	6f6d                	lui	t5,0x1b
 2001828:	7972                	.insn	2, 0x7972
 200182a:	6d20                	.insn	2, 0x6d20
 200182c:	7061                	c.lui	zero,0xffff8
 200182e:	6d20                	.insn	2, 0x6d20
 2001830:	2065646f          	jal	s0,2057a36 <_eldsec+0x55d52>
 2001834:	7266                	.insn	2, 0x7266
 2001836:	66206d6f          	jal	s10,2007e98 <_eldsec+0x61b4>
 200183a:	616c                	.insn	2, 0x616c
 200183c:	2e2e6873          	.insn	4, 0x2e2e6873
 2001840:	0d2e                	slli	s10,s10,0xb
 2001842:	000a                	c.slli	zero,0x2
 2001844:	3025                	jal	200106c <spi_flash_demo+0x18c>
 2001846:	7838                	.insn	2, 0x7838
 2001848:	0020                	addi	s0,sp,8
 200184a:	0000                	unimp
 200184c:	6552                	.insn	2, 0x6552
 200184e:	6461                	lui	s0,0x18
 2001850:	6920                	.insn	2, 0x6920
 2001852:	696e                	.insn	2, 0x696e
 2001854:	6974                	.insn	2, 0x6974
 2001856:	6c61                	lui	s8,0x18
 2001858:	7a69                	lui	s4,0xffffa
 200185a:	6465                	lui	s0,0x19
 200185c:	6420                	.insn	2, 0x6420
 200185e:	7461                	lui	s0,0xffff8
 2001860:	2061                	jal	20018e8 <strlen+0x420>
 2001862:	7266                	.insn	2, 0x7266
 2001864:	66206d6f          	jal	s10,2007ec6 <_eldsec+0x61e2>
 2001868:	616c                	.insn	2, 0x616c
 200186a:	2e2e6873          	.insn	4, 0x2e2e6873
 200186e:	0d2e                	slli	s10,s10,0xb
 2001870:	000a                	c.slli	zero,0x2
 2001872:	0000                	unimp
 2001874:	3025                	jal	200109c <spi_flash_demo+0x1bc>
 2001876:	7832                	.insn	2, 0x7832
 2001878:	0020                	addi	s0,sp,8
 200187a:	0000                	unimp
 200187c:	7245                	lui	tp,0xffff1
 200187e:	7361                	lui	t1,0xffff8
 2001880:	2065                	jal	2001928 <strlen+0x460>
 2001882:	6c66                	.insn	2, 0x6c66
 2001884:	7361                	lui	t1,0xffff8
 2001886:	2e68                	.insn	2, 0x2e68
 2001888:	2e2e                	.insn	2, 0x2e2e
 200188a:	0a0d                	addi	s4,s4,3 # ffffa003 <_cp_data_end+0xefbf822f>
 200188c:	0000                	unimp
 200188e:	0000                	unimp
 2001890:	6552                	.insn	2, 0x6552
 2001892:	6461                	lui	s0,0x18
 2001894:	6420                	.insn	2, 0x6420
 2001896:	7461                	lui	s0,0xffff8
 2001898:	2061                	jal	2001920 <strlen+0x458>
 200189a:	6661                	lui	a2,0x18
 200189c:	6574                	.insn	2, 0x6574
 200189e:	2072                	.insn	2, 0x2072
 20018a0:	7265                	lui	tp,0xffff9
 20018a2:	7361                	lui	t1,0xffff8
 20018a4:	2065                	jal	200194c <strlen+0x484>
 20018a6:	6c66                	.insn	2, 0x6c66
 20018a8:	7361                	lui	t1,0xffff8
 20018aa:	2e68                	.insn	2, 0x2e68
 20018ac:	2e2e                	.insn	2, 0x2e2e
 20018ae:	0a0d                	addi	s4,s4,3
 20018b0:	0000                	unimp
 20018b2:	0000                	unimp
 20018b4:	6150                	.insn	2, 0x6150
 20018b6:	70206567          	.insn	4, 0x70206567
 20018ba:	6f72                	.insn	2, 0x6f72
 20018bc:	6d617267          	.insn	4, 0x6d617267
 20018c0:	6420                	.insn	2, 0x6420
 20018c2:	7461                	lui	s0,0xffff8
 20018c4:	2e61                	jal	2001c5c <_etext+0x3c>
 20018c6:	2e2e                	.insn	2, 0x2e2e
 20018c8:	0a0d                	addi	s4,s4,3
 20018ca:	0000                	unimp
 20018cc:	6552                	.insn	2, 0x6552
 20018ce:	6461                	lui	s0,0x18
 20018d0:	6420                	.insn	2, 0x6420
 20018d2:	7461                	lui	s0,0xffff8
 20018d4:	2061                	jal	200195c <strlen+0x494>
 20018d6:	6661                	lui	a2,0x18
 20018d8:	6574                	.insn	2, 0x6574
 20018da:	2072                	.insn	2, 0x2072
 20018dc:	6170                	.insn	2, 0x6170
 20018de:	70206567          	.insn	4, 0x70206567
 20018e2:	6f72                	.insn	2, 0x6f72
 20018e4:	6d617267          	.insn	4, 0x6d617267
 20018e8:	6620                	.insn	2, 0x6620
 20018ea:	616c                	.insn	2, 0x616c
 20018ec:	2e2e6873          	.insn	4, 0x2e2e6873
 20018f0:	0d2e                	slli	s10,s10,0xb
 20018f2:	000a                	c.slli	zero,0x2
 20018f4:	6552                	.insn	2, 0x6552
 20018f6:	6461                	lui	s0,0x18
 20018f8:	6420                	.insn	2, 0x6420
 20018fa:	7461                	lui	s0,0xffff8
 20018fc:	2061                	jal	2001984 <strlen+0x4bc>
 20018fe:	7962                	.insn	2, 0x7962
 2001900:	6d20                	.insn	2, 0x6d20
 2001902:	6d65                	lui	s10,0x19
 2001904:	2079726f          	jal	tp,209930a <_eldsec+0x97626>
 2001908:	616d                	addi	sp,sp,240
 200190a:	2070                	.insn	2, 0x2070
 200190c:	6f6d                	lui	t5,0x1b
 200190e:	6564                	.insn	2, 0x6564
 2001910:	6620                	.insn	2, 0x6620
 2001912:	6f72                	.insn	2, 0x6f72
 2001914:	206d                	jal	20019be <strlen+0x4f6>
 2001916:	6c66                	.insn	2, 0x6c66
 2001918:	7361                	lui	t1,0xffff8
 200191a:	2e68                	.insn	2, 0x2e68
 200191c:	2e2e                	.insn	2, 0x2e2e
 200191e:	0a0d                	addi	s4,s4,3
 2001920:	0000                	unimp
 2001922:	0000                	unimp
 2001924:	68736957          	.insn	4, 0x68736957
 2001928:	6f62                	.insn	2, 0x6f62
 200192a:	656e                	.insn	2, 0x656e
 200192c:	5320                	lw	s0,96(a4)
 200192e:	4950                	lw	a2,20(a0)
 2001930:	462d                	li	a2,11
 2001932:	616c                	.insn	2, 0x616c
 2001934:	64206873          	.insn	4, 0x64206873
 2001938:	6d65                	lui	s10,0x19
 200193a:	6966206f          	j	2063fd0 <_eldsec+0x622ec>
 200193e:	696e                	.insn	2, 0x696e
 2001940:	64656873          	.insn	4, 0x64656873
 2001944:	0d2e                	slli	s10,s10,0xb
 2001946:	000a                	c.slli	zero,0x2
 2001948:	68736957          	.insn	4, 0x68736957
 200194c:	6f62                	.insn	2, 0x6f62
 200194e:	656e                	.insn	2, 0x656e
 2001950:	4720                	lw	s0,72(a4)
 2001952:	4950                	lw	a2,20(a0)
 2001954:	756f204f          	.insn	4, 0x756f204f
 2001958:	7074                	.insn	2, 0x7074
 200195a:	7475                	lui	s0,0xffffd
 200195c:	6420                	.insn	2, 0x6420
 200195e:	6d65                	lui	s10,0x19
 2001960:	6562206f          	j	2023fb6 <_eldsec+0x222d2>
 2001964:	6e6e6967          	.insn	4, 0x6e6e6967
 2001968:	6e69                	lui	t3,0x1a
 200196a:	2e2e2e67          	.insn	4, 0x2e2e2e67
 200196e:	0a0d                	addi	s4,s4,3
 2001970:	0000                	unimp
 2001972:	0000                	unimp
 2001974:	6c50                	.insn	2, 0x6c50
 2001976:	6165                	addi	sp,sp,112
 2001978:	63206573          	.insn	4, 0x63206573
 200197c:	6568                	.insn	2, 0x6568
 200197e:	74206b63          	bltu	zero,sp,20020d4 <_eldsec+0x3f0>
 2001982:	6568                	.insn	2, 0x6568
 2001984:	4c20                	lw	s0,88(s0)
 2001986:	4445                	li	s0,17
 2001988:	7220                	.insn	2, 0x7220
 200198a:	6e75                	lui	t3,0x1d
 200198c:	696e                	.insn	2, 0x696e
 200198e:	676e                	.insn	2, 0x676e
 2001990:	7320                	.insn	2, 0x7320
 2001992:	6174                	.insn	2, 0x6174
 2001994:	7574                	.insn	2, 0x7574
 2001996:	6e6f2073          	.insn	4, 0x6e6f2073
 200199a:	6220                	.insn	2, 0x6220
 200199c:	6472616f          	jal	sp,20287e2 <_eldsec+0x26afe>
 20019a0:	0a0d                	addi	s4,s4,3
 20019a2:	0000                	unimp
 20019a4:	454c                	lw	a1,12(a0)
 20019a6:	2044                	.insn	2, 0x2044
 20019a8:	7572                	.insn	2, 0x7572
 20019aa:	6e6e                	.insn	2, 0x6e6e
 20019ac:	6e69                	lui	t3,0x1a
 20019ae:	25203a67          	.insn	4, 0x25203a67
 20019b2:	0d64                	addi	s1,sp,668
 20019b4:	000a                	c.slli	zero,0x2
 20019b6:	0000                	unimp
 20019b8:	68736957          	.insn	4, 0x68736957
 20019bc:	6f62                	.insn	2, 0x6f62
 20019be:	656e                	.insn	2, 0x656e
 20019c0:	4720                	lw	s0,72(a4)
 20019c2:	4950                	lw	a2,20(a0)
 20019c4:	756f204f          	.insn	4, 0x756f204f
 20019c8:	7074                	.insn	2, 0x7074
 20019ca:	7475                	lui	s0,0xffffd
 20019cc:	6420                	.insn	2, 0x6420
 20019ce:	6d65                	lui	s10,0x19
 20019d0:	6966206f          	j	2064066 <_eldsec+0x62382>
 20019d4:	696e                	.insn	2, 0x696e
 20019d6:	64656873          	.insn	4, 0x64656873
 20019da:	0d2e                	slli	s10,s10,0xb
 20019dc:	000a                	c.slli	zero,0x2
 20019de:	0000                	unimp
 20019e0:	6e65704f          	.insn	4, 0x6e65704f
 20019e4:	5720                	lw	s0,104(a4)
 20019e6:	7369                	lui	t1,0xffffa
 20019e8:	6268                	.insn	2, 0x6268
 20019ea:	20656e6f          	jal	t3,2057bf0 <_eldsec+0x55f0c>
 20019ee:	6e69                	lui	t3,0x1a
 20019f0:	6574                	.insn	2, 0x6574
 20019f2:	6672                	.insn	2, 0x6672
 20019f4:	6361                	lui	t1,0x18
 20019f6:	2065                	jal	2001a9e <strlen+0x5d6>
 20019f8:	6564                	.insn	2, 0x6564
 20019fa:	6f6d                	lui	t5,0x1b
 20019fc:	6220                	.insn	2, 0x6220
 20019fe:	6765                	lui	a4,0x19
 2001a00:	6e69                	lui	t3,0x1a
 2001a02:	696e                	.insn	2, 0x696e
 2001a04:	676e                	.insn	2, 0x676e
 2001a06:	2e2e                	.insn	2, 0x2e2e
 2001a08:	0d2e                	slli	s10,s10,0xb
 2001a0a:	000a                	c.slli	zero,0x2
 2001a0c:	68736957          	.insn	4, 0x68736957
 2001a10:	6f62                	.insn	2, 0x6f62
 2001a12:	656e                	.insn	2, 0x656e
 2001a14:	6520                	.insn	2, 0x6520
 2001a16:	7478                	.insn	2, 0x7478
 2001a18:	6e65                	lui	t3,0x19
 2001a1a:	6e6f6973          	.insn	4, 0x6e6f6973
 2001a1e:	6420                	.insn	2, 0x6420
 2001a20:	6d65                	lui	s10,0x19
 2001a22:	77202c6f          	jal	s8,2004194 <_eldsec+0x24b0>
 2001a26:	6972                	.insn	2, 0x6972
 2001a28:	6574                	.insn	2, 0x6574
 2001a2a:	6120                	.insn	2, 0x6120
 2001a2c:	646e                	.insn	2, 0x646e
 2001a2e:	7220                	.insn	2, 0x7220
 2001a30:	6165                	addi	sp,sp,112
 2001a32:	2064                	.insn	2, 0x2064
 2001a34:	6162                	.insn	2, 0x6162
 2001a36:	74206b63          	bltu	zero,sp,200218c <_eldsec+0x4a8>
 2001a3a:	6568                	.insn	2, 0x6568
 2001a3c:	7420                	.insn	2, 0x7420
 2001a3e:	7268                	.insn	2, 0x7268
 2001a40:	6565                	lui	a0,0x19
 2001a42:	7220                	.insn	2, 0x7220
 2001a44:	6765                	lui	a4,0x19
 2001a46:	7369                	lui	t1,0xffffa
 2001a48:	6574                	.insn	2, 0x6574
 2001a4a:	7372                	.insn	2, 0x7372
 2001a4c:	6f20                	.insn	2, 0x6f20
 2001a4e:	206e                	.insn	2, 0x206e
 2001a50:	6874                	.insn	2, 0x6874
 2001a52:	2065                	jal	2001afa <strlen+0x632>
 2001a54:	6e65706f          	j	205913a <_eldsec+0x57456>
 2001a58:	5720                	lw	s0,104(a4)
 2001a5a:	7369                	lui	t1,0xffffa
 2001a5c:	6268                	.insn	2, 0x6268
 2001a5e:	20656e6f          	jal	t3,2057c64 <_eldsec+0x55f80>
 2001a62:	6e69                	lui	t3,0x1a
 2001a64:	6574                	.insn	2, 0x6574
 2001a66:	6672                	.insn	2, 0x6672
 2001a68:	6361                	lui	t1,0x18
 2001a6a:	0d65                	addi	s10,s10,25 # 19019 <_lma_data_end+0x17245>
 2001a6c:	000a                	c.slli	zero,0x2
 2001a6e:	0000                	unimp
 2001a70:	6542                	.insn	2, 0x6542
 2001a72:	6f66                	.insn	2, 0x6f66
 2001a74:	6572                	.insn	2, 0x6572
 2001a76:	7720                	.insn	2, 0x7720
 2001a78:	6972                	.insn	2, 0x6972
 2001a7a:	6574                	.insn	2, 0x6574
 2001a7c:	5720                	lw	s0,104(a4)
 2001a7e:	7369                	lui	t1,0xffffa
 2001a80:	6268                	.insn	2, 0x6268
 2001a82:	20656e6f          	jal	t3,2057c88 <_eldsec+0x55fa4>
 2001a86:	6564                	.insn	2, 0x6564
 2001a88:	6f6d                	lui	t5,0x1b
 2001a8a:	7220                	.insn	2, 0x7220
 2001a8c:	6765                	lui	a4,0x19
 2001a8e:	7369                	lui	t1,0xffffa
 2001a90:	6574                	.insn	2, 0x6574
 2001a92:	3a72                	.insn	2, 0x3a72
 2001a94:	0a0d                	addi	s4,s4,3
 2001a96:	0000                	unimp
 2001a98:	6552                	.insn	2, 0x6552
 2001a9a:	203a3067          	.insn	4, 0x203a3067
 2001a9e:	3025                	jal	20012c6 <wbreg_demo+0x52>
 2001aa0:	7838                	.insn	2, 0x7838
 2001aa2:	0a0d                	addi	s4,s4,3
 2001aa4:	0000                	unimp
 2001aa6:	0000                	unimp
 2001aa8:	6552                	.insn	2, 0x6552
 2001aaa:	203a3167          	.insn	4, 0x203a3167
 2001aae:	3025                	jal	20012d6 <wbreg_demo+0x62>
 2001ab0:	7834                	.insn	2, 0x7834
 2001ab2:	0a0d                	addi	s4,s4,3
 2001ab4:	0000                	unimp
 2001ab6:	0000                	unimp
 2001ab8:	6552                	.insn	2, 0x6552
 2001aba:	203a3267          	.insn	4, 0x203a3267
 2001abe:	3025                	jal	20012e6 <wbreg_demo+0x72>
 2001ac0:	7832                	.insn	2, 0x7832
 2001ac2:	0a0d                	addi	s4,s4,3
 2001ac4:	0000                	unimp
 2001ac6:	0000                	unimp
 2001ac8:	6641                	lui	a2,0x10
 2001aca:	6574                	.insn	2, 0x6574
 2001acc:	2072                	.insn	2, 0x2072
 2001ace:	74697277          	.insn	4, 0x74697277
 2001ad2:	2065                	jal	2001b7a <strlen+0x6b2>
 2001ad4:	68736957          	.insn	4, 0x68736957
 2001ad8:	6f62                	.insn	2, 0x6f62
 2001ada:	656e                	.insn	2, 0x656e
 2001adc:	6420                	.insn	2, 0x6420
 2001ade:	6d65                	lui	s10,0x19
 2001ae0:	6572206f          	j	2024936 <_eldsec+0x22c52>
 2001ae4:	74736967          	.insn	4, 0x74736967
 2001ae8:	7265                	lui	tp,0xffff9
 2001aea:	0d3a                	slli	s10,s10,0xe
 2001aec:	000a                	c.slli	zero,0x2
 2001aee:	0000                	unimp
 2001af0:	6e65704f          	.insn	4, 0x6e65704f
 2001af4:	5720                	lw	s0,104(a4)
 2001af6:	7369                	lui	t1,0xffffa
 2001af8:	6268                	.insn	2, 0x6268
 2001afa:	20656e6f          	jal	t3,2057d00 <_eldsec+0x5601c>
 2001afe:	6e69                	lui	t3,0x1a
 2001b00:	6574                	.insn	2, 0x6574
 2001b02:	6672                	.insn	2, 0x6672
 2001b04:	6361                	lui	t1,0x18
 2001b06:	2065                	jal	2001bae <strlen+0x6e6>
 2001b08:	6564                	.insn	2, 0x6564
 2001b0a:	6f6d                	lui	t5,0x1b
 2001b0c:	6620                	.insn	2, 0x6620
 2001b0e:	6e69                	lui	t3,0x1a
 2001b10:	7369                	lui	t1,0xffffa
 2001b12:	6568                	.insn	2, 0x6568
 2001b14:	2e64                	.insn	2, 0x2e64
 2001b16:	0a0d                	addi	s4,s4,3
 2001b18:	0000                	unimp
 2001b1a:	0000                	unimp
 2001b1c:	6e65704f          	.insn	4, 0x6e65704f
 2001b20:	4120                	lw	s0,64(a0)
 2001b22:	4248                	lw	a0,4(a2)
 2001b24:	6220                	.insn	2, 0x6220
 2001b26:	7375                	lui	t1,0xffffd
 2001b28:	6920                	.insn	2, 0x6920
 2001b2a:	746e                	.insn	2, 0x746e
 2001b2c:	7265                	lui	tp,0xffff9
 2001b2e:	6166                	.insn	2, 0x6166
 2001b30:	64206563          	bltu	zero,sp,200217a <_eldsec+0x496>
 2001b34:	6d65                	lui	s10,0x19
 2001b36:	6562206f          	j	202418c <_eldsec+0x224a8>
 2001b3a:	6e6e6967          	.insn	4, 0x6e6e6967
 2001b3e:	6e69                	lui	t3,0x1a
 2001b40:	2e2e2e67          	.insn	4, 0x2e2e2e67
 2001b44:	0a0d                	addi	s4,s4,3
 2001b46:	0000                	unimp
 2001b48:	6861                	lui	a6,0x18
 2001b4a:	7262                	.insn	2, 0x7262
 2001b4c:	6765                	lui	a4,0x19
 2001b4e:	2030                	.insn	2, 0x2030
 2001b50:	7369                	lui	t1,0xffffa
 2001b52:	2020                	.insn	2, 0x2020
 2001b54:	3025                	jal	200137c <wbreg_demo+0x108>
 2001b56:	7838                	.insn	2, 0x7838
 2001b58:	0a0d                	addi	s4,s4,3
 2001b5a:	0000                	unimp
 2001b5c:	6861                	lui	a6,0x18
 2001b5e:	7262                	.insn	2, 0x7262
 2001b60:	6765                	lui	a4,0x19
 2001b62:	2031                	jal	2001b6e <strlen+0x6a6>
 2001b64:	7369                	lui	t1,0xffffa
 2001b66:	2520                	.insn	2, 0x2520
 2001b68:	3830                	.insn	2, 0x3830
 2001b6a:	0d78                	addi	a4,sp,668
 2001b6c:	000a                	c.slli	zero,0x2
 2001b6e:	0000                	unimp
 2001b70:	6e65704f          	.insn	4, 0x6e65704f
 2001b74:	4120                	lw	s0,64(a0)
 2001b76:	4248                	lw	a0,4(a2)
 2001b78:	6220                	.insn	2, 0x6220
 2001b7a:	7375                	lui	t1,0xffffd
 2001b7c:	6920                	.insn	2, 0x6920
 2001b7e:	746e                	.insn	2, 0x746e
 2001b80:	7265                	lui	tp,0xffff9
 2001b82:	6166                	.insn	2, 0x6166
 2001b84:	64206563          	bltu	zero,sp,20021ce <_eldsec+0x4ea>
 2001b88:	6d65                	lui	s10,0x19
 2001b8a:	6966206f          	j	2064220 <_eldsec+0x6253c>
 2001b8e:	696e                	.insn	2, 0x696e
 2001b90:	64656873          	.insn	4, 0x64656873
 2001b94:	0d2e                	slli	s10,s10,0xb
 2001b96:	000a                	c.slli	zero,0x2
 2001b98:	68736957          	.insn	4, 0x68736957
 2001b9c:	6f62                	.insn	2, 0x6f62
 2001b9e:	656e                	.insn	2, 0x656e
 2001ba0:	5520                	lw	s0,104(a0)
 2001ba2:	5241                	li	tp,-16
 2001ba4:	2054                	.insn	2, 0x2054
 2001ba6:	5852                	lw	a6,52(sp)
 2001ba8:	6420                	.insn	2, 0x6420
 2001baa:	6d65                	lui	s10,0x19
 2001bac:	6562206f          	j	2024202 <_eldsec+0x2251e>
 2001bb0:	6e6e6967          	.insn	4, 0x6e6e6967
 2001bb4:	6e69                	lui	t3,0x1a
 2001bb6:	2e2e2e67          	.insn	4, 0x2e2e2e67
 2001bba:	0a0d                	addi	s4,s4,3
 2001bbc:	0000                	unimp
 2001bbe:	0000                	unimp
 2001bc0:	6552                	.insn	2, 0x6552
 2001bc2:	76696563          	bltu	s2,t1,200232c <_eldsec+0x648>
 2001bc6:	2065                	jal	2001c6e <_etext+0x4e>
 2001bc8:	2061                	jal	2001c50 <_etext+0x30>
 2001bca:	7962                	.insn	2, 0x7962
 2001bcc:	6574                	.insn	2, 0x6574
 2001bce:	6620                	.insn	2, 0x6620
 2001bd0:	6f72                	.insn	2, 0x6f72
 2001bd2:	206d                	jal	2001c7c <_etext+0x5c>
 2001bd4:	4155                	li	sp,21
 2001bd6:	5452                	lw	s0,52(sp)
 2001bd8:	5220                	lw	s0,96(a2)
 2001bda:	2058                	.insn	2, 0x2058
 2001bdc:	6f70                	.insn	2, 0x6f70
 2001bde:	7472                	.insn	2, 0x7472
 2001be0:	0a0d                	addi	s4,s4,3
 2001be2:	0000                	unimp
 2001be4:	6572                	.insn	2, 0x6572
 2001be6:	76696563          	bltu	s2,t1,2002350 <_eldsec+0x66c>
 2001bea:	6465                	lui	s0,0x19
 2001bec:	203a                	.insn	2, 0x203a
 2001bee:	7825                	lui	a6,0xfffe9
 2001bf0:	0a0d                	addi	s4,s4,3
 2001bf2:	0000                	unimp
 2001bf4:	68736957          	.insn	4, 0x68736957
 2001bf8:	6f62                	.insn	2, 0x6f62
 2001bfa:	656e                	.insn	2, 0x656e
 2001bfc:	5520                	lw	s0,104(a0)
 2001bfe:	5241                	li	tp,-16
 2001c00:	2054                	.insn	2, 0x2054
 2001c02:	5852                	lw	a6,52(sp)
 2001c04:	6420                	.insn	2, 0x6420
 2001c06:	6d65                	lui	s10,0x19
 2001c08:	6966206f          	j	206429e <_eldsec+0x625ba>
 2001c0c:	696e                	.insn	2, 0x696e
 2001c0e:	64656873          	.insn	4, 0x64656873
 2001c12:	0d2e                	slli	s10,s10,0xb
 2001c14:	000a                	c.slli	zero,0x2
 2001c16:	0000                	unimp
 2001c18:	6e28                	.insn	2, 0x6e28
 2001c1a:	6c75                	lui	s8,0x1d
 2001c1c:	296c                	.insn	2, 0x296c
	...

Disassembly of section .ldsec:

02001c20 <loader>:
loader():
F:\ALL_PROJECT\GMD_workspace\picorv32_demo\Debug/../src/loader.c:53

void loader(void)
{
 2001c20:	1101                	addi	sp,sp,-32
 2001c22:	ce06                	sw	ra,28(sp)
 2001c24:	cc22                	sw	s0,24(sp)
 2001c26:	1000                	addi	s0,sp,32
F:\ALL_PROJECT\GMD_workspace\picorv32_demo\Debug/../src/loader.c:62

	extern int _cp_data_start;
	extern int _cp_data_end;
	extern int _sdata;

	unsigned int *src_ptr = (unsigned int *)((&_cp_text_start));
 2001c28:	0e3fe797          	auipc	a5,0xe3fe
 2001c2c:	46478793          	addi	a5,a5,1124 # 1040008c <_cp_text_start>
 2001c30:	fef42623          	sw	a5,-20(s0) # 18fec <_lma_data_end+0x17218>
F:\ALL_PROJECT\GMD_workspace\picorv32_demo\Debug/../src/loader.c:63
	unsigned int *src_ptr_end = (unsigned int *)((&_cp_text_end));
 2001c34:	0e400797          	auipc	a5,0xe400
 2001c38:	07878793          	addi	a5,a5,120 # 10401cac <_cp_ldsec_start>
 2001c3c:	fef42223          	sw	a5,-28(s0)
F:\ALL_PROJECT\GMD_workspace\picorv32_demo\Debug/../src/loader.c:64
	unsigned int *dst_ptr = (unsigned int *)(&_vstext);
 2001c40:	ffffe797          	auipc	a5,0xffffe
 2001c44:	3c078793          	addi	a5,a5,960 # 2000000 <_vstext>
 2001c48:	fef42423          	sw	a5,-24(s0)
F:\ALL_PROJECT\GMD_workspace\picorv32_demo\Debug/../src/loader.c:68

	while(1)
	{
		*dst_ptr = *src_ptr;
 2001c4c:	fec42783          	lw	a5,-20(s0)
 2001c50:	4398                	lw	a4,0(a5)
 2001c52:	fe842783          	lw	a5,-24(s0)
 2001c56:	c398                	sw	a4,0(a5)
F:\ALL_PROJECT\GMD_workspace\picorv32_demo\Debug/../src/loader.c:69
		if(src_ptr == src_ptr_end)
 2001c58:	fec42703          	lw	a4,-20(s0)
 2001c5c:	fe442783          	lw	a5,-28(s0)
 2001c60:	00f70d63          	beq	a4,a5,2001c7a <loader+0x5a>
F:\ALL_PROJECT\GMD_workspace\picorv32_demo\Debug/../src/loader.c:73
		{
			break;
		}
		dst_ptr++;
 2001c64:	fe842783          	lw	a5,-24(s0)
 2001c68:	0791                	addi	a5,a5,4
 2001c6a:	fef42423          	sw	a5,-24(s0)
F:\ALL_PROJECT\GMD_workspace\picorv32_demo\Debug/../src/loader.c:74
		src_ptr++;
 2001c6e:	fec42783          	lw	a5,-20(s0)
 2001c72:	0791                	addi	a5,a5,4
 2001c74:	fef42623          	sw	a5,-20(s0)
F:\ALL_PROJECT\GMD_workspace\picorv32_demo\Debug/../src/loader.c:68
		*dst_ptr = *src_ptr;
 2001c78:	bfd1                	j	2001c4c <loader+0x2c>
F:\ALL_PROJECT\GMD_workspace\picorv32_demo\Debug/../src/loader.c:71
			break;
 2001c7a:	0001                	nop
F:\ALL_PROJECT\GMD_workspace\picorv32_demo\Debug/../src/loader.c:77
	}

	src_ptr = (unsigned int *)((&_cp_data_start));
 2001c7c:	0e400797          	auipc	a5,0xe400
 2001c80:	0f478793          	addi	a5,a5,244 # 10401d70 <_cp_data_start>
 2001c84:	fef42623          	sw	a5,-20(s0)
F:\ALL_PROJECT\GMD_workspace\picorv32_demo\Debug/../src/loader.c:78
	src_ptr_end = (unsigned int *)((&_cp_data_end));
 2001c88:	0e400797          	auipc	a5,0xe400
 2001c8c:	14c78793          	addi	a5,a5,332 # 10401dd4 <_cp_data_end>
 2001c90:	fef42223          	sw	a5,-28(s0)
F:\ALL_PROJECT\GMD_workspace\picorv32_demo\Debug/../src/loader.c:79
	dst_ptr = (unsigned int *)(&_sdata);
 2001c94:	feffe797          	auipc	a5,0xfeffe
 2001c98:	36c78793          	addi	a5,a5,876 # 1000000 <tx_buffer>
 2001c9c:	fef42423          	sw	a5,-24(s0)
F:\ALL_PROJECT\GMD_workspace\picorv32_demo\Debug/../src/loader.c:83

	while(1)
	{
		*dst_ptr = *src_ptr;
 2001ca0:	fec42783          	lw	a5,-20(s0)
 2001ca4:	4398                	lw	a4,0(a5)
 2001ca6:	fe842783          	lw	a5,-24(s0)
 2001caa:	c398                	sw	a4,0(a5)
F:\ALL_PROJECT\GMD_workspace\picorv32_demo\Debug/../src/loader.c:84
		if(src_ptr == src_ptr_end)
 2001cac:	fec42703          	lw	a4,-20(s0)
 2001cb0:	fe442783          	lw	a5,-28(s0)
 2001cb4:	00f70d63          	beq	a4,a5,2001cce <loader+0xae>
F:\ALL_PROJECT\GMD_workspace\picorv32_demo\Debug/../src/loader.c:88
		{
			break;
		}
		dst_ptr++;
 2001cb8:	fe842783          	lw	a5,-24(s0)
 2001cbc:	0791                	addi	a5,a5,4
 2001cbe:	fef42423          	sw	a5,-24(s0)
F:\ALL_PROJECT\GMD_workspace\picorv32_demo\Debug/../src/loader.c:89
		src_ptr++;
 2001cc2:	fec42783          	lw	a5,-20(s0)
 2001cc6:	0791                	addi	a5,a5,4
 2001cc8:	fef42623          	sw	a5,-20(s0)
F:\ALL_PROJECT\GMD_workspace\picorv32_demo\Debug/../src/loader.c:83
		*dst_ptr = *src_ptr;
 2001ccc:	bfd1                	j	2001ca0 <loader+0x80>
F:\ALL_PROJECT\GMD_workspace\picorv32_demo\Debug/../src/loader.c:86
			break;
 2001cce:	0001                	nop
F:\ALL_PROJECT\GMD_workspace\picorv32_demo\Debug/../src/loader.c:93
	}


	__asm__ __volatile__("la t3, _vstext");
 2001cd0:	ffffee17          	auipc	t3,0xffffe
 2001cd4:	330e0e13          	addi	t3,t3,816 # 2000000 <_vstext>
F:\ALL_PROJECT\GMD_workspace\picorv32_demo\Debug/../src/loader.c:94
	__asm__ __volatile__("jr t3");
 2001cd8:	8e02                	jr	t3
F:\ALL_PROJECT\GMD_workspace\picorv32_demo\Debug/../src/loader.c:95
}
 2001cda:	0001                	nop
 2001cdc:	40f2                	lw	ra,28(sp)
 2001cde:	4462                	lw	s0,24(sp)
 2001ce0:	6105                	addi	sp,sp,32
 2001ce2:	8082                	ret
