   1              		.file	"wbi2c.c"
   2              		.option nopic
   3              		.attribute arch, "rv32i2p1_m2p0_c2p0_zicsr2p0"
   4              		.attribute unaligned_access, 0
   5              		.attribute stack_align, 16
   6              		.text
   7              	.Ltext0:
   8              		.cfi_sections	.debug_frame
   9              		.file 0 "F:\\ALL_PROJECT\\gowin\\GMD_workspace\\my_1\\Debug" "../src/bsp/wbi2c.c"
  10              		.section	.text.Delay_ms_i2c,"ax",@progbits
  11              		.align	1
  12              		.globl	Delay_ms_i2c
  14              	Delay_ms_i2c:
  15              	.LFB3:
  16              		.file 1 "../src/bsp/wbi2c.c"
   1:../src/bsp/wbi2c.c **** /*
   2:../src/bsp/wbi2c.c ****  ******************************************************************************************
   3:../src/bsp/wbi2c.c ****  * @file		wbi2c.c
   4:../src/bsp/wbi2c.c ****  * @author		GowinSemicoductor
   5:../src/bsp/wbi2c.c ****  * @device		Gowin_PicoRV32
   6:../src/bsp/wbi2c.c ****  * @brief		Wishbone I2C Peripheral.
   7:../src/bsp/wbi2c.c ****  ******************************************************************************************
   8:../src/bsp/wbi2c.c ****  */
   9:../src/bsp/wbi2c.c **** 
  10:../src/bsp/wbi2c.c **** /* Includes ------------------------------------------------------------------------ */
  11:../src/bsp/wbi2c.c **** #include "wbi2c.h"
  12:../src/bsp/wbi2c.c **** 
  13:../src/bsp/wbi2c.c **** 
  14:../src/bsp/wbi2c.c **** /* Definitions --------------------------------------------------------------------- */
  15:../src/bsp/wbi2c.c **** 
  16:../src/bsp/wbi2c.c **** void Delay_ms_i2c(__IO uint32_t delay_ms)
  17:../src/bsp/wbi2c.c **** {
  17              		.loc 1 17 1
  18              		.cfi_startproc
  19 0000 0111     		addi	sp,sp,-32
  20              		.cfi_def_cfa_offset 32
  21 0002 06CE     		sw	ra,28(sp)
  22 0004 22CC     		sw	s0,24(sp)
  23              		.cfi_offset 1, -4
  24              		.cfi_offset 8, -8
  25 0006 0010     		addi	s0,sp,32
  26              		.cfi_def_cfa 8, 0
  27 0008 2326A4FE 		sw	a0,-20(s0)
  18:../src/bsp/wbi2c.c ****   for(delay_ms=delay_ms * (SYSCLKFREQ>>13); delay_ms != 0; delay_ms--);
  28              		.loc 1 18 25
  29 000c 0327C4FE 		lw	a4,-20(s0)
  30 0010 8567     		li	a5,4096
  31 0012 9387F7CD 		addi	a5,a5,-801
  32 0016 B307F702 		mul	a5,a4,a5
  33              		.loc 1 18 15
  34 001a 2326F4FE 		sw	a5,-20(s0)
  35              		.loc 1 18 3
  36 001e 31A0     		j	.L2
  37              	.L3:
  38              		.loc 1 18 68 discriminator 3
  39 0020 8327C4FE 		lw	a5,-20(s0)
  40 0024 FD17     		addi	a5,a5,-1
  41 0026 2326F4FE 		sw	a5,-20(s0)
  42              	.L2:
  43              		.loc 1 18 54 discriminator 1
  44 002a 8327C4FE 		lw	a5,-20(s0)
  45 002e EDFB     		bne	a5,zero,.L3
  19:../src/bsp/wbi2c.c **** }
  46              		.loc 1 19 1
  47 0030 0100     		nop
  48 0032 0100     		nop
  49 0034 F240     		lw	ra,28(sp)
  50              		.cfi_restore 1
  51 0036 6244     		lw	s0,24(sp)
  52              		.cfi_restore 8
  53              		.cfi_def_cfa 2, 32
  54 0038 0561     		addi	sp,sp,32
  55              		.cfi_def_cfa_offset 0
  56 003a 8280     		jr	ra
  57              		.cfi_endproc
  58              	.LFE3:
  60              		.section	.text.I2C_Disable,"ax",@progbits
  61              		.align	1
  62              		.globl	I2C_Disable
  64              	I2C_Disable:
  65              	.LFB4:
  20:../src/bsp/wbi2c.c **** 
  21:../src/bsp/wbi2c.c **** void I2C_Disable(WBI2CMASTER_RegDef *I2Cx)
  22:../src/bsp/wbi2c.c **** {
  66              		.loc 1 22 1
  67              		.cfi_startproc
  68 0000 0111     		addi	sp,sp,-32
  69              		.cfi_def_cfa_offset 32
  70 0002 06CE     		sw	ra,28(sp)
  71 0004 22CC     		sw	s0,24(sp)
  72              		.cfi_offset 1, -4
  73              		.cfi_offset 8, -8
  74 0006 0010     		addi	s0,sp,32
  75              		.cfi_def_cfa 8, 0
  76 0008 2326A4FE 		sw	a0,-20(s0)
  23:../src/bsp/wbi2c.c **** 	I2Cx->CTR = ~I2C_CTR_EN;
  77              		.loc 1 23 12
  78 000c 8327C4FE 		lw	a5,-20(s0)
  79 0010 1307F0F7 		li	a4,-129
  80 0014 D8C3     		sw	a4,4(a5)
  24:../src/bsp/wbi2c.c **** }
  81              		.loc 1 24 1
  82 0016 0100     		nop
  83 0018 F240     		lw	ra,28(sp)
  84              		.cfi_restore 1
  85 001a 6244     		lw	s0,24(sp)
  86              		.cfi_restore 8
  87              		.cfi_def_cfa 2, 32
  88 001c 0561     		addi	sp,sp,32
  89              		.cfi_def_cfa_offset 0
  90 001e 8280     		jr	ra
  91              		.cfi_endproc
  92              	.LFE4:
  94              		.section	.text.I2C_Enable,"ax",@progbits
  95              		.align	1
  96              		.globl	I2C_Enable
  98              	I2C_Enable:
  99              	.LFB5:
  25:../src/bsp/wbi2c.c **** 
  26:../src/bsp/wbi2c.c **** void I2C_Enable(WBI2CMASTER_RegDef *I2Cx)
  27:../src/bsp/wbi2c.c **** {
 100              		.loc 1 27 1
 101              		.cfi_startproc
 102 0000 0111     		addi	sp,sp,-32
 103              		.cfi_def_cfa_offset 32
 104 0002 06CE     		sw	ra,28(sp)
 105 0004 22CC     		sw	s0,24(sp)
 106              		.cfi_offset 1, -4
 107              		.cfi_offset 8, -8
 108 0006 0010     		addi	s0,sp,32
 109              		.cfi_def_cfa 8, 0
 110 0008 2326A4FE 		sw	a0,-20(s0)
  28:../src/bsp/wbi2c.c **** 	I2Cx->CTR |= I2C_CTR_EN;
 111              		.loc 1 28 6
 112 000c 8327C4FE 		lw	a5,-20(s0)
 113 0010 DC43     		lw	a5,4(a5)
 114              		.loc 1 28 12
 115 0012 13E70708 		ori	a4,a5,128
 116 0016 8327C4FE 		lw	a5,-20(s0)
 117 001a D8C3     		sw	a4,4(a5)
  29:../src/bsp/wbi2c.c **** }
 118              		.loc 1 29 1
 119 001c 0100     		nop
 120 001e F240     		lw	ra,28(sp)
 121              		.cfi_restore 1
 122 0020 6244     		lw	s0,24(sp)
 123              		.cfi_restore 8
 124              		.cfi_def_cfa 2, 32
 125 0022 0561     		addi	sp,sp,32
 126              		.cfi_def_cfa_offset 0
 127 0024 8280     		jr	ra
 128              		.cfi_endproc
 129              	.LFE5:
 131              		.section	.text.I2C_Rate_Set,"ax",@progbits
 132              		.align	1
 133              		.globl	I2C_Rate_Set
 135              	I2C_Rate_Set:
 136              	.LFB6:
  30:../src/bsp/wbi2c.c **** 
  31:../src/bsp/wbi2c.c **** uint16_t I2C_Rate_Set(WBI2CMASTER_RegDef *I2Cx, uint16_t Rate)
  32:../src/bsp/wbi2c.c **** {
 137              		.loc 1 32 1
 138              		.cfi_startproc
 139 0000 7971     		addi	sp,sp,-48
 140              		.cfi_def_cfa_offset 48
 141 0002 06D6     		sw	ra,44(sp)
 142 0004 22D4     		sw	s0,40(sp)
 143              		.cfi_offset 1, -4
 144              		.cfi_offset 8, -8
 145 0006 0018     		addi	s0,sp,48
 146              		.cfi_def_cfa 8, 0
 147 0008 232EA4FC 		sw	a0,-36(s0)
 148 000c AE87     		mv	a5,a1
 149 000e 231DF4FC 		sh	a5,-38(s0)
  33:../src/bsp/wbi2c.c **** 	uint16_t     prescal = 0;
 150              		.loc 1 33 15
 151 0012 231704FE 		sh	zero,-18(s0)
  34:../src/bsp/wbi2c.c **** 
  35:../src/bsp/wbi2c.c **** 	prescal =    (uint16_t) (SYSCLKFREQ / (5000 * Rate) - 1);
 152              		.loc 1 35 46
 153 0016 0357A4FD 		lhu	a4,-38(s0)
 154 001a 8567     		li	a5,4096
 155 001c 93878738 		addi	a5,a5,904
 156 0020 B307F702 		mul	a5,a4,a5
 157              		.loc 1 35 38
 158 0024 37079C01 		li	a4,27000832
 159 0028 130707CC 		addi	a4,a4,-832
 160 002c B347F702 		div	a5,a4,a5
 161              		.loc 1 35 15
 162 0030 C207     		slli	a5,a5,16
 163 0032 C183     		srli	a5,a5,16
 164              		.loc 1 35 10
 165 0034 FD17     		addi	a5,a5,-1
 166 0036 2317F4FE 		sh	a5,-18(s0)
  36:../src/bsp/wbi2c.c **** 	I2Cx->PRER = (prescal & I2C_CTR_PERE);
 167              		.loc 1 36 24
 168 003a 0357E4FE 		lhu	a4,-18(s0)
 169              		.loc 1 36 13
 170 003e 8327C4FD 		lw	a5,-36(s0)
 171 0042 98C3     		sw	a4,0(a5)
  37:../src/bsp/wbi2c.c **** 
  38:../src/bsp/wbi2c.c **** 	return       prescal;
 172              		.loc 1 38 15
 173 0044 8357E4FE 		lhu	a5,-18(s0)
  39:../src/bsp/wbi2c.c **** }
 174              		.loc 1 39 1
 175 0048 3E85     		mv	a0,a5
 176 004a B250     		lw	ra,44(sp)
 177              		.cfi_restore 1
 178 004c 2254     		lw	s0,40(sp)
 179              		.cfi_restore 8
 180              		.cfi_def_cfa 2, 48
 181 004e 4561     		addi	sp,sp,48
 182              		.cfi_def_cfa_offset 0
 183 0050 8280     		jr	ra
 184              		.cfi_endproc
 185              	.LFE6:
 187              		.section	.text.I2C_Init,"ax",@progbits
 188              		.align	1
 189              		.globl	I2C_Init
 191              	I2C_Init:
 192              	.LFB7:
  40:../src/bsp/wbi2c.c **** 
  41:../src/bsp/wbi2c.c **** uint8_t I2C_Init(WBI2CMASTER_RegDef *I2Cx, uint16_t Rate)
  42:../src/bsp/wbi2c.c **** {
 193              		.loc 1 42 1
 194              		.cfi_startproc
 195 0000 7971     		addi	sp,sp,-48
 196              		.cfi_def_cfa_offset 48
 197 0002 06D6     		sw	ra,44(sp)
 198 0004 22D4     		sw	s0,40(sp)
 199              		.cfi_offset 1, -4
 200              		.cfi_offset 8, -8
 201 0006 0018     		addi	s0,sp,48
 202              		.cfi_def_cfa 8, 0
 203 0008 232EA4FC 		sw	a0,-36(s0)
 204 000c AE87     		mv	a5,a1
 205 000e 231DF4FC 		sh	a5,-38(s0)
  43:../src/bsp/wbi2c.c **** 	uint16_t temp_save;
  44:../src/bsp/wbi2c.c **** 
  45:../src/bsp/wbi2c.c **** 	temp_save=I2C_Rate_Set(I2Cx, Rate);
 206              		.loc 1 45 12
 207 0012 8357A4FD 		lhu	a5,-38(s0)
 208 0016 BE85     		mv	a1,a5
 209 0018 0325C4FD 		lw	a0,-36(s0)
 210 001c 97000000 		call	I2C_Rate_Set
 210      E7800000 
 211 0024 AA87     		mv	a5,a0
 212 0026 2317F4FE 		sh	a5,-18(s0)
  46:../src/bsp/wbi2c.c **** 	I2C_Enable(I2Cx);
 213              		.loc 1 46 2
 214 002a 0325C4FD 		lw	a0,-36(s0)
 215 002e 97000000 		call	I2C_Enable
 215      E7800000 
  47:../src/bsp/wbi2c.c **** 
  48:../src/bsp/wbi2c.c **** 	if( (I2Cx->CTR & I2C_CTR_EN) && (I2Cx->PRER == (uint32_t)(temp_save & I2C_CTR_PERE)))
 216              		.loc 1 48 11
 217 0036 8327C4FD 		lw	a5,-36(s0)
 218 003a DC43     		lw	a5,4(a5)
 219              		.loc 1 48 17
 220 003c 93F70708 		andi	a5,a5,128
 221              		.loc 1 48 4
 222 0040 91CB     		beq	a5,zero,.L9
 223              		.loc 1 48 39 discriminator 1
 224 0042 8327C4FD 		lw	a5,-36(s0)
 225 0046 9843     		lw	a4,0(a5)
 226              		.loc 1 48 46 discriminator 1
 227 0048 8357E4FE 		lhu	a5,-18(s0)
 228              		.loc 1 48 31 discriminator 1
 229 004c 6314F700 		bne	a4,a5,.L9
  49:../src/bsp/wbi2c.c **** 	{
  50:../src/bsp/wbi2c.c **** 		return 0;
 230              		.loc 1 50 10
 231 0050 8147     		li	a5,0
 232 0052 11A0     		j	.L10
 233              	.L9:
  51:../src/bsp/wbi2c.c **** 	}
  52:../src/bsp/wbi2c.c **** 	else
  53:../src/bsp/wbi2c.c **** 	{
  54:../src/bsp/wbi2c.c **** 		return 1;
 234              		.loc 1 54 10
 235 0054 8547     		li	a5,1
 236              	.L10:
  55:../src/bsp/wbi2c.c **** 	}
  56:../src/bsp/wbi2c.c **** }
 237              		.loc 1 56 1
 238 0056 3E85     		mv	a0,a5
 239 0058 B250     		lw	ra,44(sp)
 240              		.cfi_restore 1
 241 005a 2254     		lw	s0,40(sp)
 242              		.cfi_restore 8
 243              		.cfi_def_cfa 2, 48
 244 005c 4561     		addi	sp,sp,48
 245              		.cfi_def_cfa_offset 0
 246 005e 8280     		jr	ra
 247              		.cfi_endproc
 248              	.LFE7:
 250              		.section	.text.I2C_SendByte,"ax",@progbits
 251              		.align	1
 252              		.globl	I2C_SendByte
 254              	I2C_SendByte:
 255              	.LFB8:
  57:../src/bsp/wbi2c.c **** 
  58:../src/bsp/wbi2c.c **** void I2C_SendByte(WBI2CMASTER_RegDef *I2Cx, uint8_t slv_address, uint8_t data_address, uint8_t data
  59:../src/bsp/wbi2c.c **** {
 256              		.loc 1 59 1
 257              		.cfi_startproc
 258 0000 0111     		addi	sp,sp,-32
 259              		.cfi_def_cfa_offset 32
 260 0002 06CE     		sw	ra,28(sp)
 261 0004 22CC     		sw	s0,24(sp)
 262              		.cfi_offset 1, -4
 263              		.cfi_offset 8, -8
 264 0006 0010     		addi	s0,sp,32
 265              		.cfi_def_cfa 8, 0
 266 0008 2326A4FE 		sw	a0,-20(s0)
 267 000c AE87     		mv	a5,a1
 268 000e 3687     		mv	a4,a3
 269 0010 A305F4FE 		sb	a5,-21(s0)
 270 0014 B287     		mv	a5,a2
 271 0016 2305F4FE 		sb	a5,-22(s0)
 272 001a BA87     		mv	a5,a4
 273 001c A304F4FE 		sb	a5,-23(s0)
  60:../src/bsp/wbi2c.c **** 	I2Cx->TXR = (slv_address << 1) | 0;
 274              		.loc 1 60 33
 275 0020 8347B4FE 		lbu	a5,-21(s0)
 276 0024 13971700 		slli	a4,a5,1
 277              		.loc 1 60 12
 278 0028 8327C4FE 		lw	a5,-20(s0)
 279 002c 98C7     		sw	a4,8(a5)
  61:../src/bsp/wbi2c.c **** 	I2Cx->CR = I2C_CMD_STA | I2C_CMD_WR | I2C_CMD_ACK;
 280              		.loc 1 61 11
 281 002e 8327C4FE 		lw	a5,-20(s0)
 282 0032 13078009 		li	a4,152
 283 0036 D8C7     		sw	a4,12(a5)
  62:../src/bsp/wbi2c.c **** 	while(I2Cx->SR & I2C_SR_TIP);		//Wait TIP
 284              		.loc 1 62 7
 285 0038 0100     		nop
 286              	.L12:
 287              		.loc 1 62 12 discriminator 1
 288 003a 8327C4FE 		lw	a5,-20(s0)
 289 003e DC47     		lw	a5,12(a5)
 290              		.loc 1 62 17 discriminator 1
 291 0040 898B     		andi	a5,a5,2
 292              		.loc 1 62 8 discriminator 1
 293 0042 E5FF     		bne	a5,zero,.L12
  63:../src/bsp/wbi2c.c **** 	while(I2Cx->SR & I2C_SR_RXACK);		//Wait ACK-----Over Here
 294              		.loc 1 63 7
 295 0044 0100     		nop
 296              	.L13:
 297              		.loc 1 63 12 discriminator 1
 298 0046 8327C4FE 		lw	a5,-20(s0)
 299 004a DC47     		lw	a5,12(a5)
 300              		.loc 1 63 17 discriminator 1
 301 004c 93F70708 		andi	a5,a5,128
 302              		.loc 1 63 8 discriminator 1
 303 0050 FDFB     		bne	a5,zero,.L13
  64:../src/bsp/wbi2c.c **** 
  65:../src/bsp/wbi2c.c **** 	I2Cx->TXR = data_address;
 304              		.loc 1 65 12
 305 0052 0347A4FE 		lbu	a4,-22(s0)
 306 0056 8327C4FE 		lw	a5,-20(s0)
 307 005a 98C7     		sw	a4,8(a5)
  66:../src/bsp/wbi2c.c **** 	I2Cx->CR = (I2C_CMD_WR | I2C_CMD_ACK);
 308              		.loc 1 66 11
 309 005c 8327C4FE 		lw	a5,-20(s0)
 310 0060 6147     		li	a4,24
 311 0062 D8C7     		sw	a4,12(a5)
  67:../src/bsp/wbi2c.c **** 	while(I2Cx->SR & I2C_SR_TIP);		//Wait TIP
 312              		.loc 1 67 7
 313 0064 0100     		nop
 314              	.L14:
 315              		.loc 1 67 12 discriminator 1
 316 0066 8327C4FE 		lw	a5,-20(s0)
 317 006a DC47     		lw	a5,12(a5)
 318              		.loc 1 67 17 discriminator 1
 319 006c 898B     		andi	a5,a5,2
 320              		.loc 1 67 8 discriminator 1
 321 006e E5FF     		bne	a5,zero,.L14
  68:../src/bsp/wbi2c.c **** 	while(I2Cx->SR & I2C_SR_RXACK);		//Wait ACK
 322              		.loc 1 68 7
 323 0070 0100     		nop
 324              	.L15:
 325              		.loc 1 68 12 discriminator 1
 326 0072 8327C4FE 		lw	a5,-20(s0)
 327 0076 DC47     		lw	a5,12(a5)
 328              		.loc 1 68 17 discriminator 1
 329 0078 93F70708 		andi	a5,a5,128
 330              		.loc 1 68 8 discriminator 1
 331 007c FDFB     		bne	a5,zero,.L15
  69:../src/bsp/wbi2c.c **** 
  70:../src/bsp/wbi2c.c **** 	I2Cx->TXR = data;
 332              		.loc 1 70 12
 333 007e 034794FE 		lbu	a4,-23(s0)
 334 0082 8327C4FE 		lw	a5,-20(s0)
 335 0086 98C7     		sw	a4,8(a5)
  71:../src/bsp/wbi2c.c **** 	I2Cx->CR |= (I2C_CMD_STO | I2C_CMD_WR | I2C_CMD_ACK);
 336              		.loc 1 71 6
 337 0088 8327C4FE 		lw	a5,-20(s0)
 338 008c DC47     		lw	a5,12(a5)
 339              		.loc 1 71 11
 340 008e 13E78705 		ori	a4,a5,88
 341 0092 8327C4FE 		lw	a5,-20(s0)
 342 0096 D8C7     		sw	a4,12(a5)
  72:../src/bsp/wbi2c.c **** 	while(I2Cx->SR & I2C_SR_TIP);		//Wait TIP
 343              		.loc 1 72 7
 344 0098 0100     		nop
 345              	.L16:
 346              		.loc 1 72 12 discriminator 1
 347 009a 8327C4FE 		lw	a5,-20(s0)
 348 009e DC47     		lw	a5,12(a5)
 349              		.loc 1 72 17 discriminator 1
 350 00a0 898B     		andi	a5,a5,2
 351              		.loc 1 72 8 discriminator 1
 352 00a2 E5FF     		bne	a5,zero,.L16
  73:../src/bsp/wbi2c.c **** 	while(I2Cx->SR & I2C_SR_RXACK);		//Wait ACK
 353              		.loc 1 73 7
 354 00a4 0100     		nop
 355              	.L17:
 356              		.loc 1 73 12 discriminator 1
 357 00a6 8327C4FE 		lw	a5,-20(s0)
 358 00aa DC47     		lw	a5,12(a5)
 359              		.loc 1 73 17 discriminator 1
 360 00ac 93F70708 		andi	a5,a5,128
 361              		.loc 1 73 8 discriminator 1
 362 00b0 FDFB     		bne	a5,zero,.L17
  74:../src/bsp/wbi2c.c **** 	while(I2Cx->SR & I2C_SR_BUSY);
 363              		.loc 1 74 7
 364 00b2 0100     		nop
 365              	.L18:
 366              		.loc 1 74 12 discriminator 1
 367 00b4 8327C4FE 		lw	a5,-20(s0)
 368 00b8 DC47     		lw	a5,12(a5)
 369              		.loc 1 74 17 discriminator 1
 370 00ba 93F70704 		andi	a5,a5,64
 371              		.loc 1 74 8 discriminator 1
 372 00be FDFB     		bne	a5,zero,.L18
  75:../src/bsp/wbi2c.c **** 	Delay_ms_i2c(3);					//Wait the data to I2C Ready
 373              		.loc 1 75 2
 374 00c0 0D45     		li	a0,3
 375 00c2 97000000 		call	Delay_ms_i2c
 375      E7800000 
  76:../src/bsp/wbi2c.c **** }
 376              		.loc 1 76 1
 377 00ca 0100     		nop
 378 00cc F240     		lw	ra,28(sp)
 379              		.cfi_restore 1
 380 00ce 6244     		lw	s0,24(sp)
 381              		.cfi_restore 8
 382              		.cfi_def_cfa 2, 32
 383 00d0 0561     		addi	sp,sp,32
 384              		.cfi_def_cfa_offset 0
 385 00d2 8280     		jr	ra
 386              		.cfi_endproc
 387              	.LFE8:
 389              		.section	.text.I2C_ReceiveByte,"ax",@progbits
 390              		.align	1
 391              		.globl	I2C_ReceiveByte
 393              	I2C_ReceiveByte:
 394              	.LFB9:
  77:../src/bsp/wbi2c.c **** 
  78:../src/bsp/wbi2c.c **** uint8_t I2C_ReceiveByte(WBI2CMASTER_RegDef *I2Cx, uint8_t slv_addr, uint8_t data_addr)
  79:../src/bsp/wbi2c.c **** {
 395              		.loc 1 79 1
 396              		.cfi_startproc
 397 0000 7971     		addi	sp,sp,-48
 398              		.cfi_def_cfa_offset 48
 399 0002 06D6     		sw	ra,44(sp)
 400 0004 22D4     		sw	s0,40(sp)
 401              		.cfi_offset 1, -4
 402              		.cfi_offset 8, -8
 403 0006 0018     		addi	s0,sp,48
 404              		.cfi_def_cfa 8, 0
 405 0008 232EA4FC 		sw	a0,-36(s0)
 406 000c AE87     		mv	a5,a1
 407 000e 3287     		mv	a4,a2
 408 0010 A30DF4FC 		sb	a5,-37(s0)
 409 0014 BA87     		mv	a5,a4
 410 0016 230DF4FC 		sb	a5,-38(s0)
  80:../src/bsp/wbi2c.c **** 	uint8_t data=0;
 411              		.loc 1 80 10
 412 001a A30704FE 		sb	zero,-17(s0)
  81:../src/bsp/wbi2c.c **** 
  82:../src/bsp/wbi2c.c **** 	I2Cx->TXR = (slv_addr << 1) | 0;
 413              		.loc 1 82 30
 414 001e 8347B4FD 		lbu	a5,-37(s0)
 415 0022 13971700 		slli	a4,a5,1
 416              		.loc 1 82 12
 417 0026 8327C4FD 		lw	a5,-36(s0)
 418 002a 98C7     		sw	a4,8(a5)
  83:../src/bsp/wbi2c.c **** 	I2Cx->CR = I2C_CMD_STA | I2C_CMD_WR | I2C_CMD_ACK;
 419              		.loc 1 83 11
 420 002c 8327C4FD 		lw	a5,-36(s0)
 421 0030 13078009 		li	a4,152
 422 0034 D8C7     		sw	a4,12(a5)
  84:../src/bsp/wbi2c.c **** 	while(I2Cx->SR & I2C_SR_TIP);
 423              		.loc 1 84 7
 424 0036 0100     		nop
 425              	.L20:
 426              		.loc 1 84 12 discriminator 1
 427 0038 8327C4FD 		lw	a5,-36(s0)
 428 003c DC47     		lw	a5,12(a5)
 429              		.loc 1 84 17 discriminator 1
 430 003e 898B     		andi	a5,a5,2
 431              		.loc 1 84 8 discriminator 1
 432 0040 E5FF     		bne	a5,zero,.L20
  85:../src/bsp/wbi2c.c **** 	while(I2Cx->SR & I2C_SR_RXACK);			//Wait ACK-----Over Here
 433              		.loc 1 85 7
 434 0042 0100     		nop
 435              	.L21:
 436              		.loc 1 85 12 discriminator 1
 437 0044 8327C4FD 		lw	a5,-36(s0)
 438 0048 DC47     		lw	a5,12(a5)
 439              		.loc 1 85 17 discriminator 1
 440 004a 93F70708 		andi	a5,a5,128
 441              		.loc 1 85 8 discriminator 1
 442 004e FDFB     		bne	a5,zero,.L21
  86:../src/bsp/wbi2c.c **** 
  87:../src/bsp/wbi2c.c **** 	I2Cx->TXR = data_addr;
 443              		.loc 1 87 12
 444 0050 0347A4FD 		lbu	a4,-38(s0)
 445 0054 8327C4FD 		lw	a5,-36(s0)
 446 0058 98C7     		sw	a4,8(a5)
  88:../src/bsp/wbi2c.c **** 	I2Cx->CR = I2C_CMD_WR | I2C_CMD_ACK;	//Stop
 447              		.loc 1 88 11
 448 005a 8327C4FD 		lw	a5,-36(s0)
 449 005e 6147     		li	a4,24
 450 0060 D8C7     		sw	a4,12(a5)
  89:../src/bsp/wbi2c.c **** 	while(I2Cx->SR & I2C_SR_TIP);			//Wait TIP
 451              		.loc 1 89 7
 452 0062 0100     		nop
 453              	.L22:
 454              		.loc 1 89 12 discriminator 1
 455 0064 8327C4FD 		lw	a5,-36(s0)
 456 0068 DC47     		lw	a5,12(a5)
 457              		.loc 1 89 17 discriminator 1
 458 006a 898B     		andi	a5,a5,2
 459              		.loc 1 89 8 discriminator 1
 460 006c E5FF     		bne	a5,zero,.L22
  90:../src/bsp/wbi2c.c **** 	while(I2Cx->SR & I2C_SR_RXACK);			//Wait ACK
 461              		.loc 1 90 7
 462 006e 0100     		nop
 463              	.L23:
 464              		.loc 1 90 12 discriminator 1
 465 0070 8327C4FD 		lw	a5,-36(s0)
 466 0074 DC47     		lw	a5,12(a5)
 467              		.loc 1 90 17 discriminator 1
 468 0076 93F70708 		andi	a5,a5,128
 469              		.loc 1 90 8 discriminator 1
 470 007a FDFB     		bne	a5,zero,.L23
  91:../src/bsp/wbi2c.c **** 
  92:../src/bsp/wbi2c.c **** 	I2Cx->TXR = (slv_addr << 1) | 1;
 471              		.loc 1 92 24
 472 007c 8347B4FD 		lbu	a5,-37(s0)
 473 0080 8607     		slli	a5,a5,1
 474              		.loc 1 92 30
 475 0082 93E71700 		ori	a5,a5,1
 476 0086 3E87     		mv	a4,a5
 477              		.loc 1 92 12
 478 0088 8327C4FD 		lw	a5,-36(s0)
 479 008c 98C7     		sw	a4,8(a5)
  93:../src/bsp/wbi2c.c **** 	I2Cx->CR = I2C_CMD_STA | I2C_CMD_WR | I2C_CMD_ACK;
 480              		.loc 1 93 11
 481 008e 8327C4FD 		lw	a5,-36(s0)
 482 0092 13078009 		li	a4,152
 483 0096 D8C7     		sw	a4,12(a5)
  94:../src/bsp/wbi2c.c **** 	while(I2Cx->SR & I2C_SR_TIP);
 484              		.loc 1 94 7
 485 0098 0100     		nop
 486              	.L24:
 487              		.loc 1 94 12 discriminator 1
 488 009a 8327C4FD 		lw	a5,-36(s0)
 489 009e DC47     		lw	a5,12(a5)
 490              		.loc 1 94 17 discriminator 1
 491 00a0 898B     		andi	a5,a5,2
 492              		.loc 1 94 8 discriminator 1
 493 00a2 E5FF     		bne	a5,zero,.L24
  95:../src/bsp/wbi2c.c **** 	while(I2Cx->SR & I2C_SR_RXACK);			//wait ACK
 494              		.loc 1 95 7
 495 00a4 0100     		nop
 496              	.L25:
 497              		.loc 1 95 12 discriminator 1
 498 00a6 8327C4FD 		lw	a5,-36(s0)
 499 00aa DC47     		lw	a5,12(a5)
 500              		.loc 1 95 17 discriminator 1
 501 00ac 93F70708 		andi	a5,a5,128
 502              		.loc 1 95 8 discriminator 1
 503 00b0 FDFB     		bne	a5,zero,.L25
  96:../src/bsp/wbi2c.c **** 
  97:../src/bsp/wbi2c.c **** 	I2Cx->CR = ((I2C_CMD_ACK) | I2C_CMD_STO | I2C_CMD_RD);	//Send NACK
 504              		.loc 1 97 11
 505 00b2 8327C4FD 		lw	a5,-36(s0)
 506 00b6 13078006 		li	a4,104
 507 00ba D8C7     		sw	a4,12(a5)
  98:../src/bsp/wbi2c.c **** 	while(I2Cx->SR & I2C_SR_TIP);
 508              		.loc 1 98 7
 509 00bc 0100     		nop
 510              	.L26:
 511              		.loc 1 98 12 discriminator 1
 512 00be 8327C4FD 		lw	a5,-36(s0)
 513 00c2 DC47     		lw	a5,12(a5)
 514              		.loc 1 98 17 discriminator 1
 515 00c4 898B     		andi	a5,a5,2
 516              		.loc 1 98 8 discriminator 1
 517 00c6 E5FF     		bne	a5,zero,.L26
  99:../src/bsp/wbi2c.c **** 	data = I2Cx->RXR;
 518              		.loc 1 99 13
 519 00c8 8327C4FD 		lw	a5,-36(s0)
 520 00cc 9C47     		lw	a5,8(a5)
 521              		.loc 1 99 7
 522 00ce A307F4FE 		sb	a5,-17(s0)
 100:../src/bsp/wbi2c.c **** 	Delay_ms_i2c(3);						//Wait the data from I2C Ready
 523              		.loc 1 100 2
 524 00d2 0D45     		li	a0,3
 525 00d4 97000000 		call	Delay_ms_i2c
 525      E7800000 
 101:../src/bsp/wbi2c.c **** 
 102:../src/bsp/wbi2c.c ****     return data;
 526              		.loc 1 102 12
 527 00dc 8347F4FE 		lbu	a5,-17(s0)
 103:../src/bsp/wbi2c.c **** }
 528              		.loc 1 103 1
 529 00e0 3E85     		mv	a0,a5
 530 00e2 B250     		lw	ra,44(sp)
 531              		.cfi_restore 1
 532 00e4 2254     		lw	s0,40(sp)
 533              		.cfi_restore 8
 534              		.cfi_def_cfa 2, 48
 535 00e6 4561     		addi	sp,sp,48
 536              		.cfi_def_cfa_offset 0
 537 00e8 8280     		jr	ra
 538              		.cfi_endproc
 539              	.LFE9:
 541              		.section	.text.I2C_SendWord,"ax",@progbits
 542              		.align	1
 543              		.globl	I2C_SendWord
 545              	I2C_SendWord:
 546              	.LFB10:
 104:../src/bsp/wbi2c.c **** 
 105:../src/bsp/wbi2c.c **** //Send a 16 bit data
 106:../src/bsp/wbi2c.c **** //dir == 1, upper byte first; dir == 0, lower byte first
 107:../src/bsp/wbi2c.c **** void I2C_SendWord(WBI2CMASTER_RegDef *I2Cx, uint8_t slv_address, uint8_t data_address, uint16_t dat
 108:../src/bsp/wbi2c.c **** {
 547              		.loc 1 108 1
 548              		.cfi_startproc
 549 0000 7971     		addi	sp,sp,-48
 550              		.cfi_def_cfa_offset 48
 551 0002 06D6     		sw	ra,44(sp)
 552 0004 22D4     		sw	s0,40(sp)
 553              		.cfi_offset 1, -4
 554              		.cfi_offset 8, -8
 555 0006 0018     		addi	s0,sp,48
 556              		.cfi_def_cfa 8, 0
 557 0008 232EA4FC 		sw	a0,-36(s0)
 558 000c AE87     		mv	a5,a1
 559 000e A30DF4FC 		sb	a5,-37(s0)
 560 0012 B287     		mv	a5,a2
 561 0014 230DF4FC 		sb	a5,-38(s0)
 562 0018 B687     		mv	a5,a3
 563 001a 231CF4FC 		sh	a5,-40(s0)
 564 001e BA87     		mv	a5,a4
 565 0020 A30BF4FC 		sb	a5,-41(s0)
 109:../src/bsp/wbi2c.c **** 	uint8_t data0 = 0;
 566              		.loc 1 109 10
 567 0024 A30704FE 		sb	zero,-17(s0)
 110:../src/bsp/wbi2c.c **** 	uint8_t data1 = 0;
 568              		.loc 1 110 10
 569 0028 230704FE 		sb	zero,-18(s0)
 111:../src/bsp/wbi2c.c **** 
 112:../src/bsp/wbi2c.c **** 	if(dir)  		//Send upper byte first
 570              		.loc 1 112 4
 571 002c 834774FD 		lbu	a5,-41(s0)
 572 0030 89CF     		beq	a5,zero,.L29
 113:../src/bsp/wbi2c.c **** 	{
 114:../src/bsp/wbi2c.c **** 		data0 = (uint8_t)(data >> 8);
 573              		.loc 1 114 11
 574 0032 835784FD 		lhu	a5,-40(s0)
 575 0036 A183     		srli	a5,a5,8
 576 0038 C207     		slli	a5,a5,16
 577 003a C183     		srli	a5,a5,16
 578              		.loc 1 114 9
 579 003c A307F4FE 		sb	a5,-17(s0)
 115:../src/bsp/wbi2c.c **** 		data1 = (uint8_t)(data & 0xff);
 580              		.loc 1 115 9
 581 0040 835784FD 		lhu	a5,-40(s0)
 582 0044 2307F4FE 		sb	a5,-18(s0)
 583 0048 21A8     		j	.L30
 584              	.L29:
 116:../src/bsp/wbi2c.c **** 	}
 117:../src/bsp/wbi2c.c **** 	else  			//Send lower byte first
 118:../src/bsp/wbi2c.c **** 	{
 119:../src/bsp/wbi2c.c **** 		data0 = (uint8_t)(data & 0xff);
 585              		.loc 1 119 9
 586 004a 835784FD 		lhu	a5,-40(s0)
 587 004e A307F4FE 		sb	a5,-17(s0)
 120:../src/bsp/wbi2c.c **** 		data1 = (uint8_t)(data >> 8);
 588              		.loc 1 120 11
 589 0052 835784FD 		lhu	a5,-40(s0)
 590 0056 A183     		srli	a5,a5,8
 591 0058 C207     		slli	a5,a5,16
 592 005a C183     		srli	a5,a5,16
 593              		.loc 1 120 9
 594 005c 2307F4FE 		sb	a5,-18(s0)
 595              	.L30:
 121:../src/bsp/wbi2c.c **** 	}
 122:../src/bsp/wbi2c.c **** 
 123:../src/bsp/wbi2c.c **** 	I2Cx->TXR = (slv_address << 1) | 0;
 596              		.loc 1 123 33
 597 0060 8347B4FD 		lbu	a5,-37(s0)
 598 0064 13971700 		slli	a4,a5,1
 599              		.loc 1 123 12
 600 0068 8327C4FD 		lw	a5,-36(s0)
 601 006c 98C7     		sw	a4,8(a5)
 124:../src/bsp/wbi2c.c **** 	I2Cx->CR = I2C_CMD_STA | I2C_CMD_WR | I2C_CMD_ACK;
 602              		.loc 1 124 11
 603 006e 8327C4FD 		lw	a5,-36(s0)
 604 0072 13078009 		li	a4,152
 605 0076 D8C7     		sw	a4,12(a5)
 125:../src/bsp/wbi2c.c **** 	while(I2Cx->SR & I2C_SR_TIP);		//Wait TIP
 606              		.loc 1 125 7
 607 0078 0100     		nop
 608              	.L31:
 609              		.loc 1 125 12 discriminator 1
 610 007a 8327C4FD 		lw	a5,-36(s0)
 611 007e DC47     		lw	a5,12(a5)
 612              		.loc 1 125 17 discriminator 1
 613 0080 898B     		andi	a5,a5,2
 614              		.loc 1 125 8 discriminator 1
 615 0082 E5FF     		bne	a5,zero,.L31
 126:../src/bsp/wbi2c.c **** 	while(I2Cx->SR & I2C_SR_RXACK);		//Wait ACK-----Over Here
 616              		.loc 1 126 7
 617 0084 0100     		nop
 618              	.L32:
 619              		.loc 1 126 12 discriminator 1
 620 0086 8327C4FD 		lw	a5,-36(s0)
 621 008a DC47     		lw	a5,12(a5)
 622              		.loc 1 126 17 discriminator 1
 623 008c 93F70708 		andi	a5,a5,128
 624              		.loc 1 126 8 discriminator 1
 625 0090 FDFB     		bne	a5,zero,.L32
 127:../src/bsp/wbi2c.c **** 
 128:../src/bsp/wbi2c.c **** 	I2Cx->TXR = data_address;
 626              		.loc 1 128 12
 627 0092 0347A4FD 		lbu	a4,-38(s0)
 628 0096 8327C4FD 		lw	a5,-36(s0)
 629 009a 98C7     		sw	a4,8(a5)
 129:../src/bsp/wbi2c.c **** 	I2Cx->CR = (I2C_CMD_WR | I2C_CMD_ACK);
 630              		.loc 1 129 11
 631 009c 8327C4FD 		lw	a5,-36(s0)
 632 00a0 6147     		li	a4,24
 633 00a2 D8C7     		sw	a4,12(a5)
 130:../src/bsp/wbi2c.c **** 	while(I2Cx->SR & I2C_SR_TIP);		//Wait TIP
 634              		.loc 1 130 7
 635 00a4 0100     		nop
 636              	.L33:
 637              		.loc 1 130 12 discriminator 1
 638 00a6 8327C4FD 		lw	a5,-36(s0)
 639 00aa DC47     		lw	a5,12(a5)
 640              		.loc 1 130 17 discriminator 1
 641 00ac 898B     		andi	a5,a5,2
 642              		.loc 1 130 8 discriminator 1
 643 00ae E5FF     		bne	a5,zero,.L33
 131:../src/bsp/wbi2c.c **** 	while(I2Cx->SR & I2C_SR_RXACK);		//Wait ACK
 644              		.loc 1 131 7
 645 00b0 0100     		nop
 646              	.L34:
 647              		.loc 1 131 12 discriminator 1
 648 00b2 8327C4FD 		lw	a5,-36(s0)
 649 00b6 DC47     		lw	a5,12(a5)
 650              		.loc 1 131 17 discriminator 1
 651 00b8 93F70708 		andi	a5,a5,128
 652              		.loc 1 131 8 discriminator 1
 653 00bc FDFB     		bne	a5,zero,.L34
 132:../src/bsp/wbi2c.c **** 
 133:../src/bsp/wbi2c.c **** 	I2Cx->TXR = data0;
 654              		.loc 1 133 12
 655 00be 0347F4FE 		lbu	a4,-17(s0)
 656 00c2 8327C4FD 		lw	a5,-36(s0)
 657 00c6 98C7     		sw	a4,8(a5)
 134:../src/bsp/wbi2c.c **** 	I2Cx->CR = (I2C_CMD_WR | I2C_CMD_ACK);
 658              		.loc 1 134 11
 659 00c8 8327C4FD 		lw	a5,-36(s0)
 660 00cc 6147     		li	a4,24
 661 00ce D8C7     		sw	a4,12(a5)
 135:../src/bsp/wbi2c.c **** 	while(I2Cx->SR & I2C_SR_TIP);		//Wait TIP
 662              		.loc 1 135 7
 663 00d0 0100     		nop
 664              	.L35:
 665              		.loc 1 135 12 discriminator 1
 666 00d2 8327C4FD 		lw	a5,-36(s0)
 667 00d6 DC47     		lw	a5,12(a5)
 668              		.loc 1 135 17 discriminator 1
 669 00d8 898B     		andi	a5,a5,2
 670              		.loc 1 135 8 discriminator 1
 671 00da E5FF     		bne	a5,zero,.L35
 136:../src/bsp/wbi2c.c **** 	while(I2Cx->SR & I2C_SR_RXACK);		//Wait ACK
 672              		.loc 1 136 7
 673 00dc 0100     		nop
 674              	.L36:
 675              		.loc 1 136 12 discriminator 1
 676 00de 8327C4FD 		lw	a5,-36(s0)
 677 00e2 DC47     		lw	a5,12(a5)
 678              		.loc 1 136 17 discriminator 1
 679 00e4 93F70708 		andi	a5,a5,128
 680              		.loc 1 136 8 discriminator 1
 681 00e8 FDFB     		bne	a5,zero,.L36
 137:../src/bsp/wbi2c.c **** 	Delay_ms_i2c(3);					//Wait the data to I2C Ready
 682              		.loc 1 137 2
 683 00ea 0D45     		li	a0,3
 684 00ec 97000000 		call	Delay_ms_i2c
 684      E7800000 
 138:../src/bsp/wbi2c.c **** 
 139:../src/bsp/wbi2c.c **** 	I2Cx->TXR = data1;
 685              		.loc 1 139 12
 686 00f4 0347E4FE 		lbu	a4,-18(s0)
 687 00f8 8327C4FD 		lw	a5,-36(s0)
 688 00fc 98C7     		sw	a4,8(a5)
 140:../src/bsp/wbi2c.c **** 	I2Cx->CR |= (I2C_CMD_STO | I2C_CMD_WR | I2C_CMD_ACK);
 689              		.loc 1 140 6
 690 00fe 8327C4FD 		lw	a5,-36(s0)
 691 0102 DC47     		lw	a5,12(a5)
 692              		.loc 1 140 11
 693 0104 13E78705 		ori	a4,a5,88
 694 0108 8327C4FD 		lw	a5,-36(s0)
 695 010c D8C7     		sw	a4,12(a5)
 141:../src/bsp/wbi2c.c **** 	while(I2Cx->SR & I2C_SR_TIP);		//Wait TIP
 696              		.loc 1 141 7
 697 010e 0100     		nop
 698              	.L37:
 699              		.loc 1 141 12 discriminator 1
 700 0110 8327C4FD 		lw	a5,-36(s0)
 701 0114 DC47     		lw	a5,12(a5)
 702              		.loc 1 141 17 discriminator 1
 703 0116 898B     		andi	a5,a5,2
 704              		.loc 1 141 8 discriminator 1
 705 0118 E5FF     		bne	a5,zero,.L37
 142:../src/bsp/wbi2c.c **** 	while(I2Cx->SR & I2C_SR_RXACK);		//Wait ACK
 706              		.loc 1 142 7
 707 011a 0100     		nop
 708              	.L38:
 709              		.loc 1 142 12 discriminator 1
 710 011c 8327C4FD 		lw	a5,-36(s0)
 711 0120 DC47     		lw	a5,12(a5)
 712              		.loc 1 142 17 discriminator 1
 713 0122 93F70708 		andi	a5,a5,128
 714              		.loc 1 142 8 discriminator 1
 715 0126 FDFB     		bne	a5,zero,.L38
 143:../src/bsp/wbi2c.c **** 	while(I2Cx->SR & I2C_SR_BUSY);
 716              		.loc 1 143 7
 717 0128 0100     		nop
 718              	.L39:
 719              		.loc 1 143 12 discriminator 1
 720 012a 8327C4FD 		lw	a5,-36(s0)
 721 012e DC47     		lw	a5,12(a5)
 722              		.loc 1 143 17 discriminator 1
 723 0130 93F70704 		andi	a5,a5,64
 724              		.loc 1 143 8 discriminator 1
 725 0134 FDFB     		bne	a5,zero,.L39
 144:../src/bsp/wbi2c.c **** 	Delay_ms_i2c(3);					//Wait the data to I2C Ready
 726              		.loc 1 144 2
 727 0136 0D45     		li	a0,3
 728 0138 97000000 		call	Delay_ms_i2c
 728      E7800000 
 145:../src/bsp/wbi2c.c **** }
 729              		.loc 1 145 1
 730 0140 0100     		nop
 731 0142 B250     		lw	ra,44(sp)
 732              		.cfi_restore 1
 733 0144 2254     		lw	s0,40(sp)
 734              		.cfi_restore 8
 735              		.cfi_def_cfa 2, 48
 736 0146 4561     		addi	sp,sp,48
 737              		.cfi_def_cfa_offset 0
 738 0148 8280     		jr	ra
 739              		.cfi_endproc
 740              	.LFE10:
 742              		.section	.text.I2C_ReceiveWord,"ax",@progbits
 743              		.align	1
 744              		.globl	I2C_ReceiveWord
 746              	I2C_ReceiveWord:
 747              	.LFB11:
 146:../src/bsp/wbi2c.c **** 
 147:../src/bsp/wbi2c.c **** //Receive a 16 bit data
 148:../src/bsp/wbi2c.c **** //dir == 1, upper byte first; dir == 0, lower byte first
 149:../src/bsp/wbi2c.c **** uint16_t I2C_ReceiveWord(WBI2CMASTER_RegDef *I2Cx, uint8_t slv_addr, uint8_t data_addr, uint8_t dir
 150:../src/bsp/wbi2c.c **** {
 748              		.loc 1 150 1
 749              		.cfi_startproc
 750 0000 7971     		addi	sp,sp,-48
 751              		.cfi_def_cfa_offset 48
 752 0002 06D6     		sw	ra,44(sp)
 753 0004 22D4     		sw	s0,40(sp)
 754              		.cfi_offset 1, -4
 755              		.cfi_offset 8, -8
 756 0006 0018     		addi	s0,sp,48
 757              		.cfi_def_cfa 8, 0
 758 0008 232EA4FC 		sw	a0,-36(s0)
 759 000c AE87     		mv	a5,a1
 760 000e 3687     		mv	a4,a3
 761 0010 A30DF4FC 		sb	a5,-37(s0)
 762 0014 B287     		mv	a5,a2
 763 0016 230DF4FC 		sb	a5,-38(s0)
 764 001a BA87     		mv	a5,a4
 765 001c A30CF4FC 		sb	a5,-39(s0)
 151:../src/bsp/wbi2c.c **** 	uint8_t rbyte0 = 0;
 766              		.loc 1 151 10
 767 0020 A30604FE 		sb	zero,-19(s0)
 152:../src/bsp/wbi2c.c **** 	uint8_t rbyte1 = 0;
 768              		.loc 1 152 10
 769 0024 230604FE 		sb	zero,-20(s0)
 153:../src/bsp/wbi2c.c **** 	uint16_t rword = 0;
 770              		.loc 1 153 11
 771 0028 231704FE 		sh	zero,-18(s0)
 154:../src/bsp/wbi2c.c **** 
 155:../src/bsp/wbi2c.c **** 	I2Cx->TXR = (slv_addr <<1) | 0;
 772              		.loc 1 155 29
 773 002c 8347B4FD 		lbu	a5,-37(s0)
 774 0030 13971700 		slli	a4,a5,1
 775              		.loc 1 155 12
 776 0034 8327C4FD 		lw	a5,-36(s0)
 777 0038 98C7     		sw	a4,8(a5)
 156:../src/bsp/wbi2c.c **** 	I2Cx->CR = I2C_CMD_STA | I2C_CMD_WR;
 778              		.loc 1 156 11
 779 003a 8327C4FD 		lw	a5,-36(s0)
 780 003e 13070009 		li	a4,144
 781 0042 D8C7     		sw	a4,12(a5)
 157:../src/bsp/wbi2c.c **** 	while(I2Cx->SR & I2C_SR_TIP);
 782              		.loc 1 157 7
 783 0044 0100     		nop
 784              	.L41:
 785              		.loc 1 157 12 discriminator 1
 786 0046 8327C4FD 		lw	a5,-36(s0)
 787 004a DC47     		lw	a5,12(a5)
 788              		.loc 1 157 17 discriminator 1
 789 004c 898B     		andi	a5,a5,2
 790              		.loc 1 157 8 discriminator 1
 791 004e E5FF     		bne	a5,zero,.L41
 158:../src/bsp/wbi2c.c **** 	while(I2Cx->SR & I2C_SR_RXACK);		//Wait ACK-----Over Here
 792              		.loc 1 158 7
 793 0050 0100     		nop
 794              	.L42:
 795              		.loc 1 158 12 discriminator 1
 796 0052 8327C4FD 		lw	a5,-36(s0)
 797 0056 DC47     		lw	a5,12(a5)
 798              		.loc 1 158 17 discriminator 1
 799 0058 93F70708 		andi	a5,a5,128
 800              		.loc 1 158 8 discriminator 1
 801 005c FDFB     		bne	a5,zero,.L42
 159:../src/bsp/wbi2c.c **** 
 160:../src/bsp/wbi2c.c **** 	I2Cx->TXR = data_addr;
 802              		.loc 1 160 12
 803 005e 0347A4FD 		lbu	a4,-38(s0)
 804 0062 8327C4FD 		lw	a5,-36(s0)
 805 0066 98C7     		sw	a4,8(a5)
 161:../src/bsp/wbi2c.c **** 	I2Cx->CR = I2C_CMD_WR;				//Stop
 806              		.loc 1 161 11
 807 0068 8327C4FD 		lw	a5,-36(s0)
 808 006c 4147     		li	a4,16
 809 006e D8C7     		sw	a4,12(a5)
 162:../src/bsp/wbi2c.c **** 	while(I2Cx->SR & I2C_SR_TIP);		//Wait TIP
 810              		.loc 1 162 7
 811 0070 0100     		nop
 812              	.L43:
 813              		.loc 1 162 12 discriminator 1
 814 0072 8327C4FD 		lw	a5,-36(s0)
 815 0076 DC47     		lw	a5,12(a5)
 816              		.loc 1 162 17 discriminator 1
 817 0078 898B     		andi	a5,a5,2
 818              		.loc 1 162 8 discriminator 1
 819 007a E5FF     		bne	a5,zero,.L43
 163:../src/bsp/wbi2c.c **** 	while(I2Cx->SR & I2C_SR_RXACK);		//Wait ACK
 820              		.loc 1 163 7
 821 007c 0100     		nop
 822              	.L44:
 823              		.loc 1 163 12 discriminator 1
 824 007e 8327C4FD 		lw	a5,-36(s0)
 825 0082 DC47     		lw	a5,12(a5)
 826              		.loc 1 163 17 discriminator 1
 827 0084 93F70708 		andi	a5,a5,128
 828              		.loc 1 163 8 discriminator 1
 829 0088 FDFB     		bne	a5,zero,.L44
 164:../src/bsp/wbi2c.c **** 
 165:../src/bsp/wbi2c.c **** 	I2Cx->TXR = (slv_addr << 1) | 1;
 830              		.loc 1 165 24
 831 008a 8347B4FD 		lbu	a5,-37(s0)
 832 008e 8607     		slli	a5,a5,1
 833              		.loc 1 165 30
 834 0090 93E71700 		ori	a5,a5,1
 835 0094 3E87     		mv	a4,a5
 836              		.loc 1 165 12
 837 0096 8327C4FD 		lw	a5,-36(s0)
 838 009a 98C7     		sw	a4,8(a5)
 166:../src/bsp/wbi2c.c **** 	I2Cx->CR = (I2C_CMD_STA | I2C_CMD_WR);
 839              		.loc 1 166 11
 840 009c 8327C4FD 		lw	a5,-36(s0)
 841 00a0 13070009 		li	a4,144
 842 00a4 D8C7     		sw	a4,12(a5)
 167:../src/bsp/wbi2c.c **** 	while(I2Cx->SR & I2C_SR_TIP);
 843              		.loc 1 167 7
 844 00a6 0100     		nop
 845              	.L45:
 846              		.loc 1 167 12 discriminator 1
 847 00a8 8327C4FD 		lw	a5,-36(s0)
 848 00ac DC47     		lw	a5,12(a5)
 849              		.loc 1 167 17 discriminator 1
 850 00ae 898B     		andi	a5,a5,2
 851              		.loc 1 167 8 discriminator 1
 852 00b0 E5FF     		bne	a5,zero,.L45
 168:../src/bsp/wbi2c.c **** 	while(I2Cx->SR & I2C_SR_RXACK);		//Wait ACK
 853              		.loc 1 168 7
 854 00b2 0100     		nop
 855              	.L46:
 856              		.loc 1 168 12 discriminator 1
 857 00b4 8327C4FD 		lw	a5,-36(s0)
 858 00b8 DC47     		lw	a5,12(a5)
 859              		.loc 1 168 17 discriminator 1
 860 00ba 93F70708 		andi	a5,a5,128
 861              		.loc 1 168 8 discriminator 1
 862 00be FDFB     		bne	a5,zero,.L46
 169:../src/bsp/wbi2c.c **** 
 170:../src/bsp/wbi2c.c **** 	I2Cx->CR = ((~I2C_CMD_ACK) & I2C_CMD_RD);	//Send NACK
 863              		.loc 1 170 11
 864 00c0 8327C4FD 		lw	a5,-36(s0)
 865 00c4 13070002 		li	a4,32
 866 00c8 D8C7     		sw	a4,12(a5)
 171:../src/bsp/wbi2c.c **** 	while(I2Cx->SR & I2C_SR_TIP);
 867              		.loc 1 171 7
 868 00ca 0100     		nop
 869              	.L47:
 870              		.loc 1 171 12 discriminator 1
 871 00cc 8327C4FD 		lw	a5,-36(s0)
 872 00d0 DC47     		lw	a5,12(a5)
 873              		.loc 1 171 17 discriminator 1
 874 00d2 898B     		andi	a5,a5,2
 875              		.loc 1 171 8 discriminator 1
 876 00d4 E5FF     		bne	a5,zero,.L47
 172:../src/bsp/wbi2c.c **** 	rbyte0 = (uint8_t)(I2Cx->RXR);
 877              		.loc 1 172 25
 878 00d6 8327C4FD 		lw	a5,-36(s0)
 879 00da 9C47     		lw	a5,8(a5)
 880              		.loc 1 172 9
 881 00dc A306F4FE 		sb	a5,-19(s0)
 173:../src/bsp/wbi2c.c **** 	Delay_ms_i2c(3);
 882              		.loc 1 173 2
 883 00e0 0D45     		li	a0,3
 884 00e2 97000000 		call	Delay_ms_i2c
 884      E7800000 
 174:../src/bsp/wbi2c.c **** 
 175:../src/bsp/wbi2c.c **** 	I2Cx->CR = (I2C_CMD_RD | I2C_CMD_STO) & (~I2C_CMD_ACK);	//Send NACK
 885              		.loc 1 175 11
 886 00ea 8327C4FD 		lw	a5,-36(s0)
 887 00ee 13070006 		li	a4,96
 888 00f2 D8C7     		sw	a4,12(a5)
 176:../src/bsp/wbi2c.c **** 	while(I2Cx->SR & I2C_SR_TIP);
 889              		.loc 1 176 7
 890 00f4 0100     		nop
 891              	.L48:
 892              		.loc 1 176 12 discriminator 1
 893 00f6 8327C4FD 		lw	a5,-36(s0)
 894 00fa DC47     		lw	a5,12(a5)
 895              		.loc 1 176 17 discriminator 1
 896 00fc 898B     		andi	a5,a5,2
 897              		.loc 1 176 8 discriminator 1
 898 00fe E5FF     		bne	a5,zero,.L48
 177:../src/bsp/wbi2c.c **** 	rbyte1  = (uint8_t)(I2Cx->RXR);
 899              		.loc 1 177 26
 900 0100 8327C4FD 		lw	a5,-36(s0)
 901 0104 9C47     		lw	a5,8(a5)
 902              		.loc 1 177 10
 903 0106 2306F4FE 		sb	a5,-20(s0)
 178:../src/bsp/wbi2c.c **** 	Delay_ms_i2c(3);
 904              		.loc 1 178 2
 905 010a 0D45     		li	a0,3
 906 010c 97000000 		call	Delay_ms_i2c
 906      E7800000 
 179:../src/bsp/wbi2c.c **** 
 180:../src/bsp/wbi2c.c **** 	if(dir) 		//The first byte received is upper byte
 907              		.loc 1 180 4
 908 0114 834794FD 		lbu	a5,-39(s0)
 909 0118 8DC3     		beq	a5,zero,.L49
 181:../src/bsp/wbi2c.c **** 	{
 182:../src/bsp/wbi2c.c **** 		rword = (((uint16_t)(rbyte0)) << 8) + rbyte1;
 910              		.loc 1 182 33
 911 011a 8347D4FE 		lbu	a5,-19(s0)
 912 011e C207     		slli	a5,a5,16
 913 0120 C183     		srli	a5,a5,16
 914 0122 A207     		slli	a5,a5,8
 915 0124 13970701 		slli	a4,a5,16
 916 0128 4183     		srli	a4,a4,16
 917              		.loc 1 182 39
 918 012a 8347C4FE 		lbu	a5,-20(s0)
 919 012e C207     		slli	a5,a5,16
 920 0130 C183     		srli	a5,a5,16
 921              		.loc 1 182 9
 922 0132 BA97     		add	a5,a4,a5
 923 0134 2317F4FE 		sh	a5,-18(s0)
 924 0138 05A0     		j	.L50
 925              	.L49:
 183:../src/bsp/wbi2c.c **** 	}
 184:../src/bsp/wbi2c.c **** 	else  			//The first byte received is lower byte
 185:../src/bsp/wbi2c.c **** 	{
 186:../src/bsp/wbi2c.c **** 		rword = (((uint16_t)(rbyte1)) << 8) + rbyte0;
 926              		.loc 1 186 33
 927 013a 8347C4FE 		lbu	a5,-20(s0)
 928 013e C207     		slli	a5,a5,16
 929 0140 C183     		srli	a5,a5,16
 930 0142 A207     		slli	a5,a5,8
 931 0144 13970701 		slli	a4,a5,16
 932 0148 4183     		srli	a4,a4,16
 933              		.loc 1 186 39
 934 014a 8347D4FE 		lbu	a5,-19(s0)
 935 014e C207     		slli	a5,a5,16
 936 0150 C183     		srli	a5,a5,16
 937              		.loc 1 186 9
 938 0152 BA97     		add	a5,a4,a5
 939 0154 2317F4FE 		sh	a5,-18(s0)
 940              	.L50:
 187:../src/bsp/wbi2c.c **** 	}
 188:../src/bsp/wbi2c.c **** 
 189:../src/bsp/wbi2c.c **** 	return rword;
 941              		.loc 1 189 9
 942 0158 8357E4FE 		lhu	a5,-18(s0)
 190:../src/bsp/wbi2c.c **** }
 943              		.loc 1 190 1
 944 015c 3E85     		mv	a0,a5
 945 015e B250     		lw	ra,44(sp)
 946              		.cfi_restore 1
 947 0160 2254     		lw	s0,40(sp)
 948              		.cfi_restore 8
 949              		.cfi_def_cfa 2, 48
 950 0162 4561     		addi	sp,sp,48
 951              		.cfi_def_cfa_offset 0
 952 0164 8280     		jr	ra
 953              		.cfi_endproc
 954              	.LFE11:
 956              		.section	.text.I2C_SendArray,"ax",@progbits
 957              		.align	1
 958              		.globl	I2C_SendArray
 960              	I2C_SendArray:
 961              	.LFB12:
 191:../src/bsp/wbi2c.c **** 
 192:../src/bsp/wbi2c.c **** void I2C_SendArray(WBI2CMASTER_RegDef *I2Cx, uint8_t slv_address, uint8_t data_address, uint8_t *se
 193:../src/bsp/wbi2c.c **** {
 962              		.loc 1 193 1
 963              		.cfi_startproc
 964 0000 7971     		addi	sp,sp,-48
 965              		.cfi_def_cfa_offset 48
 966 0002 06D6     		sw	ra,44(sp)
 967 0004 22D4     		sw	s0,40(sp)
 968              		.cfi_offset 1, -4
 969              		.cfi_offset 8, -8
 970 0006 0018     		addi	s0,sp,48
 971              		.cfi_def_cfa 8, 0
 972 0008 232EA4FC 		sw	a0,-36(s0)
 973 000c AE87     		mv	a5,a1
 974 000e 232AD4FC 		sw	a3,-44(s0)
 975 0012 2328E4FC 		sw	a4,-48(s0)
 976 0016 A30DF4FC 		sb	a5,-37(s0)
 977 001a B287     		mv	a5,a2
 978 001c 230DF4FC 		sb	a5,-38(s0)
 194:../src/bsp/wbi2c.c **** 	uint8_t *data_ptr = send_data;
 979              		.loc 1 194 11
 980 0020 832744FD 		lw	a5,-44(s0)
 981 0024 2326F4FE 		sw	a5,-20(s0)
 195:../src/bsp/wbi2c.c **** 
 196:../src/bsp/wbi2c.c **** 	I2Cx->TXR = (slv_address << 1) | 0;
 982              		.loc 1 196 33
 983 0028 8347B4FD 		lbu	a5,-37(s0)
 984 002c 13971700 		slli	a4,a5,1
 985              		.loc 1 196 12
 986 0030 8327C4FD 		lw	a5,-36(s0)
 987 0034 98C7     		sw	a4,8(a5)
 197:../src/bsp/wbi2c.c **** 	I2Cx->CR = I2C_CMD_STA | I2C_CMD_WR | I2C_CMD_ACK;
 988              		.loc 1 197 11
 989 0036 8327C4FD 		lw	a5,-36(s0)
 990 003a 13078009 		li	a4,152
 991 003e D8C7     		sw	a4,12(a5)
 198:../src/bsp/wbi2c.c **** 	while(I2Cx->SR & I2C_SR_TIP);		//Wait TIP
 992              		.loc 1 198 7
 993 0040 0100     		nop
 994              	.L53:
 995              		.loc 1 198 12 discriminator 1
 996 0042 8327C4FD 		lw	a5,-36(s0)
 997 0046 DC47     		lw	a5,12(a5)
 998              		.loc 1 198 17 discriminator 1
 999 0048 898B     		andi	a5,a5,2
 1000              		.loc 1 198 8 discriminator 1
 1001 004a E5FF     		bne	a5,zero,.L53
 199:../src/bsp/wbi2c.c **** 	while(I2Cx->SR & I2C_SR_RXACK);		//Wait ACK-----Over Here
 1002              		.loc 1 199 7
 1003 004c 0100     		nop
 1004              	.L54:
 1005              		.loc 1 199 12 discriminator 1
 1006 004e 8327C4FD 		lw	a5,-36(s0)
 1007 0052 DC47     		lw	a5,12(a5)
 1008              		.loc 1 199 17 discriminator 1
 1009 0054 93F70708 		andi	a5,a5,128
 1010              		.loc 1 199 8 discriminator 1
 1011 0058 FDFB     		bne	a5,zero,.L54
 200:../src/bsp/wbi2c.c **** 
 201:../src/bsp/wbi2c.c **** 	I2Cx->TXR = data_address;
 1012              		.loc 1 201 12
 1013 005a 0347A4FD 		lbu	a4,-38(s0)
 1014 005e 8327C4FD 		lw	a5,-36(s0)
 1015 0062 98C7     		sw	a4,8(a5)
 202:../src/bsp/wbi2c.c **** 	I2Cx->CR = (I2C_CMD_WR | I2C_CMD_ACK);
 1016              		.loc 1 202 11
 1017 0064 8327C4FD 		lw	a5,-36(s0)
 1018 0068 6147     		li	a4,24
 1019 006a D8C7     		sw	a4,12(a5)
 203:../src/bsp/wbi2c.c **** 	while(I2Cx->SR & I2C_SR_TIP);		//Wait TIP
 1020              		.loc 1 203 7
 1021 006c 0100     		nop
 1022              	.L55:
 1023              		.loc 1 203 12 discriminator 1
 1024 006e 8327C4FD 		lw	a5,-36(s0)
 1025 0072 DC47     		lw	a5,12(a5)
 1026              		.loc 1 203 17 discriminator 1
 1027 0074 898B     		andi	a5,a5,2
 1028              		.loc 1 203 8 discriminator 1
 1029 0076 E5FF     		bne	a5,zero,.L55
 204:../src/bsp/wbi2c.c **** 	while(I2Cx->SR & I2C_SR_RXACK);		//Wait ACK
 1030              		.loc 1 204 7
 1031 0078 0100     		nop
 1032              	.L56:
 1033              		.loc 1 204 12 discriminator 1
 1034 007a 8327C4FD 		lw	a5,-36(s0)
 1035 007e DC47     		lw	a5,12(a5)
 1036              		.loc 1 204 17 discriminator 1
 1037 0080 93F70708 		andi	a5,a5,128
 1038              		.loc 1 204 8 discriminator 1
 1039 0084 FDFB     		bne	a5,zero,.L56
 1040              	.LBB2:
 205:../src/bsp/wbi2c.c **** 
 206:../src/bsp/wbi2c.c **** 	for(uint32_t cnt = 0; cnt < send_length - 1; cnt++)
 1041              		.loc 1 206 15
 1042 0086 232404FE 		sw	zero,-24(s0)
 1043              		.loc 1 206 2
 1044 008a 89A8     		j	.L57
 1045              	.L60:
 207:../src/bsp/wbi2c.c **** 	{
 208:../src/bsp/wbi2c.c **** 		I2Cx->TXR = *data_ptr;
 1046              		.loc 1 208 15
 1047 008c 8327C4FE 		lw	a5,-20(s0)
 1048 0090 83C70700 		lbu	a5,0(a5)
 1049 0094 3E87     		mv	a4,a5
 1050              		.loc 1 208 13
 1051 0096 8327C4FD 		lw	a5,-36(s0)
 1052 009a 98C7     		sw	a4,8(a5)
 209:../src/bsp/wbi2c.c **** 		I2Cx->CR = (I2C_CMD_WR | I2C_CMD_ACK);
 1053              		.loc 1 209 12
 1054 009c 8327C4FD 		lw	a5,-36(s0)
 1055 00a0 6147     		li	a4,24
 1056 00a2 D8C7     		sw	a4,12(a5)
 210:../src/bsp/wbi2c.c **** 		while(I2Cx->SR & I2C_SR_TIP);	//Wait TIP
 1057              		.loc 1 210 8
 1058 00a4 0100     		nop
 1059              	.L58:
 1060              		.loc 1 210 13 discriminator 1
 1061 00a6 8327C4FD 		lw	a5,-36(s0)
 1062 00aa DC47     		lw	a5,12(a5)
 1063              		.loc 1 210 18 discriminator 1
 1064 00ac 898B     		andi	a5,a5,2
 1065              		.loc 1 210 9 discriminator 1
 1066 00ae E5FF     		bne	a5,zero,.L58
 211:../src/bsp/wbi2c.c **** 		while(I2Cx->SR & I2C_SR_RXACK);	//Wait ACK
 1067              		.loc 1 211 8
 1068 00b0 0100     		nop
 1069              	.L59:
 1070              		.loc 1 211 13 discriminator 1
 1071 00b2 8327C4FD 		lw	a5,-36(s0)
 1072 00b6 DC47     		lw	a5,12(a5)
 1073              		.loc 1 211 18 discriminator 1
 1074 00b8 93F70708 		andi	a5,a5,128
 1075              		.loc 1 211 9 discriminator 1
 1076 00bc FDFB     		bne	a5,zero,.L59
 212:../src/bsp/wbi2c.c **** 		data_ptr++;
 1077              		.loc 1 212 11
 1078 00be 8327C4FE 		lw	a5,-20(s0)
 1079 00c2 8507     		addi	a5,a5,1
 1080 00c4 2326F4FE 		sw	a5,-20(s0)
 213:../src/bsp/wbi2c.c **** 		Delay_ms_i2c(3);				//Wait the data to I2C Ready
 1081              		.loc 1 213 3
 1082 00c8 0D45     		li	a0,3
 1083 00ca 97000000 		call	Delay_ms_i2c
 1083      E7800000 
 206:../src/bsp/wbi2c.c **** 	{
 1084              		.loc 1 206 50 discriminator 2
 1085 00d2 832784FE 		lw	a5,-24(s0)
 1086 00d6 8507     		addi	a5,a5,1
 1087 00d8 2324F4FE 		sw	a5,-24(s0)
 1088              	.L57:
 206:../src/bsp/wbi2c.c **** 	{
 1089              		.loc 1 206 42 discriminator 1
 1090 00dc 832704FD 		lw	a5,-48(s0)
 1091 00e0 FD17     		addi	a5,a5,-1
 206:../src/bsp/wbi2c.c **** 	{
 1092              		.loc 1 206 28 discriminator 1
 1093 00e2 032784FE 		lw	a4,-24(s0)
 1094 00e6 E363F7FA 		bltu	a4,a5,.L60
 1095              	.LBE2:
 214:../src/bsp/wbi2c.c **** 	}
 215:../src/bsp/wbi2c.c **** 
 216:../src/bsp/wbi2c.c **** 	I2Cx->TXR = *data_ptr;
 1096              		.loc 1 216 14
 1097 00ea 8327C4FE 		lw	a5,-20(s0)
 1098 00ee 83C70700 		lbu	a5,0(a5)
 1099 00f2 3E87     		mv	a4,a5
 1100              		.loc 1 216 12
 1101 00f4 8327C4FD 		lw	a5,-36(s0)
 1102 00f8 98C7     		sw	a4,8(a5)
 217:../src/bsp/wbi2c.c **** 	I2Cx->CR |= (I2C_CMD_STO | I2C_CMD_WR | I2C_CMD_ACK);
 1103              		.loc 1 217 6
 1104 00fa 8327C4FD 		lw	a5,-36(s0)
 1105 00fe DC47     		lw	a5,12(a5)
 1106              		.loc 1 217 11
 1107 0100 13E78705 		ori	a4,a5,88
 1108 0104 8327C4FD 		lw	a5,-36(s0)
 1109 0108 D8C7     		sw	a4,12(a5)
 218:../src/bsp/wbi2c.c **** 	while(I2Cx->SR & I2C_SR_TIP);		//Wait TIP
 1110              		.loc 1 218 7
 1111 010a 0100     		nop
 1112              	.L61:
 1113              		.loc 1 218 12 discriminator 1
 1114 010c 8327C4FD 		lw	a5,-36(s0)
 1115 0110 DC47     		lw	a5,12(a5)
 1116              		.loc 1 218 17 discriminator 1
 1117 0112 898B     		andi	a5,a5,2
 1118              		.loc 1 218 8 discriminator 1
 1119 0114 E5FF     		bne	a5,zero,.L61
 219:../src/bsp/wbi2c.c **** 	while(I2Cx->SR & I2C_SR_RXACK);		//Wait ACK
 1120              		.loc 1 219 7
 1121 0116 0100     		nop
 1122              	.L62:
 1123              		.loc 1 219 12 discriminator 1
 1124 0118 8327C4FD 		lw	a5,-36(s0)
 1125 011c DC47     		lw	a5,12(a5)
 1126              		.loc 1 219 17 discriminator 1
 1127 011e 93F70708 		andi	a5,a5,128
 1128              		.loc 1 219 8 discriminator 1
 1129 0122 FDFB     		bne	a5,zero,.L62
 220:../src/bsp/wbi2c.c **** 	while(I2Cx->SR & I2C_SR_BUSY);
 1130              		.loc 1 220 7
 1131 0124 0100     		nop
 1132              	.L63:
 1133              		.loc 1 220 12 discriminator 1
 1134 0126 8327C4FD 		lw	a5,-36(s0)
 1135 012a DC47     		lw	a5,12(a5)
 1136              		.loc 1 220 17 discriminator 1
 1137 012c 93F70704 		andi	a5,a5,64
 1138              		.loc 1 220 8 discriminator 1
 1139 0130 FDFB     		bne	a5,zero,.L63
 221:../src/bsp/wbi2c.c **** 	Delay_ms_i2c(3);					//Wait the data to I2C Ready
 1140              		.loc 1 221 2
 1141 0132 0D45     		li	a0,3
 1142 0134 97000000 		call	Delay_ms_i2c
 1142      E7800000 
 222:../src/bsp/wbi2c.c **** }
 1143              		.loc 1 222 1
 1144 013c 0100     		nop
 1145 013e B250     		lw	ra,44(sp)
 1146              		.cfi_restore 1
 1147 0140 2254     		lw	s0,40(sp)
 1148              		.cfi_restore 8
 1149              		.cfi_def_cfa 2, 48
 1150 0142 4561     		addi	sp,sp,48
 1151              		.cfi_def_cfa_offset 0
 1152 0144 8280     		jr	ra
 1153              		.cfi_endproc
 1154              	.LFE12:
 1156              		.section	.text.I2C_ReceiveArray,"ax",@progbits
 1157              		.align	1
 1158              		.globl	I2C_ReceiveArray
 1160              	I2C_ReceiveArray:
 1161              	.LFB13:
 223:../src/bsp/wbi2c.c **** 
 224:../src/bsp/wbi2c.c **** void I2C_ReceiveArray(WBI2CMASTER_RegDef *I2Cx, uint8_t slv_addr, uint8_t data_addr, uint8_t *recei
 225:../src/bsp/wbi2c.c **** {
 1162              		.loc 1 225 1
 1163              		.cfi_startproc
 1164 0000 7971     		addi	sp,sp,-48
 1165              		.cfi_def_cfa_offset 48
 1166 0002 06D6     		sw	ra,44(sp)
 1167 0004 22D4     		sw	s0,40(sp)
 1168              		.cfi_offset 1, -4
 1169              		.cfi_offset 8, -8
 1170 0006 0018     		addi	s0,sp,48
 1171              		.cfi_def_cfa 8, 0
 1172 0008 232EA4FC 		sw	a0,-36(s0)
 1173 000c AE87     		mv	a5,a1
 1174 000e 232AD4FC 		sw	a3,-44(s0)
 1175 0012 2328E4FC 		sw	a4,-48(s0)
 1176 0016 A30DF4FC 		sb	a5,-37(s0)
 1177 001a B287     		mv	a5,a2
 1178 001c 230DF4FC 		sb	a5,-38(s0)
 226:../src/bsp/wbi2c.c **** 	uint8_t *buffer_ptr = receive_buffer;
 1179              		.loc 1 226 11
 1180 0020 832744FD 		lw	a5,-44(s0)
 1181 0024 2326F4FE 		sw	a5,-20(s0)
 227:../src/bsp/wbi2c.c **** 
 228:../src/bsp/wbi2c.c **** 	I2Cx->TXR = (slv_addr <<1) | 0;
 1182              		.loc 1 228 29
 1183 0028 8347B4FD 		lbu	a5,-37(s0)
 1184 002c 13971700 		slli	a4,a5,1
 1185              		.loc 1 228 12
 1186 0030 8327C4FD 		lw	a5,-36(s0)
 1187 0034 98C7     		sw	a4,8(a5)
 229:../src/bsp/wbi2c.c **** 	I2Cx->CR = I2C_CMD_STA | I2C_CMD_WR;
 1188              		.loc 1 229 11
 1189 0036 8327C4FD 		lw	a5,-36(s0)
 1190 003a 13070009 		li	a4,144
 1191 003e D8C7     		sw	a4,12(a5)
 230:../src/bsp/wbi2c.c **** 	while(I2Cx->SR & I2C_SR_TIP);
 1192              		.loc 1 230 7
 1193 0040 0100     		nop
 1194              	.L65:
 1195              		.loc 1 230 12 discriminator 1
 1196 0042 8327C4FD 		lw	a5,-36(s0)
 1197 0046 DC47     		lw	a5,12(a5)
 1198              		.loc 1 230 17 discriminator 1
 1199 0048 898B     		andi	a5,a5,2
 1200              		.loc 1 230 8 discriminator 1
 1201 004a E5FF     		bne	a5,zero,.L65
 231:../src/bsp/wbi2c.c **** 	while(I2Cx->SR & I2C_SR_RXACK);		//Wait ACK-----Over Here
 1202              		.loc 1 231 7
 1203 004c 0100     		nop
 1204              	.L66:
 1205              		.loc 1 231 12 discriminator 1
 1206 004e 8327C4FD 		lw	a5,-36(s0)
 1207 0052 DC47     		lw	a5,12(a5)
 1208              		.loc 1 231 17 discriminator 1
 1209 0054 93F70708 		andi	a5,a5,128
 1210              		.loc 1 231 8 discriminator 1
 1211 0058 FDFB     		bne	a5,zero,.L66
 232:../src/bsp/wbi2c.c **** 
 233:../src/bsp/wbi2c.c **** 	I2Cx->TXR = data_addr;
 1212              		.loc 1 233 12
 1213 005a 0347A4FD 		lbu	a4,-38(s0)
 1214 005e 8327C4FD 		lw	a5,-36(s0)
 1215 0062 98C7     		sw	a4,8(a5)
 234:../src/bsp/wbi2c.c **** 	I2Cx->CR = I2C_CMD_WR;				//Stop
 1216              		.loc 1 234 11
 1217 0064 8327C4FD 		lw	a5,-36(s0)
 1218 0068 4147     		li	a4,16
 1219 006a D8C7     		sw	a4,12(a5)
 235:../src/bsp/wbi2c.c **** 	while(I2Cx->SR & I2C_SR_TIP);		//Wait TIP
 1220              		.loc 1 235 7
 1221 006c 0100     		nop
 1222              	.L67:
 1223              		.loc 1 235 12 discriminator 1
 1224 006e 8327C4FD 		lw	a5,-36(s0)
 1225 0072 DC47     		lw	a5,12(a5)
 1226              		.loc 1 235 17 discriminator 1
 1227 0074 898B     		andi	a5,a5,2
 1228              		.loc 1 235 8 discriminator 1
 1229 0076 E5FF     		bne	a5,zero,.L67
 236:../src/bsp/wbi2c.c **** 	while(I2Cx->SR & I2C_SR_RXACK);		//Wait ACK
 1230              		.loc 1 236 7
 1231 0078 0100     		nop
 1232              	.L68:
 1233              		.loc 1 236 12 discriminator 1
 1234 007a 8327C4FD 		lw	a5,-36(s0)
 1235 007e DC47     		lw	a5,12(a5)
 1236              		.loc 1 236 17 discriminator 1
 1237 0080 93F70708 		andi	a5,a5,128
 1238              		.loc 1 236 8 discriminator 1
 1239 0084 FDFB     		bne	a5,zero,.L68
 237:../src/bsp/wbi2c.c **** 
 238:../src/bsp/wbi2c.c **** 	I2Cx->TXR = (slv_addr << 1) | 1;
 1240              		.loc 1 238 24
 1241 0086 8347B4FD 		lbu	a5,-37(s0)
 1242 008a 8607     		slli	a5,a5,1
 1243              		.loc 1 238 30
 1244 008c 93E71700 		ori	a5,a5,1
 1245 0090 3E87     		mv	a4,a5
 1246              		.loc 1 238 12
 1247 0092 8327C4FD 		lw	a5,-36(s0)
 1248 0096 98C7     		sw	a4,8(a5)
 239:../src/bsp/wbi2c.c **** 	I2Cx->CR = (I2C_CMD_STA | I2C_CMD_WR);
 1249              		.loc 1 239 11
 1250 0098 8327C4FD 		lw	a5,-36(s0)
 1251 009c 13070009 		li	a4,144
 1252 00a0 D8C7     		sw	a4,12(a5)
 240:../src/bsp/wbi2c.c **** 	while(I2Cx->SR & I2C_SR_TIP);
 1253              		.loc 1 240 7
 1254 00a2 0100     		nop
 1255              	.L69:
 1256              		.loc 1 240 12 discriminator 1
 1257 00a4 8327C4FD 		lw	a5,-36(s0)
 1258 00a8 DC47     		lw	a5,12(a5)
 1259              		.loc 1 240 17 discriminator 1
 1260 00aa 898B     		andi	a5,a5,2
 1261              		.loc 1 240 8 discriminator 1
 1262 00ac E5FF     		bne	a5,zero,.L69
 241:../src/bsp/wbi2c.c **** 	while(I2Cx->SR & I2C_SR_RXACK);		//Wait ACK
 1263              		.loc 1 241 7
 1264 00ae 0100     		nop
 1265              	.L70:
 1266              		.loc 1 241 12 discriminator 1
 1267 00b0 8327C4FD 		lw	a5,-36(s0)
 1268 00b4 DC47     		lw	a5,12(a5)
 1269              		.loc 1 241 17 discriminator 1
 1270 00b6 93F70708 		andi	a5,a5,128
 1271              		.loc 1 241 8 discriminator 1
 1272 00ba FDFB     		bne	a5,zero,.L70
 1273              	.LBB3:
 242:../src/bsp/wbi2c.c **** 
 243:../src/bsp/wbi2c.c **** 	for(uint32_t cnt = 0; cnt < receive_length - 1; cnt++)
 1274              		.loc 1 243 15
 1275 00bc 232404FE 		sw	zero,-24(s0)
 1276              		.loc 1 243 2
 1277 00c0 A1A0     		j	.L71
 1278              	.L73:
 244:../src/bsp/wbi2c.c **** 	{
 245:../src/bsp/wbi2c.c **** 		I2Cx->CR = ((~I2C_CMD_ACK) & I2C_CMD_RD);			//Send NACK
 1279              		.loc 1 245 12
 1280 00c2 8327C4FD 		lw	a5,-36(s0)
 1281 00c6 13070002 		li	a4,32
 1282 00ca D8C7     		sw	a4,12(a5)
 246:../src/bsp/wbi2c.c **** 		while(I2Cx->SR & I2C_SR_TIP);
 1283              		.loc 1 246 8
 1284 00cc 0100     		nop
 1285              	.L72:
 1286              		.loc 1 246 13 discriminator 1
 1287 00ce 8327C4FD 		lw	a5,-36(s0)
 1288 00d2 DC47     		lw	a5,12(a5)
 1289              		.loc 1 246 18 discriminator 1
 1290 00d4 898B     		andi	a5,a5,2
 1291              		.loc 1 246 9 discriminator 1
 1292 00d6 E5FF     		bne	a5,zero,.L72
 247:../src/bsp/wbi2c.c **** 		*buffer_ptr = (uint8_t)(I2Cx->RXR);
 1293              		.loc 1 247 31
 1294 00d8 8327C4FD 		lw	a5,-36(s0)
 1295 00dc 9C47     		lw	a5,8(a5)
 1296              		.loc 1 247 17
 1297 00de 13F7F70F 		andi	a4,a5,0xff
 1298              		.loc 1 247 15
 1299 00e2 8327C4FE 		lw	a5,-20(s0)
 1300 00e6 2380E700 		sb	a4,0(a5)
 248:../src/bsp/wbi2c.c **** 		buffer_ptr++;
 1301              		.loc 1 248 13
 1302 00ea 8327C4FE 		lw	a5,-20(s0)
 1303 00ee 8507     		addi	a5,a5,1
 1304 00f0 2326F4FE 		sw	a5,-20(s0)
 249:../src/bsp/wbi2c.c **** 		Delay_ms_i2c(3);
 1305              		.loc 1 249 3
 1306 00f4 0D45     		li	a0,3
 1307 00f6 97000000 		call	Delay_ms_i2c
 1307      E7800000 
 243:../src/bsp/wbi2c.c **** 	{
 1308              		.loc 1 243 53 discriminator 2
 1309 00fe 832784FE 		lw	a5,-24(s0)
 1310 0102 8507     		addi	a5,a5,1
 1311 0104 2324F4FE 		sw	a5,-24(s0)
 1312              	.L71:
 243:../src/bsp/wbi2c.c **** 	{
 1313              		.loc 1 243 45 discriminator 1
 1314 0108 832704FD 		lw	a5,-48(s0)
 1315 010c FD17     		addi	a5,a5,-1
 243:../src/bsp/wbi2c.c **** 	{
 1316              		.loc 1 243 28 discriminator 1
 1317 010e 032784FE 		lw	a4,-24(s0)
 1318 0112 E368F7FA 		bltu	a4,a5,.L73
 1319              	.LBE3:
 250:../src/bsp/wbi2c.c **** 	}
 251:../src/bsp/wbi2c.c **** 
 252:../src/bsp/wbi2c.c **** 	I2Cx->CR = (I2C_CMD_RD | I2C_CMD_STO) & (~I2C_CMD_ACK);	//Send NACK
 1320              		.loc 1 252 11
 1321 0116 8327C4FD 		lw	a5,-36(s0)
 1322 011a 13070006 		li	a4,96
 1323 011e D8C7     		sw	a4,12(a5)
 253:../src/bsp/wbi2c.c **** 	while(I2Cx->SR & I2C_SR_TIP);
 1324              		.loc 1 253 7
 1325 0120 0100     		nop
 1326              	.L74:
 1327              		.loc 1 253 12 discriminator 1
 1328 0122 8327C4FD 		lw	a5,-36(s0)
 1329 0126 DC47     		lw	a5,12(a5)
 1330              		.loc 1 253 17 discriminator 1
 1331 0128 898B     		andi	a5,a5,2
 1332              		.loc 1 253 8 discriminator 1
 1333 012a E5FF     		bne	a5,zero,.L74
 254:../src/bsp/wbi2c.c **** 	*buffer_ptr  = (uint8_t)(I2Cx->RXR);
 1334              		.loc 1 254 31
 1335 012c 8327C4FD 		lw	a5,-36(s0)
 1336 0130 9C47     		lw	a5,8(a5)
 1337              		.loc 1 254 17
 1338 0132 13F7F70F 		andi	a4,a5,0xff
 1339              		.loc 1 254 15
 1340 0136 8327C4FE 		lw	a5,-20(s0)
 1341 013a 2380E700 		sb	a4,0(a5)
 255:../src/bsp/wbi2c.c **** 	Delay_ms_i2c(3);
 1342              		.loc 1 255 2
 1343 013e 0D45     		li	a0,3
 1344 0140 97000000 		call	Delay_ms_i2c
 1344      E7800000 
 256:../src/bsp/wbi2c.c **** 
 257:../src/bsp/wbi2c.c **** 	return;
 1345              		.loc 1 257 2
 1346 0148 0100     		nop
 258:../src/bsp/wbi2c.c **** }
 1347              		.loc 1 258 1
 1348 014a B250     		lw	ra,44(sp)
 1349              		.cfi_restore 1
 1350 014c 2254     		lw	s0,40(sp)
 1351              		.cfi_restore 8
 1352              		.cfi_def_cfa 2, 48
 1353 014e 4561     		addi	sp,sp,48
 1354              		.cfi_def_cfa_offset 0
 1355 0150 8280     		jr	ra
 1356              		.cfi_endproc
 1357              	.LFE13:
 1359              		.section	.text.I2C_SendBytes,"ax",@progbits
 1360              		.align	1
 1361              		.globl	I2C_SendBytes
 1363              	I2C_SendBytes:
 1364              	.LFB14:
 259:../src/bsp/wbi2c.c **** 
 260:../src/bsp/wbi2c.c **** void I2C_SendBytes(WBI2CMASTER_RegDef *I2Cx, uint8_t slv_address, uint8_t data_start_address, uint8
 261:../src/bsp/wbi2c.c **** {
 1365              		.loc 1 261 1
 1366              		.cfi_startproc
 1367 0000 7971     		addi	sp,sp,-48
 1368              		.cfi_def_cfa_offset 48
 1369 0002 06D6     		sw	ra,44(sp)
 1370 0004 22D4     		sw	s0,40(sp)
 1371              		.cfi_offset 1, -4
 1372              		.cfi_offset 8, -8
 1373 0006 0018     		addi	s0,sp,48
 1374              		.cfi_def_cfa 8, 0
 1375 0008 232EA4FC 		sw	a0,-36(s0)
 1376 000c AE87     		mv	a5,a1
 1377 000e 232AD4FC 		sw	a3,-44(s0)
 1378 0012 2328E4FC 		sw	a4,-48(s0)
 1379 0016 A30DF4FC 		sb	a5,-37(s0)
 1380 001a B287     		mv	a5,a2
 1381 001c 230DF4FC 		sb	a5,-38(s0)
 262:../src/bsp/wbi2c.c **** 	int32_t i;
 263:../src/bsp/wbi2c.c **** 
 264:../src/bsp/wbi2c.c **** 	for(i = 0; i < data_num; i++)
 1382              		.loc 1 264 8
 1383 0020 232604FE 		sw	zero,-20(s0)
 1384              		.loc 1 264 2
 1385 0024 81A0     		j	.L77
 1386              	.L78:
 265:../src/bsp/wbi2c.c **** 	{
 266:../src/bsp/wbi2c.c **** 		I2C_SendByte(I2Cx, slv_address, (data_start_address + i), data[i]);
 1387              		.loc 1 266 3
 1388 0026 8327C4FE 		lw	a5,-20(s0)
 1389 002a 93F7F70F 		andi	a5,a5,0xff
 1390 002e 0347A4FD 		lbu	a4,-38(s0)
 1391 0032 BA97     		add	a5,a5,a4
 1392 0034 13F6F70F 		andi	a2,a5,0xff
 1393              		.loc 1 266 65
 1394 0038 8327C4FE 		lw	a5,-20(s0)
 1395 003c 032744FD 		lw	a4,-44(s0)
 1396 0040 BA97     		add	a5,a4,a5
 1397              		.loc 1 266 3
 1398 0042 03C70700 		lbu	a4,0(a5)
 1399 0046 8347B4FD 		lbu	a5,-37(s0)
 1400 004a BA86     		mv	a3,a4
 1401 004c BE85     		mv	a1,a5
 1402 004e 0325C4FD 		lw	a0,-36(s0)
 1403 0052 97000000 		call	I2C_SendByte
 1403      E7800000 
 264:../src/bsp/wbi2c.c **** 	{
 1404              		.loc 1 264 28 discriminator 3
 1405 005a 8327C4FE 		lw	a5,-20(s0)
 1406 005e 8507     		addi	a5,a5,1
 1407 0060 2326F4FE 		sw	a5,-20(s0)
 1408              	.L77:
 264:../src/bsp/wbi2c.c **** 	{
 1409              		.loc 1 264 15 discriminator 1
 1410 0064 0327C4FE 		lw	a4,-20(s0)
 1411 0068 832704FD 		lw	a5,-48(s0)
 1412 006c E34DF7FA 		blt	a4,a5,.L78
 267:../src/bsp/wbi2c.c **** 	}
 268:../src/bsp/wbi2c.c **** }
 1413              		.loc 1 268 1
 1414 0070 0100     		nop
 1415 0072 0100     		nop
 1416 0074 B250     		lw	ra,44(sp)
 1417              		.cfi_restore 1
 1418 0076 2254     		lw	s0,40(sp)
 1419              		.cfi_restore 8
 1420              		.cfi_def_cfa 2, 48
 1421 0078 4561     		addi	sp,sp,48
 1422              		.cfi_def_cfa_offset 0
 1423 007a 8280     		jr	ra
 1424              		.cfi_endproc
 1425              	.LFE14:
 1427              		.section	.text.I2C_ReadBytes,"ax",@progbits
 1428              		.align	1
 1429              		.globl	I2C_ReadBytes
 1431              	I2C_ReadBytes:
 1432              	.LFB15:
 269:../src/bsp/wbi2c.c **** 
 270:../src/bsp/wbi2c.c **** void I2C_ReadBytes(WBI2CMASTER_RegDef *I2Cx, uint8_t slv_address, uint8_t data_start_address, uint8
 271:../src/bsp/wbi2c.c **** {
 1433              		.loc 1 271 1
 1434              		.cfi_startproc
 1435 0000 7971     		addi	sp,sp,-48
 1436              		.cfi_def_cfa_offset 48
 1437 0002 06D6     		sw	ra,44(sp)
 1438 0004 22D4     		sw	s0,40(sp)
 1439 0006 26D2     		sw	s1,36(sp)
 1440              		.cfi_offset 1, -4
 1441              		.cfi_offset 8, -8
 1442              		.cfi_offset 9, -12
 1443 0008 0018     		addi	s0,sp,48
 1444              		.cfi_def_cfa 8, 0
 1445 000a 232EA4FC 		sw	a0,-36(s0)
 1446 000e AE87     		mv	a5,a1
 1447 0010 232AD4FC 		sw	a3,-44(s0)
 1448 0014 2328E4FC 		sw	a4,-48(s0)
 1449 0018 A30DF4FC 		sb	a5,-37(s0)
 1450 001c B287     		mv	a5,a2
 1451 001e 230DF4FC 		sb	a5,-38(s0)
 272:../src/bsp/wbi2c.c **** 	int32_t i;
 273:../src/bsp/wbi2c.c **** 
 274:../src/bsp/wbi2c.c **** 	for(i = 0; i < data_num; i++)
 1452              		.loc 1 274 8
 1453 0022 232604FE 		sw	zero,-20(s0)
 1454              		.loc 1 274 2
 1455 0026 91A0     		j	.L80
 1456              	.L81:
 275:../src/bsp/wbi2c.c **** 	{
 276:../src/bsp/wbi2c.c **** 		data[i] = I2C_ReceiveByte(I2Cx, slv_address, (data_start_address + i));
 1457              		.loc 1 276 13
 1458 0028 8327C4FE 		lw	a5,-20(s0)
 1459 002c 93F7F70F 		andi	a5,a5,0xff
 1460 0030 0347A4FD 		lbu	a4,-38(s0)
 1461 0034 BA97     		add	a5,a5,a4
 1462 0036 93F6F70F 		andi	a3,a5,0xff
 1463              		.loc 1 276 7
 1464 003a 8327C4FE 		lw	a5,-20(s0)
 1465 003e 032744FD 		lw	a4,-44(s0)
 1466 0042 B304F700 		add	s1,a4,a5
 1467              		.loc 1 276 13
 1468 0046 8347B4FD 		lbu	a5,-37(s0)
 1469 004a 3686     		mv	a2,a3
 1470 004c BE85     		mv	a1,a5
 1471 004e 0325C4FD 		lw	a0,-36(s0)
 1472 0052 97000000 		call	I2C_ReceiveByte
 1472      E7800000 
 1473 005a AA87     		mv	a5,a0
 1474              		.loc 1 276 11 discriminator 1
 1475 005c 2380F400 		sb	a5,0(s1)
 274:../src/bsp/wbi2c.c **** 	{
 1476              		.loc 1 274 28 discriminator 3
 1477 0060 8327C4FE 		lw	a5,-20(s0)
 1478 0064 8507     		addi	a5,a5,1
 1479 0066 2326F4FE 		sw	a5,-20(s0)
 1480              	.L80:
 274:../src/bsp/wbi2c.c **** 	{
 1481              		.loc 1 274 15 discriminator 1
 1482 006a 0327C4FE 		lw	a4,-20(s0)
 1483 006e 832704FD 		lw	a5,-48(s0)
 1484 0072 E34BF7FA 		blt	a4,a5,.L81
 277:../src/bsp/wbi2c.c **** 	}
 278:../src/bsp/wbi2c.c **** }
 1485              		.loc 1 278 1
 1486 0076 0100     		nop
 1487 0078 0100     		nop
 1488 007a B250     		lw	ra,44(sp)
 1489              		.cfi_restore 1
 1490 007c 2254     		lw	s0,40(sp)
 1491              		.cfi_restore 8
 1492              		.cfi_def_cfa 2, 48
 1493 007e 9254     		lw	s1,36(sp)
 1494              		.cfi_restore 9
 1495 0080 4561     		addi	sp,sp,48
 1496              		.cfi_def_cfa_offset 0
 1497 0082 8280     		jr	ra
 1498              		.cfi_endproc
 1499              	.LFE15:
 1501              		.section	.text.I2C_InterruptOpen,"ax",@progbits
 1502              		.align	1
 1503              		.globl	I2C_InterruptOpen
 1505              	I2C_InterruptOpen:
 1506              	.LFB16:
 279:../src/bsp/wbi2c.c **** 
 280:../src/bsp/wbi2c.c **** void I2C_InterruptOpen(WBI2CMASTER_RegDef *I2Cx)
 281:../src/bsp/wbi2c.c **** {
 1507              		.loc 1 281 1
 1508              		.cfi_startproc
 1509 0000 0111     		addi	sp,sp,-32
 1510              		.cfi_def_cfa_offset 32
 1511 0002 06CE     		sw	ra,28(sp)
 1512 0004 22CC     		sw	s0,24(sp)
 1513              		.cfi_offset 1, -4
 1514              		.cfi_offset 8, -8
 1515 0006 0010     		addi	s0,sp,32
 1516              		.cfi_def_cfa 8, 0
 1517 0008 2326A4FE 		sw	a0,-20(s0)
 282:../src/bsp/wbi2c.c **** 	I2Cx->CTR = I2C_CTR_IEN;
 1518              		.loc 1 282 12
 1519 000c 8327C4FE 		lw	a5,-20(s0)
 1520 0010 13070004 		li	a4,64
 1521 0014 D8C3     		sw	a4,4(a5)
 283:../src/bsp/wbi2c.c **** }
 1522              		.loc 1 283 1
 1523 0016 0100     		nop
 1524 0018 F240     		lw	ra,28(sp)
 1525              		.cfi_restore 1
 1526 001a 6244     		lw	s0,24(sp)
 1527              		.cfi_restore 8
 1528              		.cfi_def_cfa 2, 32
 1529 001c 0561     		addi	sp,sp,32
 1530              		.cfi_def_cfa_offset 0
 1531 001e 8280     		jr	ra
 1532              		.cfi_endproc
 1533              	.LFE16:
 1535              		.section	.text.I2C_InterruptClose,"ax",@progbits
 1536              		.align	1
 1537              		.globl	I2C_InterruptClose
 1539              	I2C_InterruptClose:
 1540              	.LFB17:
 284:../src/bsp/wbi2c.c **** 
 285:../src/bsp/wbi2c.c **** void I2C_InterruptClose(WBI2CMASTER_RegDef *I2Cx)
 286:../src/bsp/wbi2c.c **** {
 1541              		.loc 1 286 1
 1542              		.cfi_startproc
 1543 0000 0111     		addi	sp,sp,-32
 1544              		.cfi_def_cfa_offset 32
 1545 0002 06CE     		sw	ra,28(sp)
 1546 0004 22CC     		sw	s0,24(sp)
 1547              		.cfi_offset 1, -4
 1548              		.cfi_offset 8, -8
 1549 0006 0010     		addi	s0,sp,32
 1550              		.cfi_def_cfa 8, 0
 1551 0008 2326A4FE 		sw	a0,-20(s0)
 287:../src/bsp/wbi2c.c **** 	I2Cx->CTR &= ~I2C_CTR_IEN;
 1552              		.loc 1 287 6
 1553 000c 8327C4FE 		lw	a5,-20(s0)
 1554 0010 DC43     		lw	a5,4(a5)
 1555              		.loc 1 287 12
 1556 0012 13F7F7FB 		andi	a4,a5,-65
 1557 0016 8327C4FE 		lw	a5,-20(s0)
 1558 001a D8C3     		sw	a4,4(a5)
 288:../src/bsp/wbi2c.c **** }
 1559              		.loc 1 288 1
 1560 001c 0100     		nop
 1561 001e F240     		lw	ra,28(sp)
 1562              		.cfi_restore 1
 1563 0020 6244     		lw	s0,24(sp)
 1564              		.cfi_restore 8
 1565              		.cfi_def_cfa 2, 32
 1566 0022 0561     		addi	sp,sp,32
 1567              		.cfi_def_cfa_offset 0
 1568 0024 8280     		jr	ra
 1569              		.cfi_endproc
 1570              	.LFE17:
 1572              		.text
 1573              	.Letext0:
 1574              		.file 2 "F:/gowin/GMD/toolchain/gowin/gcc_riscv/riscv-none-elf/include/machine/_default_types.h"
 1575              		.file 3 "F:/gowin/GMD/toolchain/gowin/gcc_riscv/riscv-none-elf/include/sys/_stdint.h"
 1576              		.file 4 "F:\\ALL_PROJECT\\gowin\\GMD_workspace\\my_1\\src/picorv32.h"
DEFINED SYMBOLS
                            *ABS*:00000000 wbi2c.c
C:\Users\nesus\AppData\Local\Temp\ccFVTZW4.s:14     .text.Delay_ms_i2c:00000000 Delay_ms_i2c
C:\Users\nesus\AppData\Local\Temp\ccFVTZW4.s:18     .text.Delay_ms_i2c:00000000 .L0 
C:\Users\nesus\AppData\Local\Temp\ccFVTZW4.s:19     .text.Delay_ms_i2c:00000000 $xrv32i2p1_m2p0_c2p0_zicsr2p0_zmmul1p0
C:\Users\nesus\AppData\Local\Temp\ccFVTZW4.s:19     .text.Delay_ms_i2c:00000000 .L0 
C:\Users\nesus\AppData\Local\Temp\ccFVTZW4.s:20     .text.Delay_ms_i2c:00000002 .L0 
C:\Users\nesus\AppData\Local\Temp\ccFVTZW4.s:23     .text.Delay_ms_i2c:00000006 .L0 
C:\Users\nesus\AppData\Local\Temp\ccFVTZW4.s:24     .text.Delay_ms_i2c:00000006 .L0 
C:\Users\nesus\AppData\Local\Temp\ccFVTZW4.s:26     .text.Delay_ms_i2c:00000008 .L0 
C:\Users\nesus\AppData\Local\Temp\ccFVTZW4.s:29     .text.Delay_ms_i2c:0000000c .L0 
C:\Users\nesus\AppData\Local\Temp\ccFVTZW4.s:34     .text.Delay_ms_i2c:0000001a .L0 
C:\Users\nesus\AppData\Local\Temp\ccFVTZW4.s:36     .text.Delay_ms_i2c:0000001e .L0 
C:\Users\nesus\AppData\Local\Temp\ccFVTZW4.s:39     .text.Delay_ms_i2c:00000020 .L0 
C:\Users\nesus\AppData\Local\Temp\ccFVTZW4.s:44     .text.Delay_ms_i2c:0000002a .L0 
C:\Users\nesus\AppData\Local\Temp\ccFVTZW4.s:47     .text.Delay_ms_i2c:00000030 .L0 
C:\Users\nesus\AppData\Local\Temp\ccFVTZW4.s:50     .text.Delay_ms_i2c:00000036 .L0 
C:\Users\nesus\AppData\Local\Temp\ccFVTZW4.s:52     .text.Delay_ms_i2c:00000038 .L0 
C:\Users\nesus\AppData\Local\Temp\ccFVTZW4.s:53     .text.Delay_ms_i2c:00000038 .L0 
C:\Users\nesus\AppData\Local\Temp\ccFVTZW4.s:55     .text.Delay_ms_i2c:0000003a .L0 
C:\Users\nesus\AppData\Local\Temp\ccFVTZW4.s:57     .text.Delay_ms_i2c:0000003c .L0 
C:\Users\nesus\AppData\Local\Temp\ccFVTZW4.s:64     .text.I2C_Disable:00000000 I2C_Disable
C:\Users\nesus\AppData\Local\Temp\ccFVTZW4.s:67     .text.I2C_Disable:00000000 .L0 
C:\Users\nesus\AppData\Local\Temp\ccFVTZW4.s:68     .text.I2C_Disable:00000000 $xrv32i2p1_m2p0_c2p0_zicsr2p0_zmmul1p0
C:\Users\nesus\AppData\Local\Temp\ccFVTZW4.s:68     .text.I2C_Disable:00000000 .L0 
C:\Users\nesus\AppData\Local\Temp\ccFVTZW4.s:69     .text.I2C_Disable:00000002 .L0 
C:\Users\nesus\AppData\Local\Temp\ccFVTZW4.s:72     .text.I2C_Disable:00000006 .L0 
C:\Users\nesus\AppData\Local\Temp\ccFVTZW4.s:73     .text.I2C_Disable:00000006 .L0 
C:\Users\nesus\AppData\Local\Temp\ccFVTZW4.s:75     .text.I2C_Disable:00000008 .L0 
C:\Users\nesus\AppData\Local\Temp\ccFVTZW4.s:78     .text.I2C_Disable:0000000c .L0 
C:\Users\nesus\AppData\Local\Temp\ccFVTZW4.s:82     .text.I2C_Disable:00000016 .L0 
C:\Users\nesus\AppData\Local\Temp\ccFVTZW4.s:84     .text.I2C_Disable:0000001a .L0 
C:\Users\nesus\AppData\Local\Temp\ccFVTZW4.s:86     .text.I2C_Disable:0000001c .L0 
C:\Users\nesus\AppData\Local\Temp\ccFVTZW4.s:87     .text.I2C_Disable:0000001c .L0 
C:\Users\nesus\AppData\Local\Temp\ccFVTZW4.s:89     .text.I2C_Disable:0000001e .L0 
C:\Users\nesus\AppData\Local\Temp\ccFVTZW4.s:91     .text.I2C_Disable:00000020 .L0 
C:\Users\nesus\AppData\Local\Temp\ccFVTZW4.s:98     .text.I2C_Enable:00000000 I2C_Enable
C:\Users\nesus\AppData\Local\Temp\ccFVTZW4.s:101    .text.I2C_Enable:00000000 .L0 
C:\Users\nesus\AppData\Local\Temp\ccFVTZW4.s:102    .text.I2C_Enable:00000000 $xrv32i2p1_m2p0_c2p0_zicsr2p0_zmmul1p0
C:\Users\nesus\AppData\Local\Temp\ccFVTZW4.s:102    .text.I2C_Enable:00000000 .L0 
C:\Users\nesus\AppData\Local\Temp\ccFVTZW4.s:103    .text.I2C_Enable:00000002 .L0 
C:\Users\nesus\AppData\Local\Temp\ccFVTZW4.s:106    .text.I2C_Enable:00000006 .L0 
C:\Users\nesus\AppData\Local\Temp\ccFVTZW4.s:107    .text.I2C_Enable:00000006 .L0 
C:\Users\nesus\AppData\Local\Temp\ccFVTZW4.s:109    .text.I2C_Enable:00000008 .L0 
C:\Users\nesus\AppData\Local\Temp\ccFVTZW4.s:112    .text.I2C_Enable:0000000c .L0 
C:\Users\nesus\AppData\Local\Temp\ccFVTZW4.s:115    .text.I2C_Enable:00000012 .L0 
C:\Users\nesus\AppData\Local\Temp\ccFVTZW4.s:119    .text.I2C_Enable:0000001c .L0 
C:\Users\nesus\AppData\Local\Temp\ccFVTZW4.s:121    .text.I2C_Enable:00000020 .L0 
C:\Users\nesus\AppData\Local\Temp\ccFVTZW4.s:123    .text.I2C_Enable:00000022 .L0 
C:\Users\nesus\AppData\Local\Temp\ccFVTZW4.s:124    .text.I2C_Enable:00000022 .L0 
C:\Users\nesus\AppData\Local\Temp\ccFVTZW4.s:126    .text.I2C_Enable:00000024 .L0 
C:\Users\nesus\AppData\Local\Temp\ccFVTZW4.s:128    .text.I2C_Enable:00000026 .L0 
C:\Users\nesus\AppData\Local\Temp\ccFVTZW4.s:135    .text.I2C_Rate_Set:00000000 I2C_Rate_Set
C:\Users\nesus\AppData\Local\Temp\ccFVTZW4.s:138    .text.I2C_Rate_Set:00000000 .L0 
C:\Users\nesus\AppData\Local\Temp\ccFVTZW4.s:139    .text.I2C_Rate_Set:00000000 $xrv32i2p1_m2p0_c2p0_zicsr2p0_zmmul1p0
C:\Users\nesus\AppData\Local\Temp\ccFVTZW4.s:139    .text.I2C_Rate_Set:00000000 .L0 
C:\Users\nesus\AppData\Local\Temp\ccFVTZW4.s:140    .text.I2C_Rate_Set:00000002 .L0 
C:\Users\nesus\AppData\Local\Temp\ccFVTZW4.s:143    .text.I2C_Rate_Set:00000006 .L0 
C:\Users\nesus\AppData\Local\Temp\ccFVTZW4.s:144    .text.I2C_Rate_Set:00000006 .L0 
C:\Users\nesus\AppData\Local\Temp\ccFVTZW4.s:146    .text.I2C_Rate_Set:00000008 .L0 
C:\Users\nesus\AppData\Local\Temp\ccFVTZW4.s:151    .text.I2C_Rate_Set:00000012 .L0 
C:\Users\nesus\AppData\Local\Temp\ccFVTZW4.s:153    .text.I2C_Rate_Set:00000016 .L0 
C:\Users\nesus\AppData\Local\Temp\ccFVTZW4.s:158    .text.I2C_Rate_Set:00000024 .L0 
C:\Users\nesus\AppData\Local\Temp\ccFVTZW4.s:162    .text.I2C_Rate_Set:00000030 .L0 
C:\Users\nesus\AppData\Local\Temp\ccFVTZW4.s:165    .text.I2C_Rate_Set:00000034 .L0 
C:\Users\nesus\AppData\Local\Temp\ccFVTZW4.s:168    .text.I2C_Rate_Set:0000003a .L0 
C:\Users\nesus\AppData\Local\Temp\ccFVTZW4.s:170    .text.I2C_Rate_Set:0000003e .L0 
C:\Users\nesus\AppData\Local\Temp\ccFVTZW4.s:173    .text.I2C_Rate_Set:00000044 .L0 
C:\Users\nesus\AppData\Local\Temp\ccFVTZW4.s:175    .text.I2C_Rate_Set:00000048 .L0 
C:\Users\nesus\AppData\Local\Temp\ccFVTZW4.s:177    .text.I2C_Rate_Set:0000004c .L0 
C:\Users\nesus\AppData\Local\Temp\ccFVTZW4.s:179    .text.I2C_Rate_Set:0000004e .L0 
C:\Users\nesus\AppData\Local\Temp\ccFVTZW4.s:180    .text.I2C_Rate_Set:0000004e .L0 
C:\Users\nesus\AppData\Local\Temp\ccFVTZW4.s:182    .text.I2C_Rate_Set:00000050 .L0 
C:\Users\nesus\AppData\Local\Temp\ccFVTZW4.s:184    .text.I2C_Rate_Set:00000052 .L0 
C:\Users\nesus\AppData\Local\Temp\ccFVTZW4.s:191    .text.I2C_Init:00000000 I2C_Init
C:\Users\nesus\AppData\Local\Temp\ccFVTZW4.s:194    .text.I2C_Init:00000000 .L0 
C:\Users\nesus\AppData\Local\Temp\ccFVTZW4.s:195    .text.I2C_Init:00000000 $xrv32i2p1_m2p0_c2p0_zicsr2p0_zmmul1p0
C:\Users\nesus\AppData\Local\Temp\ccFVTZW4.s:195    .text.I2C_Init:00000000 .L0 
C:\Users\nesus\AppData\Local\Temp\ccFVTZW4.s:196    .text.I2C_Init:00000002 .L0 
C:\Users\nesus\AppData\Local\Temp\ccFVTZW4.s:199    .text.I2C_Init:00000006 .L0 
C:\Users\nesus\AppData\Local\Temp\ccFVTZW4.s:200    .text.I2C_Init:00000006 .L0 
C:\Users\nesus\AppData\Local\Temp\ccFVTZW4.s:202    .text.I2C_Init:00000008 .L0 
C:\Users\nesus\AppData\Local\Temp\ccFVTZW4.s:207    .text.I2C_Init:00000012 .L0 
C:\Users\nesus\AppData\Local\Temp\ccFVTZW4.s:214    .text.I2C_Init:0000002a .L0 
C:\Users\nesus\AppData\Local\Temp\ccFVTZW4.s:217    .text.I2C_Init:00000036 .L0 
C:\Users\nesus\AppData\Local\Temp\ccFVTZW4.s:220    .text.I2C_Init:0000003c .L0 
C:\Users\nesus\AppData\Local\Temp\ccFVTZW4.s:222    .text.I2C_Init:00000040 .L0 
C:\Users\nesus\AppData\Local\Temp\ccFVTZW4.s:224    .text.I2C_Init:00000042 .L0 
C:\Users\nesus\AppData\Local\Temp\ccFVTZW4.s:227    .text.I2C_Init:00000048 .L0 
C:\Users\nesus\AppData\Local\Temp\ccFVTZW4.s:229    .text.I2C_Init:0000004c .L0 
C:\Users\nesus\AppData\Local\Temp\ccFVTZW4.s:231    .text.I2C_Init:00000050 .L0 
C:\Users\nesus\AppData\Local\Temp\ccFVTZW4.s:235    .text.I2C_Init:00000054 .L0 
C:\Users\nesus\AppData\Local\Temp\ccFVTZW4.s:238    .text.I2C_Init:00000056 .L0 
C:\Users\nesus\AppData\Local\Temp\ccFVTZW4.s:240    .text.I2C_Init:0000005a .L0 
C:\Users\nesus\AppData\Local\Temp\ccFVTZW4.s:242    .text.I2C_Init:0000005c .L0 
C:\Users\nesus\AppData\Local\Temp\ccFVTZW4.s:243    .text.I2C_Init:0000005c .L0 
C:\Users\nesus\AppData\Local\Temp\ccFVTZW4.s:245    .text.I2C_Init:0000005e .L0 
C:\Users\nesus\AppData\Local\Temp\ccFVTZW4.s:247    .text.I2C_Init:00000060 .L0 
C:\Users\nesus\AppData\Local\Temp\ccFVTZW4.s:254    .text.I2C_SendByte:00000000 I2C_SendByte
C:\Users\nesus\AppData\Local\Temp\ccFVTZW4.s:257    .text.I2C_SendByte:00000000 .L0 
C:\Users\nesus\AppData\Local\Temp\ccFVTZW4.s:258    .text.I2C_SendByte:00000000 $xrv32i2p1_m2p0_c2p0_zicsr2p0_zmmul1p0
C:\Users\nesus\AppData\Local\Temp\ccFVTZW4.s:258    .text.I2C_SendByte:00000000 .L0 
C:\Users\nesus\AppData\Local\Temp\ccFVTZW4.s:259    .text.I2C_SendByte:00000002 .L0 
C:\Users\nesus\AppData\Local\Temp\ccFVTZW4.s:262    .text.I2C_SendByte:00000006 .L0 
C:\Users\nesus\AppData\Local\Temp\ccFVTZW4.s:263    .text.I2C_SendByte:00000006 .L0 
C:\Users\nesus\AppData\Local\Temp\ccFVTZW4.s:265    .text.I2C_SendByte:00000008 .L0 
C:\Users\nesus\AppData\Local\Temp\ccFVTZW4.s:275    .text.I2C_SendByte:00000020 .L0 
C:\Users\nesus\AppData\Local\Temp\ccFVTZW4.s:278    .text.I2C_SendByte:00000028 .L0 
C:\Users\nesus\AppData\Local\Temp\ccFVTZW4.s:281    .text.I2C_SendByte:0000002e .L0 
C:\Users\nesus\AppData\Local\Temp\ccFVTZW4.s:285    .text.I2C_SendByte:00000038 .L0 
C:\Users\nesus\AppData\Local\Temp\ccFVTZW4.s:288    .text.I2C_SendByte:0000003a .L0 
C:\Users\nesus\AppData\Local\Temp\ccFVTZW4.s:291    .text.I2C_SendByte:00000040 .L0 
C:\Users\nesus\AppData\Local\Temp\ccFVTZW4.s:293    .text.I2C_SendByte:00000042 .L0 
C:\Users\nesus\AppData\Local\Temp\ccFVTZW4.s:295    .text.I2C_SendByte:00000044 .L0 
C:\Users\nesus\AppData\Local\Temp\ccFVTZW4.s:298    .text.I2C_SendByte:00000046 .L0 
C:\Users\nesus\AppData\Local\Temp\ccFVTZW4.s:301    .text.I2C_SendByte:0000004c .L0 
C:\Users\nesus\AppData\Local\Temp\ccFVTZW4.s:303    .text.I2C_SendByte:00000050 .L0 
C:\Users\nesus\AppData\Local\Temp\ccFVTZW4.s:305    .text.I2C_SendByte:00000052 .L0 
C:\Users\nesus\AppData\Local\Temp\ccFVTZW4.s:309    .text.I2C_SendByte:0000005c .L0 
C:\Users\nesus\AppData\Local\Temp\ccFVTZW4.s:313    .text.I2C_SendByte:00000064 .L0 
C:\Users\nesus\AppData\Local\Temp\ccFVTZW4.s:316    .text.I2C_SendByte:00000066 .L0 
C:\Users\nesus\AppData\Local\Temp\ccFVTZW4.s:319    .text.I2C_SendByte:0000006c .L0 
C:\Users\nesus\AppData\Local\Temp\ccFVTZW4.s:321    .text.I2C_SendByte:0000006e .L0 
C:\Users\nesus\AppData\Local\Temp\ccFVTZW4.s:323    .text.I2C_SendByte:00000070 .L0 
C:\Users\nesus\AppData\Local\Temp\ccFVTZW4.s:326    .text.I2C_SendByte:00000072 .L0 
C:\Users\nesus\AppData\Local\Temp\ccFVTZW4.s:329    .text.I2C_SendByte:00000078 .L0 
C:\Users\nesus\AppData\Local\Temp\ccFVTZW4.s:331    .text.I2C_SendByte:0000007c .L0 
C:\Users\nesus\AppData\Local\Temp\ccFVTZW4.s:333    .text.I2C_SendByte:0000007e .L0 
C:\Users\nesus\AppData\Local\Temp\ccFVTZW4.s:337    .text.I2C_SendByte:00000088 .L0 
C:\Users\nesus\AppData\Local\Temp\ccFVTZW4.s:340    .text.I2C_SendByte:0000008e .L0 
C:\Users\nesus\AppData\Local\Temp\ccFVTZW4.s:344    .text.I2C_SendByte:00000098 .L0 
C:\Users\nesus\AppData\Local\Temp\ccFVTZW4.s:347    .text.I2C_SendByte:0000009a .L0 
C:\Users\nesus\AppData\Local\Temp\ccFVTZW4.s:350    .text.I2C_SendByte:000000a0 .L0 
C:\Users\nesus\AppData\Local\Temp\ccFVTZW4.s:352    .text.I2C_SendByte:000000a2 .L0 
C:\Users\nesus\AppData\Local\Temp\ccFVTZW4.s:354    .text.I2C_SendByte:000000a4 .L0 
C:\Users\nesus\AppData\Local\Temp\ccFVTZW4.s:357    .text.I2C_SendByte:000000a6 .L0 
C:\Users\nesus\AppData\Local\Temp\ccFVTZW4.s:360    .text.I2C_SendByte:000000ac .L0 
C:\Users\nesus\AppData\Local\Temp\ccFVTZW4.s:362    .text.I2C_SendByte:000000b0 .L0 
C:\Users\nesus\AppData\Local\Temp\ccFVTZW4.s:364    .text.I2C_SendByte:000000b2 .L0 
C:\Users\nesus\AppData\Local\Temp\ccFVTZW4.s:367    .text.I2C_SendByte:000000b4 .L0 
C:\Users\nesus\AppData\Local\Temp\ccFVTZW4.s:370    .text.I2C_SendByte:000000ba .L0 
C:\Users\nesus\AppData\Local\Temp\ccFVTZW4.s:372    .text.I2C_SendByte:000000be .L0 
C:\Users\nesus\AppData\Local\Temp\ccFVTZW4.s:374    .text.I2C_SendByte:000000c0 .L0 
C:\Users\nesus\AppData\Local\Temp\ccFVTZW4.s:377    .text.I2C_SendByte:000000ca .L0 
C:\Users\nesus\AppData\Local\Temp\ccFVTZW4.s:379    .text.I2C_SendByte:000000ce .L0 
C:\Users\nesus\AppData\Local\Temp\ccFVTZW4.s:381    .text.I2C_SendByte:000000d0 .L0 
C:\Users\nesus\AppData\Local\Temp\ccFVTZW4.s:382    .text.I2C_SendByte:000000d0 .L0 
C:\Users\nesus\AppData\Local\Temp\ccFVTZW4.s:384    .text.I2C_SendByte:000000d2 .L0 
C:\Users\nesus\AppData\Local\Temp\ccFVTZW4.s:386    .text.I2C_SendByte:000000d4 .L0 
C:\Users\nesus\AppData\Local\Temp\ccFVTZW4.s:393    .text.I2C_ReceiveByte:00000000 I2C_ReceiveByte
C:\Users\nesus\AppData\Local\Temp\ccFVTZW4.s:396    .text.I2C_ReceiveByte:00000000 .L0 
C:\Users\nesus\AppData\Local\Temp\ccFVTZW4.s:397    .text.I2C_ReceiveByte:00000000 $xrv32i2p1_m2p0_c2p0_zicsr2p0_zmmul1p0
C:\Users\nesus\AppData\Local\Temp\ccFVTZW4.s:397    .text.I2C_ReceiveByte:00000000 .L0 
C:\Users\nesus\AppData\Local\Temp\ccFVTZW4.s:398    .text.I2C_ReceiveByte:00000002 .L0 
C:\Users\nesus\AppData\Local\Temp\ccFVTZW4.s:401    .text.I2C_ReceiveByte:00000006 .L0 
C:\Users\nesus\AppData\Local\Temp\ccFVTZW4.s:402    .text.I2C_ReceiveByte:00000006 .L0 
C:\Users\nesus\AppData\Local\Temp\ccFVTZW4.s:404    .text.I2C_ReceiveByte:00000008 .L0 
C:\Users\nesus\AppData\Local\Temp\ccFVTZW4.s:412    .text.I2C_ReceiveByte:0000001a .L0 
C:\Users\nesus\AppData\Local\Temp\ccFVTZW4.s:414    .text.I2C_ReceiveByte:0000001e .L0 
C:\Users\nesus\AppData\Local\Temp\ccFVTZW4.s:417    .text.I2C_ReceiveByte:00000026 .L0 
C:\Users\nesus\AppData\Local\Temp\ccFVTZW4.s:420    .text.I2C_ReceiveByte:0000002c .L0 
C:\Users\nesus\AppData\Local\Temp\ccFVTZW4.s:424    .text.I2C_ReceiveByte:00000036 .L0 
C:\Users\nesus\AppData\Local\Temp\ccFVTZW4.s:427    .text.I2C_ReceiveByte:00000038 .L0 
C:\Users\nesus\AppData\Local\Temp\ccFVTZW4.s:430    .text.I2C_ReceiveByte:0000003e .L0 
C:\Users\nesus\AppData\Local\Temp\ccFVTZW4.s:432    .text.I2C_ReceiveByte:00000040 .L0 
C:\Users\nesus\AppData\Local\Temp\ccFVTZW4.s:434    .text.I2C_ReceiveByte:00000042 .L0 
C:\Users\nesus\AppData\Local\Temp\ccFVTZW4.s:437    .text.I2C_ReceiveByte:00000044 .L0 
C:\Users\nesus\AppData\Local\Temp\ccFVTZW4.s:440    .text.I2C_ReceiveByte:0000004a .L0 
C:\Users\nesus\AppData\Local\Temp\ccFVTZW4.s:442    .text.I2C_ReceiveByte:0000004e .L0 
C:\Users\nesus\AppData\Local\Temp\ccFVTZW4.s:444    .text.I2C_ReceiveByte:00000050 .L0 
C:\Users\nesus\AppData\Local\Temp\ccFVTZW4.s:448    .text.I2C_ReceiveByte:0000005a .L0 
C:\Users\nesus\AppData\Local\Temp\ccFVTZW4.s:452    .text.I2C_ReceiveByte:00000062 .L0 
C:\Users\nesus\AppData\Local\Temp\ccFVTZW4.s:455    .text.I2C_ReceiveByte:00000064 .L0 
C:\Users\nesus\AppData\Local\Temp\ccFVTZW4.s:458    .text.I2C_ReceiveByte:0000006a .L0 
C:\Users\nesus\AppData\Local\Temp\ccFVTZW4.s:460    .text.I2C_ReceiveByte:0000006c .L0 
C:\Users\nesus\AppData\Local\Temp\ccFVTZW4.s:462    .text.I2C_ReceiveByte:0000006e .L0 
C:\Users\nesus\AppData\Local\Temp\ccFVTZW4.s:465    .text.I2C_ReceiveByte:00000070 .L0 
C:\Users\nesus\AppData\Local\Temp\ccFVTZW4.s:468    .text.I2C_ReceiveByte:00000076 .L0 
C:\Users\nesus\AppData\Local\Temp\ccFVTZW4.s:470    .text.I2C_ReceiveByte:0000007a .L0 
C:\Users\nesus\AppData\Local\Temp\ccFVTZW4.s:472    .text.I2C_ReceiveByte:0000007c .L0 
C:\Users\nesus\AppData\Local\Temp\ccFVTZW4.s:475    .text.I2C_ReceiveByte:00000082 .L0 
C:\Users\nesus\AppData\Local\Temp\ccFVTZW4.s:478    .text.I2C_ReceiveByte:00000088 .L0 
C:\Users\nesus\AppData\Local\Temp\ccFVTZW4.s:481    .text.I2C_ReceiveByte:0000008e .L0 
C:\Users\nesus\AppData\Local\Temp\ccFVTZW4.s:485    .text.I2C_ReceiveByte:00000098 .L0 
C:\Users\nesus\AppData\Local\Temp\ccFVTZW4.s:488    .text.I2C_ReceiveByte:0000009a .L0 
C:\Users\nesus\AppData\Local\Temp\ccFVTZW4.s:491    .text.I2C_ReceiveByte:000000a0 .L0 
C:\Users\nesus\AppData\Local\Temp\ccFVTZW4.s:493    .text.I2C_ReceiveByte:000000a2 .L0 
C:\Users\nesus\AppData\Local\Temp\ccFVTZW4.s:495    .text.I2C_ReceiveByte:000000a4 .L0 
C:\Users\nesus\AppData\Local\Temp\ccFVTZW4.s:498    .text.I2C_ReceiveByte:000000a6 .L0 
C:\Users\nesus\AppData\Local\Temp\ccFVTZW4.s:501    .text.I2C_ReceiveByte:000000ac .L0 
C:\Users\nesus\AppData\Local\Temp\ccFVTZW4.s:503    .text.I2C_ReceiveByte:000000b0 .L0 
C:\Users\nesus\AppData\Local\Temp\ccFVTZW4.s:505    .text.I2C_ReceiveByte:000000b2 .L0 
C:\Users\nesus\AppData\Local\Temp\ccFVTZW4.s:509    .text.I2C_ReceiveByte:000000bc .L0 
C:\Users\nesus\AppData\Local\Temp\ccFVTZW4.s:512    .text.I2C_ReceiveByte:000000be .L0 
C:\Users\nesus\AppData\Local\Temp\ccFVTZW4.s:515    .text.I2C_ReceiveByte:000000c4 .L0 
C:\Users\nesus\AppData\Local\Temp\ccFVTZW4.s:517    .text.I2C_ReceiveByte:000000c6 .L0 
C:\Users\nesus\AppData\Local\Temp\ccFVTZW4.s:519    .text.I2C_ReceiveByte:000000c8 .L0 
C:\Users\nesus\AppData\Local\Temp\ccFVTZW4.s:522    .text.I2C_ReceiveByte:000000ce .L0 
C:\Users\nesus\AppData\Local\Temp\ccFVTZW4.s:524    .text.I2C_ReceiveByte:000000d2 .L0 
C:\Users\nesus\AppData\Local\Temp\ccFVTZW4.s:527    .text.I2C_ReceiveByte:000000dc .L0 
C:\Users\nesus\AppData\Local\Temp\ccFVTZW4.s:529    .text.I2C_ReceiveByte:000000e0 .L0 
C:\Users\nesus\AppData\Local\Temp\ccFVTZW4.s:531    .text.I2C_ReceiveByte:000000e4 .L0 
C:\Users\nesus\AppData\Local\Temp\ccFVTZW4.s:533    .text.I2C_ReceiveByte:000000e6 .L0 
C:\Users\nesus\AppData\Local\Temp\ccFVTZW4.s:534    .text.I2C_ReceiveByte:000000e6 .L0 
C:\Users\nesus\AppData\Local\Temp\ccFVTZW4.s:536    .text.I2C_ReceiveByte:000000e8 .L0 
C:\Users\nesus\AppData\Local\Temp\ccFVTZW4.s:538    .text.I2C_ReceiveByte:000000ea .L0 
C:\Users\nesus\AppData\Local\Temp\ccFVTZW4.s:545    .text.I2C_SendWord:00000000 I2C_SendWord
C:\Users\nesus\AppData\Local\Temp\ccFVTZW4.s:548    .text.I2C_SendWord:00000000 .L0 
C:\Users\nesus\AppData\Local\Temp\ccFVTZW4.s:549    .text.I2C_SendWord:00000000 $xrv32i2p1_m2p0_c2p0_zicsr2p0_zmmul1p0
C:\Users\nesus\AppData\Local\Temp\ccFVTZW4.s:549    .text.I2C_SendWord:00000000 .L0 
C:\Users\nesus\AppData\Local\Temp\ccFVTZW4.s:550    .text.I2C_SendWord:00000002 .L0 
C:\Users\nesus\AppData\Local\Temp\ccFVTZW4.s:553    .text.I2C_SendWord:00000006 .L0 
C:\Users\nesus\AppData\Local\Temp\ccFVTZW4.s:554    .text.I2C_SendWord:00000006 .L0 
C:\Users\nesus\AppData\Local\Temp\ccFVTZW4.s:556    .text.I2C_SendWord:00000008 .L0 
C:\Users\nesus\AppData\Local\Temp\ccFVTZW4.s:567    .text.I2C_SendWord:00000024 .L0 
C:\Users\nesus\AppData\Local\Temp\ccFVTZW4.s:569    .text.I2C_SendWord:00000028 .L0 
C:\Users\nesus\AppData\Local\Temp\ccFVTZW4.s:571    .text.I2C_SendWord:0000002c .L0 
C:\Users\nesus\AppData\Local\Temp\ccFVTZW4.s:574    .text.I2C_SendWord:00000032 .L0 
C:\Users\nesus\AppData\Local\Temp\ccFVTZW4.s:579    .text.I2C_SendWord:0000003c .L0 
C:\Users\nesus\AppData\Local\Temp\ccFVTZW4.s:581    .text.I2C_SendWord:00000040 .L0 
C:\Users\nesus\AppData\Local\Temp\ccFVTZW4.s:586    .text.I2C_SendWord:0000004a .L0 
C:\Users\nesus\AppData\Local\Temp\ccFVTZW4.s:589    .text.I2C_SendWord:00000052 .L0 
C:\Users\nesus\AppData\Local\Temp\ccFVTZW4.s:594    .text.I2C_SendWord:0000005c .L0 
C:\Users\nesus\AppData\Local\Temp\ccFVTZW4.s:597    .text.I2C_SendWord:00000060 .L0 
C:\Users\nesus\AppData\Local\Temp\ccFVTZW4.s:600    .text.I2C_SendWord:00000068 .L0 
C:\Users\nesus\AppData\Local\Temp\ccFVTZW4.s:603    .text.I2C_SendWord:0000006e .L0 
C:\Users\nesus\AppData\Local\Temp\ccFVTZW4.s:607    .text.I2C_SendWord:00000078 .L0 
C:\Users\nesus\AppData\Local\Temp\ccFVTZW4.s:610    .text.I2C_SendWord:0000007a .L0 
C:\Users\nesus\AppData\Local\Temp\ccFVTZW4.s:613    .text.I2C_SendWord:00000080 .L0 
C:\Users\nesus\AppData\Local\Temp\ccFVTZW4.s:615    .text.I2C_SendWord:00000082 .L0 
C:\Users\nesus\AppData\Local\Temp\ccFVTZW4.s:617    .text.I2C_SendWord:00000084 .L0 
C:\Users\nesus\AppData\Local\Temp\ccFVTZW4.s:620    .text.I2C_SendWord:00000086 .L0 
C:\Users\nesus\AppData\Local\Temp\ccFVTZW4.s:623    .text.I2C_SendWord:0000008c .L0 
C:\Users\nesus\AppData\Local\Temp\ccFVTZW4.s:625    .text.I2C_SendWord:00000090 .L0 
C:\Users\nesus\AppData\Local\Temp\ccFVTZW4.s:627    .text.I2C_SendWord:00000092 .L0 
C:\Users\nesus\AppData\Local\Temp\ccFVTZW4.s:631    .text.I2C_SendWord:0000009c .L0 
C:\Users\nesus\AppData\Local\Temp\ccFVTZW4.s:635    .text.I2C_SendWord:000000a4 .L0 
C:\Users\nesus\AppData\Local\Temp\ccFVTZW4.s:638    .text.I2C_SendWord:000000a6 .L0 
C:\Users\nesus\AppData\Local\Temp\ccFVTZW4.s:641    .text.I2C_SendWord:000000ac .L0 
C:\Users\nesus\AppData\Local\Temp\ccFVTZW4.s:643    .text.I2C_SendWord:000000ae .L0 
C:\Users\nesus\AppData\Local\Temp\ccFVTZW4.s:645    .text.I2C_SendWord:000000b0 .L0 
C:\Users\nesus\AppData\Local\Temp\ccFVTZW4.s:648    .text.I2C_SendWord:000000b2 .L0 
C:\Users\nesus\AppData\Local\Temp\ccFVTZW4.s:651    .text.I2C_SendWord:000000b8 .L0 
C:\Users\nesus\AppData\Local\Temp\ccFVTZW4.s:653    .text.I2C_SendWord:000000bc .L0 
C:\Users\nesus\AppData\Local\Temp\ccFVTZW4.s:655    .text.I2C_SendWord:000000be .L0 
C:\Users\nesus\AppData\Local\Temp\ccFVTZW4.s:659    .text.I2C_SendWord:000000c8 .L0 
C:\Users\nesus\AppData\Local\Temp\ccFVTZW4.s:663    .text.I2C_SendWord:000000d0 .L0 
C:\Users\nesus\AppData\Local\Temp\ccFVTZW4.s:666    .text.I2C_SendWord:000000d2 .L0 
C:\Users\nesus\AppData\Local\Temp\ccFVTZW4.s:669    .text.I2C_SendWord:000000d8 .L0 
C:\Users\nesus\AppData\Local\Temp\ccFVTZW4.s:671    .text.I2C_SendWord:000000da .L0 
C:\Users\nesus\AppData\Local\Temp\ccFVTZW4.s:673    .text.I2C_SendWord:000000dc .L0 
C:\Users\nesus\AppData\Local\Temp\ccFVTZW4.s:676    .text.I2C_SendWord:000000de .L0 
C:\Users\nesus\AppData\Local\Temp\ccFVTZW4.s:679    .text.I2C_SendWord:000000e4 .L0 
C:\Users\nesus\AppData\Local\Temp\ccFVTZW4.s:681    .text.I2C_SendWord:000000e8 .L0 
C:\Users\nesus\AppData\Local\Temp\ccFVTZW4.s:683    .text.I2C_SendWord:000000ea .L0 
C:\Users\nesus\AppData\Local\Temp\ccFVTZW4.s:686    .text.I2C_SendWord:000000f4 .L0 
C:\Users\nesus\AppData\Local\Temp\ccFVTZW4.s:690    .text.I2C_SendWord:000000fe .L0 
C:\Users\nesus\AppData\Local\Temp\ccFVTZW4.s:693    .text.I2C_SendWord:00000104 .L0 
C:\Users\nesus\AppData\Local\Temp\ccFVTZW4.s:697    .text.I2C_SendWord:0000010e .L0 
C:\Users\nesus\AppData\Local\Temp\ccFVTZW4.s:700    .text.I2C_SendWord:00000110 .L0 
C:\Users\nesus\AppData\Local\Temp\ccFVTZW4.s:703    .text.I2C_SendWord:00000116 .L0 
C:\Users\nesus\AppData\Local\Temp\ccFVTZW4.s:705    .text.I2C_SendWord:00000118 .L0 
C:\Users\nesus\AppData\Local\Temp\ccFVTZW4.s:707    .text.I2C_SendWord:0000011a .L0 
C:\Users\nesus\AppData\Local\Temp\ccFVTZW4.s:710    .text.I2C_SendWord:0000011c .L0 
C:\Users\nesus\AppData\Local\Temp\ccFVTZW4.s:713    .text.I2C_SendWord:00000122 .L0 
C:\Users\nesus\AppData\Local\Temp\ccFVTZW4.s:715    .text.I2C_SendWord:00000126 .L0 
C:\Users\nesus\AppData\Local\Temp\ccFVTZW4.s:717    .text.I2C_SendWord:00000128 .L0 
C:\Users\nesus\AppData\Local\Temp\ccFVTZW4.s:720    .text.I2C_SendWord:0000012a .L0 
C:\Users\nesus\AppData\Local\Temp\ccFVTZW4.s:723    .text.I2C_SendWord:00000130 .L0 
C:\Users\nesus\AppData\Local\Temp\ccFVTZW4.s:725    .text.I2C_SendWord:00000134 .L0 
C:\Users\nesus\AppData\Local\Temp\ccFVTZW4.s:727    .text.I2C_SendWord:00000136 .L0 
C:\Users\nesus\AppData\Local\Temp\ccFVTZW4.s:730    .text.I2C_SendWord:00000140 .L0 
C:\Users\nesus\AppData\Local\Temp\ccFVTZW4.s:732    .text.I2C_SendWord:00000144 .L0 
C:\Users\nesus\AppData\Local\Temp\ccFVTZW4.s:734    .text.I2C_SendWord:00000146 .L0 
C:\Users\nesus\AppData\Local\Temp\ccFVTZW4.s:735    .text.I2C_SendWord:00000146 .L0 
C:\Users\nesus\AppData\Local\Temp\ccFVTZW4.s:737    .text.I2C_SendWord:00000148 .L0 
C:\Users\nesus\AppData\Local\Temp\ccFVTZW4.s:739    .text.I2C_SendWord:0000014a .L0 
C:\Users\nesus\AppData\Local\Temp\ccFVTZW4.s:746    .text.I2C_ReceiveWord:00000000 I2C_ReceiveWord
C:\Users\nesus\AppData\Local\Temp\ccFVTZW4.s:749    .text.I2C_ReceiveWord:00000000 .L0 
C:\Users\nesus\AppData\Local\Temp\ccFVTZW4.s:750    .text.I2C_ReceiveWord:00000000 $xrv32i2p1_m2p0_c2p0_zicsr2p0_zmmul1p0
C:\Users\nesus\AppData\Local\Temp\ccFVTZW4.s:750    .text.I2C_ReceiveWord:00000000 .L0 
C:\Users\nesus\AppData\Local\Temp\ccFVTZW4.s:751    .text.I2C_ReceiveWord:00000002 .L0 
C:\Users\nesus\AppData\Local\Temp\ccFVTZW4.s:754    .text.I2C_ReceiveWord:00000006 .L0 
C:\Users\nesus\AppData\Local\Temp\ccFVTZW4.s:755    .text.I2C_ReceiveWord:00000006 .L0 
C:\Users\nesus\AppData\Local\Temp\ccFVTZW4.s:757    .text.I2C_ReceiveWord:00000008 .L0 
C:\Users\nesus\AppData\Local\Temp\ccFVTZW4.s:767    .text.I2C_ReceiveWord:00000020 .L0 
C:\Users\nesus\AppData\Local\Temp\ccFVTZW4.s:769    .text.I2C_ReceiveWord:00000024 .L0 
C:\Users\nesus\AppData\Local\Temp\ccFVTZW4.s:771    .text.I2C_ReceiveWord:00000028 .L0 
C:\Users\nesus\AppData\Local\Temp\ccFVTZW4.s:773    .text.I2C_ReceiveWord:0000002c .L0 
C:\Users\nesus\AppData\Local\Temp\ccFVTZW4.s:776    .text.I2C_ReceiveWord:00000034 .L0 
C:\Users\nesus\AppData\Local\Temp\ccFVTZW4.s:779    .text.I2C_ReceiveWord:0000003a .L0 
C:\Users\nesus\AppData\Local\Temp\ccFVTZW4.s:783    .text.I2C_ReceiveWord:00000044 .L0 
C:\Users\nesus\AppData\Local\Temp\ccFVTZW4.s:786    .text.I2C_ReceiveWord:00000046 .L0 
C:\Users\nesus\AppData\Local\Temp\ccFVTZW4.s:789    .text.I2C_ReceiveWord:0000004c .L0 
C:\Users\nesus\AppData\Local\Temp\ccFVTZW4.s:791    .text.I2C_ReceiveWord:0000004e .L0 
C:\Users\nesus\AppData\Local\Temp\ccFVTZW4.s:793    .text.I2C_ReceiveWord:00000050 .L0 
C:\Users\nesus\AppData\Local\Temp\ccFVTZW4.s:796    .text.I2C_ReceiveWord:00000052 .L0 
C:\Users\nesus\AppData\Local\Temp\ccFVTZW4.s:799    .text.I2C_ReceiveWord:00000058 .L0 
C:\Users\nesus\AppData\Local\Temp\ccFVTZW4.s:801    .text.I2C_ReceiveWord:0000005c .L0 
C:\Users\nesus\AppData\Local\Temp\ccFVTZW4.s:803    .text.I2C_ReceiveWord:0000005e .L0 
C:\Users\nesus\AppData\Local\Temp\ccFVTZW4.s:807    .text.I2C_ReceiveWord:00000068 .L0 
C:\Users\nesus\AppData\Local\Temp\ccFVTZW4.s:811    .text.I2C_ReceiveWord:00000070 .L0 
C:\Users\nesus\AppData\Local\Temp\ccFVTZW4.s:814    .text.I2C_ReceiveWord:00000072 .L0 
C:\Users\nesus\AppData\Local\Temp\ccFVTZW4.s:817    .text.I2C_ReceiveWord:00000078 .L0 
C:\Users\nesus\AppData\Local\Temp\ccFVTZW4.s:819    .text.I2C_ReceiveWord:0000007a .L0 
C:\Users\nesus\AppData\Local\Temp\ccFVTZW4.s:821    .text.I2C_ReceiveWord:0000007c .L0 
C:\Users\nesus\AppData\Local\Temp\ccFVTZW4.s:824    .text.I2C_ReceiveWord:0000007e .L0 
C:\Users\nesus\AppData\Local\Temp\ccFVTZW4.s:827    .text.I2C_ReceiveWord:00000084 .L0 
C:\Users\nesus\AppData\Local\Temp\ccFVTZW4.s:829    .text.I2C_ReceiveWord:00000088 .L0 
C:\Users\nesus\AppData\Local\Temp\ccFVTZW4.s:831    .text.I2C_ReceiveWord:0000008a .L0 
C:\Users\nesus\AppData\Local\Temp\ccFVTZW4.s:834    .text.I2C_ReceiveWord:00000090 .L0 
C:\Users\nesus\AppData\Local\Temp\ccFVTZW4.s:837    .text.I2C_ReceiveWord:00000096 .L0 
C:\Users\nesus\AppData\Local\Temp\ccFVTZW4.s:840    .text.I2C_ReceiveWord:0000009c .L0 
C:\Users\nesus\AppData\Local\Temp\ccFVTZW4.s:844    .text.I2C_ReceiveWord:000000a6 .L0 
C:\Users\nesus\AppData\Local\Temp\ccFVTZW4.s:847    .text.I2C_ReceiveWord:000000a8 .L0 
C:\Users\nesus\AppData\Local\Temp\ccFVTZW4.s:850    .text.I2C_ReceiveWord:000000ae .L0 
C:\Users\nesus\AppData\Local\Temp\ccFVTZW4.s:852    .text.I2C_ReceiveWord:000000b0 .L0 
C:\Users\nesus\AppData\Local\Temp\ccFVTZW4.s:854    .text.I2C_ReceiveWord:000000b2 .L0 
C:\Users\nesus\AppData\Local\Temp\ccFVTZW4.s:857    .text.I2C_ReceiveWord:000000b4 .L0 
C:\Users\nesus\AppData\Local\Temp\ccFVTZW4.s:860    .text.I2C_ReceiveWord:000000ba .L0 
C:\Users\nesus\AppData\Local\Temp\ccFVTZW4.s:862    .text.I2C_ReceiveWord:000000be .L0 
C:\Users\nesus\AppData\Local\Temp\ccFVTZW4.s:864    .text.I2C_ReceiveWord:000000c0 .L0 
C:\Users\nesus\AppData\Local\Temp\ccFVTZW4.s:868    .text.I2C_ReceiveWord:000000ca .L0 
C:\Users\nesus\AppData\Local\Temp\ccFVTZW4.s:871    .text.I2C_ReceiveWord:000000cc .L0 
C:\Users\nesus\AppData\Local\Temp\ccFVTZW4.s:874    .text.I2C_ReceiveWord:000000d2 .L0 
C:\Users\nesus\AppData\Local\Temp\ccFVTZW4.s:876    .text.I2C_ReceiveWord:000000d4 .L0 
C:\Users\nesus\AppData\Local\Temp\ccFVTZW4.s:878    .text.I2C_ReceiveWord:000000d6 .L0 
C:\Users\nesus\AppData\Local\Temp\ccFVTZW4.s:881    .text.I2C_ReceiveWord:000000dc .L0 
C:\Users\nesus\AppData\Local\Temp\ccFVTZW4.s:883    .text.I2C_ReceiveWord:000000e0 .L0 
C:\Users\nesus\AppData\Local\Temp\ccFVTZW4.s:886    .text.I2C_ReceiveWord:000000ea .L0 
C:\Users\nesus\AppData\Local\Temp\ccFVTZW4.s:890    .text.I2C_ReceiveWord:000000f4 .L0 
C:\Users\nesus\AppData\Local\Temp\ccFVTZW4.s:893    .text.I2C_ReceiveWord:000000f6 .L0 
C:\Users\nesus\AppData\Local\Temp\ccFVTZW4.s:896    .text.I2C_ReceiveWord:000000fc .L0 
C:\Users\nesus\AppData\Local\Temp\ccFVTZW4.s:898    .text.I2C_ReceiveWord:000000fe .L0 
C:\Users\nesus\AppData\Local\Temp\ccFVTZW4.s:900    .text.I2C_ReceiveWord:00000100 .L0 
C:\Users\nesus\AppData\Local\Temp\ccFVTZW4.s:903    .text.I2C_ReceiveWord:00000106 .L0 
C:\Users\nesus\AppData\Local\Temp\ccFVTZW4.s:905    .text.I2C_ReceiveWord:0000010a .L0 
C:\Users\nesus\AppData\Local\Temp\ccFVTZW4.s:908    .text.I2C_ReceiveWord:00000114 .L0 
C:\Users\nesus\AppData\Local\Temp\ccFVTZW4.s:911    .text.I2C_ReceiveWord:0000011a .L0 
C:\Users\nesus\AppData\Local\Temp\ccFVTZW4.s:918    .text.I2C_ReceiveWord:0000012a .L0 
C:\Users\nesus\AppData\Local\Temp\ccFVTZW4.s:922    .text.I2C_ReceiveWord:00000132 .L0 
C:\Users\nesus\AppData\Local\Temp\ccFVTZW4.s:927    .text.I2C_ReceiveWord:0000013a .L0 
C:\Users\nesus\AppData\Local\Temp\ccFVTZW4.s:934    .text.I2C_ReceiveWord:0000014a .L0 
C:\Users\nesus\AppData\Local\Temp\ccFVTZW4.s:938    .text.I2C_ReceiveWord:00000152 .L0 
C:\Users\nesus\AppData\Local\Temp\ccFVTZW4.s:942    .text.I2C_ReceiveWord:00000158 .L0 
C:\Users\nesus\AppData\Local\Temp\ccFVTZW4.s:944    .text.I2C_ReceiveWord:0000015c .L0 
C:\Users\nesus\AppData\Local\Temp\ccFVTZW4.s:946    .text.I2C_ReceiveWord:00000160 .L0 
C:\Users\nesus\AppData\Local\Temp\ccFVTZW4.s:948    .text.I2C_ReceiveWord:00000162 .L0 
C:\Users\nesus\AppData\Local\Temp\ccFVTZW4.s:949    .text.I2C_ReceiveWord:00000162 .L0 
C:\Users\nesus\AppData\Local\Temp\ccFVTZW4.s:951    .text.I2C_ReceiveWord:00000164 .L0 
C:\Users\nesus\AppData\Local\Temp\ccFVTZW4.s:953    .text.I2C_ReceiveWord:00000166 .L0 
C:\Users\nesus\AppData\Local\Temp\ccFVTZW4.s:960    .text.I2C_SendArray:00000000 I2C_SendArray
C:\Users\nesus\AppData\Local\Temp\ccFVTZW4.s:963    .text.I2C_SendArray:00000000 .L0 
C:\Users\nesus\AppData\Local\Temp\ccFVTZW4.s:964    .text.I2C_SendArray:00000000 $xrv32i2p1_m2p0_c2p0_zicsr2p0_zmmul1p0
C:\Users\nesus\AppData\Local\Temp\ccFVTZW4.s:964    .text.I2C_SendArray:00000000 .L0 
C:\Users\nesus\AppData\Local\Temp\ccFVTZW4.s:965    .text.I2C_SendArray:00000002 .L0 
C:\Users\nesus\AppData\Local\Temp\ccFVTZW4.s:968    .text.I2C_SendArray:00000006 .L0 
C:\Users\nesus\AppData\Local\Temp\ccFVTZW4.s:969    .text.I2C_SendArray:00000006 .L0 
C:\Users\nesus\AppData\Local\Temp\ccFVTZW4.s:971    .text.I2C_SendArray:00000008 .L0 
C:\Users\nesus\AppData\Local\Temp\ccFVTZW4.s:980    .text.I2C_SendArray:00000020 .L0 
C:\Users\nesus\AppData\Local\Temp\ccFVTZW4.s:983    .text.I2C_SendArray:00000028 .L0 
C:\Users\nesus\AppData\Local\Temp\ccFVTZW4.s:986    .text.I2C_SendArray:00000030 .L0 
C:\Users\nesus\AppData\Local\Temp\ccFVTZW4.s:989    .text.I2C_SendArray:00000036 .L0 
C:\Users\nesus\AppData\Local\Temp\ccFVTZW4.s:993    .text.I2C_SendArray:00000040 .L0 
C:\Users\nesus\AppData\Local\Temp\ccFVTZW4.s:996    .text.I2C_SendArray:00000042 .L0 
C:\Users\nesus\AppData\Local\Temp\ccFVTZW4.s:999    .text.I2C_SendArray:00000048 .L0 
C:\Users\nesus\AppData\Local\Temp\ccFVTZW4.s:1001   .text.I2C_SendArray:0000004a .L0 
C:\Users\nesus\AppData\Local\Temp\ccFVTZW4.s:1003   .text.I2C_SendArray:0000004c .L0 
C:\Users\nesus\AppData\Local\Temp\ccFVTZW4.s:1006   .text.I2C_SendArray:0000004e .L0 
C:\Users\nesus\AppData\Local\Temp\ccFVTZW4.s:1009   .text.I2C_SendArray:00000054 .L0 
C:\Users\nesus\AppData\Local\Temp\ccFVTZW4.s:1011   .text.I2C_SendArray:00000058 .L0 
C:\Users\nesus\AppData\Local\Temp\ccFVTZW4.s:1013   .text.I2C_SendArray:0000005a .L0 
C:\Users\nesus\AppData\Local\Temp\ccFVTZW4.s:1017   .text.I2C_SendArray:00000064 .L0 
C:\Users\nesus\AppData\Local\Temp\ccFVTZW4.s:1021   .text.I2C_SendArray:0000006c .L0 
C:\Users\nesus\AppData\Local\Temp\ccFVTZW4.s:1024   .text.I2C_SendArray:0000006e .L0 
C:\Users\nesus\AppData\Local\Temp\ccFVTZW4.s:1027   .text.I2C_SendArray:00000074 .L0 
C:\Users\nesus\AppData\Local\Temp\ccFVTZW4.s:1029   .text.I2C_SendArray:00000076 .L0 
C:\Users\nesus\AppData\Local\Temp\ccFVTZW4.s:1031   .text.I2C_SendArray:00000078 .L0 
C:\Users\nesus\AppData\Local\Temp\ccFVTZW4.s:1034   .text.I2C_SendArray:0000007a .L0 
C:\Users\nesus\AppData\Local\Temp\ccFVTZW4.s:1037   .text.I2C_SendArray:00000080 .L0 
C:\Users\nesus\AppData\Local\Temp\ccFVTZW4.s:1039   .text.I2C_SendArray:00000084 .L0 
C:\Users\nesus\AppData\Local\Temp\ccFVTZW4.s:1042   .text.I2C_SendArray:00000086 .L0 
C:\Users\nesus\AppData\Local\Temp\ccFVTZW4.s:1044   .text.I2C_SendArray:0000008a .L0 
C:\Users\nesus\AppData\Local\Temp\ccFVTZW4.s:1047   .text.I2C_SendArray:0000008c .L0 
C:\Users\nesus\AppData\Local\Temp\ccFVTZW4.s:1051   .text.I2C_SendArray:00000096 .L0 
C:\Users\nesus\AppData\Local\Temp\ccFVTZW4.s:1054   .text.I2C_SendArray:0000009c .L0 
C:\Users\nesus\AppData\Local\Temp\ccFVTZW4.s:1058   .text.I2C_SendArray:000000a4 .L0 
C:\Users\nesus\AppData\Local\Temp\ccFVTZW4.s:1061   .text.I2C_SendArray:000000a6 .L0 
C:\Users\nesus\AppData\Local\Temp\ccFVTZW4.s:1064   .text.I2C_SendArray:000000ac .L0 
C:\Users\nesus\AppData\Local\Temp\ccFVTZW4.s:1066   .text.I2C_SendArray:000000ae .L0 
C:\Users\nesus\AppData\Local\Temp\ccFVTZW4.s:1068   .text.I2C_SendArray:000000b0 .L0 
C:\Users\nesus\AppData\Local\Temp\ccFVTZW4.s:1071   .text.I2C_SendArray:000000b2 .L0 
C:\Users\nesus\AppData\Local\Temp\ccFVTZW4.s:1074   .text.I2C_SendArray:000000b8 .L0 
C:\Users\nesus\AppData\Local\Temp\ccFVTZW4.s:1076   .text.I2C_SendArray:000000bc .L0 
C:\Users\nesus\AppData\Local\Temp\ccFVTZW4.s:1078   .text.I2C_SendArray:000000be .L0 
C:\Users\nesus\AppData\Local\Temp\ccFVTZW4.s:1082   .text.I2C_SendArray:000000c8 .L0 
C:\Users\nesus\AppData\Local\Temp\ccFVTZW4.s:1085   .text.I2C_SendArray:000000d2 .L0 
C:\Users\nesus\AppData\Local\Temp\ccFVTZW4.s:1090   .text.I2C_SendArray:000000dc .L0 
C:\Users\nesus\AppData\Local\Temp\ccFVTZW4.s:1093   .text.I2C_SendArray:000000e2 .L0 
C:\Users\nesus\AppData\Local\Temp\ccFVTZW4.s:1097   .text.I2C_SendArray:000000ea .L0 
C:\Users\nesus\AppData\Local\Temp\ccFVTZW4.s:1101   .text.I2C_SendArray:000000f4 .L0 
C:\Users\nesus\AppData\Local\Temp\ccFVTZW4.s:1104   .text.I2C_SendArray:000000fa .L0 
C:\Users\nesus\AppData\Local\Temp\ccFVTZW4.s:1107   .text.I2C_SendArray:00000100 .L0 
C:\Users\nesus\AppData\Local\Temp\ccFVTZW4.s:1111   .text.I2C_SendArray:0000010a .L0 
C:\Users\nesus\AppData\Local\Temp\ccFVTZW4.s:1114   .text.I2C_SendArray:0000010c .L0 
C:\Users\nesus\AppData\Local\Temp\ccFVTZW4.s:1117   .text.I2C_SendArray:00000112 .L0 
C:\Users\nesus\AppData\Local\Temp\ccFVTZW4.s:1119   .text.I2C_SendArray:00000114 .L0 
C:\Users\nesus\AppData\Local\Temp\ccFVTZW4.s:1121   .text.I2C_SendArray:00000116 .L0 
C:\Users\nesus\AppData\Local\Temp\ccFVTZW4.s:1124   .text.I2C_SendArray:00000118 .L0 
C:\Users\nesus\AppData\Local\Temp\ccFVTZW4.s:1127   .text.I2C_SendArray:0000011e .L0 
C:\Users\nesus\AppData\Local\Temp\ccFVTZW4.s:1129   .text.I2C_SendArray:00000122 .L0 
C:\Users\nesus\AppData\Local\Temp\ccFVTZW4.s:1131   .text.I2C_SendArray:00000124 .L0 
C:\Users\nesus\AppData\Local\Temp\ccFVTZW4.s:1134   .text.I2C_SendArray:00000126 .L0 
C:\Users\nesus\AppData\Local\Temp\ccFVTZW4.s:1137   .text.I2C_SendArray:0000012c .L0 
C:\Users\nesus\AppData\Local\Temp\ccFVTZW4.s:1139   .text.I2C_SendArray:00000130 .L0 
C:\Users\nesus\AppData\Local\Temp\ccFVTZW4.s:1141   .text.I2C_SendArray:00000132 .L0 
C:\Users\nesus\AppData\Local\Temp\ccFVTZW4.s:1144   .text.I2C_SendArray:0000013c .L0 
C:\Users\nesus\AppData\Local\Temp\ccFVTZW4.s:1146   .text.I2C_SendArray:00000140 .L0 
C:\Users\nesus\AppData\Local\Temp\ccFVTZW4.s:1148   .text.I2C_SendArray:00000142 .L0 
C:\Users\nesus\AppData\Local\Temp\ccFVTZW4.s:1149   .text.I2C_SendArray:00000142 .L0 
C:\Users\nesus\AppData\Local\Temp\ccFVTZW4.s:1151   .text.I2C_SendArray:00000144 .L0 
C:\Users\nesus\AppData\Local\Temp\ccFVTZW4.s:1153   .text.I2C_SendArray:00000146 .L0 
C:\Users\nesus\AppData\Local\Temp\ccFVTZW4.s:1160   .text.I2C_ReceiveArray:00000000 I2C_ReceiveArray
C:\Users\nesus\AppData\Local\Temp\ccFVTZW4.s:1163   .text.I2C_ReceiveArray:00000000 .L0 
C:\Users\nesus\AppData\Local\Temp\ccFVTZW4.s:1164   .text.I2C_ReceiveArray:00000000 $xrv32i2p1_m2p0_c2p0_zicsr2p0_zmmul1p0
C:\Users\nesus\AppData\Local\Temp\ccFVTZW4.s:1164   .text.I2C_ReceiveArray:00000000 .L0 
C:\Users\nesus\AppData\Local\Temp\ccFVTZW4.s:1165   .text.I2C_ReceiveArray:00000002 .L0 
C:\Users\nesus\AppData\Local\Temp\ccFVTZW4.s:1168   .text.I2C_ReceiveArray:00000006 .L0 
C:\Users\nesus\AppData\Local\Temp\ccFVTZW4.s:1169   .text.I2C_ReceiveArray:00000006 .L0 
C:\Users\nesus\AppData\Local\Temp\ccFVTZW4.s:1171   .text.I2C_ReceiveArray:00000008 .L0 
C:\Users\nesus\AppData\Local\Temp\ccFVTZW4.s:1180   .text.I2C_ReceiveArray:00000020 .L0 
C:\Users\nesus\AppData\Local\Temp\ccFVTZW4.s:1183   .text.I2C_ReceiveArray:00000028 .L0 
C:\Users\nesus\AppData\Local\Temp\ccFVTZW4.s:1186   .text.I2C_ReceiveArray:00000030 .L0 
C:\Users\nesus\AppData\Local\Temp\ccFVTZW4.s:1189   .text.I2C_ReceiveArray:00000036 .L0 
C:\Users\nesus\AppData\Local\Temp\ccFVTZW4.s:1193   .text.I2C_ReceiveArray:00000040 .L0 
C:\Users\nesus\AppData\Local\Temp\ccFVTZW4.s:1196   .text.I2C_ReceiveArray:00000042 .L0 
C:\Users\nesus\AppData\Local\Temp\ccFVTZW4.s:1199   .text.I2C_ReceiveArray:00000048 .L0 
C:\Users\nesus\AppData\Local\Temp\ccFVTZW4.s:1201   .text.I2C_ReceiveArray:0000004a .L0 
C:\Users\nesus\AppData\Local\Temp\ccFVTZW4.s:1203   .text.I2C_ReceiveArray:0000004c .L0 
C:\Users\nesus\AppData\Local\Temp\ccFVTZW4.s:1206   .text.I2C_ReceiveArray:0000004e .L0 
C:\Users\nesus\AppData\Local\Temp\ccFVTZW4.s:1209   .text.I2C_ReceiveArray:00000054 .L0 
C:\Users\nesus\AppData\Local\Temp\ccFVTZW4.s:1211   .text.I2C_ReceiveArray:00000058 .L0 
C:\Users\nesus\AppData\Local\Temp\ccFVTZW4.s:1213   .text.I2C_ReceiveArray:0000005a .L0 
C:\Users\nesus\AppData\Local\Temp\ccFVTZW4.s:1217   .text.I2C_ReceiveArray:00000064 .L0 
C:\Users\nesus\AppData\Local\Temp\ccFVTZW4.s:1221   .text.I2C_ReceiveArray:0000006c .L0 
C:\Users\nesus\AppData\Local\Temp\ccFVTZW4.s:1224   .text.I2C_ReceiveArray:0000006e .L0 
C:\Users\nesus\AppData\Local\Temp\ccFVTZW4.s:1227   .text.I2C_ReceiveArray:00000074 .L0 
C:\Users\nesus\AppData\Local\Temp\ccFVTZW4.s:1229   .text.I2C_ReceiveArray:00000076 .L0 
C:\Users\nesus\AppData\Local\Temp\ccFVTZW4.s:1231   .text.I2C_ReceiveArray:00000078 .L0 
C:\Users\nesus\AppData\Local\Temp\ccFVTZW4.s:1234   .text.I2C_ReceiveArray:0000007a .L0 
C:\Users\nesus\AppData\Local\Temp\ccFVTZW4.s:1237   .text.I2C_ReceiveArray:00000080 .L0 
C:\Users\nesus\AppData\Local\Temp\ccFVTZW4.s:1239   .text.I2C_ReceiveArray:00000084 .L0 
C:\Users\nesus\AppData\Local\Temp\ccFVTZW4.s:1241   .text.I2C_ReceiveArray:00000086 .L0 
C:\Users\nesus\AppData\Local\Temp\ccFVTZW4.s:1244   .text.I2C_ReceiveArray:0000008c .L0 
C:\Users\nesus\AppData\Local\Temp\ccFVTZW4.s:1247   .text.I2C_ReceiveArray:00000092 .L0 
C:\Users\nesus\AppData\Local\Temp\ccFVTZW4.s:1250   .text.I2C_ReceiveArray:00000098 .L0 
C:\Users\nesus\AppData\Local\Temp\ccFVTZW4.s:1254   .text.I2C_ReceiveArray:000000a2 .L0 
C:\Users\nesus\AppData\Local\Temp\ccFVTZW4.s:1257   .text.I2C_ReceiveArray:000000a4 .L0 
C:\Users\nesus\AppData\Local\Temp\ccFVTZW4.s:1260   .text.I2C_ReceiveArray:000000aa .L0 
C:\Users\nesus\AppData\Local\Temp\ccFVTZW4.s:1262   .text.I2C_ReceiveArray:000000ac .L0 
C:\Users\nesus\AppData\Local\Temp\ccFVTZW4.s:1264   .text.I2C_ReceiveArray:000000ae .L0 
C:\Users\nesus\AppData\Local\Temp\ccFVTZW4.s:1267   .text.I2C_ReceiveArray:000000b0 .L0 
C:\Users\nesus\AppData\Local\Temp\ccFVTZW4.s:1270   .text.I2C_ReceiveArray:000000b6 .L0 
C:\Users\nesus\AppData\Local\Temp\ccFVTZW4.s:1272   .text.I2C_ReceiveArray:000000ba .L0 
C:\Users\nesus\AppData\Local\Temp\ccFVTZW4.s:1275   .text.I2C_ReceiveArray:000000bc .L0 
C:\Users\nesus\AppData\Local\Temp\ccFVTZW4.s:1277   .text.I2C_ReceiveArray:000000c0 .L0 
C:\Users\nesus\AppData\Local\Temp\ccFVTZW4.s:1280   .text.I2C_ReceiveArray:000000c2 .L0 
C:\Users\nesus\AppData\Local\Temp\ccFVTZW4.s:1284   .text.I2C_ReceiveArray:000000cc .L0 
C:\Users\nesus\AppData\Local\Temp\ccFVTZW4.s:1287   .text.I2C_ReceiveArray:000000ce .L0 
C:\Users\nesus\AppData\Local\Temp\ccFVTZW4.s:1290   .text.I2C_ReceiveArray:000000d4 .L0 
C:\Users\nesus\AppData\Local\Temp\ccFVTZW4.s:1292   .text.I2C_ReceiveArray:000000d6 .L0 
C:\Users\nesus\AppData\Local\Temp\ccFVTZW4.s:1294   .text.I2C_ReceiveArray:000000d8 .L0 
C:\Users\nesus\AppData\Local\Temp\ccFVTZW4.s:1297   .text.I2C_ReceiveArray:000000de .L0 
C:\Users\nesus\AppData\Local\Temp\ccFVTZW4.s:1299   .text.I2C_ReceiveArray:000000e2 .L0 
C:\Users\nesus\AppData\Local\Temp\ccFVTZW4.s:1302   .text.I2C_ReceiveArray:000000ea .L0 
C:\Users\nesus\AppData\Local\Temp\ccFVTZW4.s:1306   .text.I2C_ReceiveArray:000000f4 .L0 
C:\Users\nesus\AppData\Local\Temp\ccFVTZW4.s:1309   .text.I2C_ReceiveArray:000000fe .L0 
C:\Users\nesus\AppData\Local\Temp\ccFVTZW4.s:1314   .text.I2C_ReceiveArray:00000108 .L0 
C:\Users\nesus\AppData\Local\Temp\ccFVTZW4.s:1317   .text.I2C_ReceiveArray:0000010e .L0 
C:\Users\nesus\AppData\Local\Temp\ccFVTZW4.s:1321   .text.I2C_ReceiveArray:00000116 .L0 
C:\Users\nesus\AppData\Local\Temp\ccFVTZW4.s:1325   .text.I2C_ReceiveArray:00000120 .L0 
C:\Users\nesus\AppData\Local\Temp\ccFVTZW4.s:1328   .text.I2C_ReceiveArray:00000122 .L0 
C:\Users\nesus\AppData\Local\Temp\ccFVTZW4.s:1331   .text.I2C_ReceiveArray:00000128 .L0 
C:\Users\nesus\AppData\Local\Temp\ccFVTZW4.s:1333   .text.I2C_ReceiveArray:0000012a .L0 
C:\Users\nesus\AppData\Local\Temp\ccFVTZW4.s:1335   .text.I2C_ReceiveArray:0000012c .L0 
C:\Users\nesus\AppData\Local\Temp\ccFVTZW4.s:1338   .text.I2C_ReceiveArray:00000132 .L0 
C:\Users\nesus\AppData\Local\Temp\ccFVTZW4.s:1340   .text.I2C_ReceiveArray:00000136 .L0 
C:\Users\nesus\AppData\Local\Temp\ccFVTZW4.s:1343   .text.I2C_ReceiveArray:0000013e .L0 
C:\Users\nesus\AppData\Local\Temp\ccFVTZW4.s:1346   .text.I2C_ReceiveArray:00000148 .L0 
C:\Users\nesus\AppData\Local\Temp\ccFVTZW4.s:1348   .text.I2C_ReceiveArray:0000014a .L0 
C:\Users\nesus\AppData\Local\Temp\ccFVTZW4.s:1349   .text.I2C_ReceiveArray:0000014c .L0 
C:\Users\nesus\AppData\Local\Temp\ccFVTZW4.s:1351   .text.I2C_ReceiveArray:0000014e .L0 
C:\Users\nesus\AppData\Local\Temp\ccFVTZW4.s:1352   .text.I2C_ReceiveArray:0000014e .L0 
C:\Users\nesus\AppData\Local\Temp\ccFVTZW4.s:1354   .text.I2C_ReceiveArray:00000150 .L0 
C:\Users\nesus\AppData\Local\Temp\ccFVTZW4.s:1356   .text.I2C_ReceiveArray:00000152 .L0 
C:\Users\nesus\AppData\Local\Temp\ccFVTZW4.s:1363   .text.I2C_SendBytes:00000000 I2C_SendBytes
C:\Users\nesus\AppData\Local\Temp\ccFVTZW4.s:1366   .text.I2C_SendBytes:00000000 .L0 
C:\Users\nesus\AppData\Local\Temp\ccFVTZW4.s:1367   .text.I2C_SendBytes:00000000 $xrv32i2p1_m2p0_c2p0_zicsr2p0_zmmul1p0
C:\Users\nesus\AppData\Local\Temp\ccFVTZW4.s:1367   .text.I2C_SendBytes:00000000 .L0 
C:\Users\nesus\AppData\Local\Temp\ccFVTZW4.s:1368   .text.I2C_SendBytes:00000002 .L0 
C:\Users\nesus\AppData\Local\Temp\ccFVTZW4.s:1371   .text.I2C_SendBytes:00000006 .L0 
C:\Users\nesus\AppData\Local\Temp\ccFVTZW4.s:1372   .text.I2C_SendBytes:00000006 .L0 
C:\Users\nesus\AppData\Local\Temp\ccFVTZW4.s:1374   .text.I2C_SendBytes:00000008 .L0 
C:\Users\nesus\AppData\Local\Temp\ccFVTZW4.s:1383   .text.I2C_SendBytes:00000020 .L0 
C:\Users\nesus\AppData\Local\Temp\ccFVTZW4.s:1385   .text.I2C_SendBytes:00000024 .L0 
C:\Users\nesus\AppData\Local\Temp\ccFVTZW4.s:1388   .text.I2C_SendBytes:00000026 .L0 
C:\Users\nesus\AppData\Local\Temp\ccFVTZW4.s:1394   .text.I2C_SendBytes:00000038 .L0 
C:\Users\nesus\AppData\Local\Temp\ccFVTZW4.s:1398   .text.I2C_SendBytes:00000042 .L0 
C:\Users\nesus\AppData\Local\Temp\ccFVTZW4.s:1405   .text.I2C_SendBytes:0000005a .L0 
C:\Users\nesus\AppData\Local\Temp\ccFVTZW4.s:1410   .text.I2C_SendBytes:00000064 .L0 
C:\Users\nesus\AppData\Local\Temp\ccFVTZW4.s:1414   .text.I2C_SendBytes:00000070 .L0 
C:\Users\nesus\AppData\Local\Temp\ccFVTZW4.s:1417   .text.I2C_SendBytes:00000076 .L0 
C:\Users\nesus\AppData\Local\Temp\ccFVTZW4.s:1419   .text.I2C_SendBytes:00000078 .L0 
C:\Users\nesus\AppData\Local\Temp\ccFVTZW4.s:1420   .text.I2C_SendBytes:00000078 .L0 
C:\Users\nesus\AppData\Local\Temp\ccFVTZW4.s:1422   .text.I2C_SendBytes:0000007a .L0 
C:\Users\nesus\AppData\Local\Temp\ccFVTZW4.s:1424   .text.I2C_SendBytes:0000007c .L0 
C:\Users\nesus\AppData\Local\Temp\ccFVTZW4.s:1431   .text.I2C_ReadBytes:00000000 I2C_ReadBytes
C:\Users\nesus\AppData\Local\Temp\ccFVTZW4.s:1434   .text.I2C_ReadBytes:00000000 .L0 
C:\Users\nesus\AppData\Local\Temp\ccFVTZW4.s:1435   .text.I2C_ReadBytes:00000000 $xrv32i2p1_m2p0_c2p0_zicsr2p0_zmmul1p0
C:\Users\nesus\AppData\Local\Temp\ccFVTZW4.s:1435   .text.I2C_ReadBytes:00000000 .L0 
C:\Users\nesus\AppData\Local\Temp\ccFVTZW4.s:1436   .text.I2C_ReadBytes:00000002 .L0 
C:\Users\nesus\AppData\Local\Temp\ccFVTZW4.s:1440   .text.I2C_ReadBytes:00000008 .L0 
C:\Users\nesus\AppData\Local\Temp\ccFVTZW4.s:1441   .text.I2C_ReadBytes:00000008 .L0 
C:\Users\nesus\AppData\Local\Temp\ccFVTZW4.s:1442   .text.I2C_ReadBytes:00000008 .L0 
C:\Users\nesus\AppData\Local\Temp\ccFVTZW4.s:1444   .text.I2C_ReadBytes:0000000a .L0 
C:\Users\nesus\AppData\Local\Temp\ccFVTZW4.s:1453   .text.I2C_ReadBytes:00000022 .L0 
C:\Users\nesus\AppData\Local\Temp\ccFVTZW4.s:1455   .text.I2C_ReadBytes:00000026 .L0 
C:\Users\nesus\AppData\Local\Temp\ccFVTZW4.s:1458   .text.I2C_ReadBytes:00000028 .L0 
C:\Users\nesus\AppData\Local\Temp\ccFVTZW4.s:1464   .text.I2C_ReadBytes:0000003a .L0 
C:\Users\nesus\AppData\Local\Temp\ccFVTZW4.s:1468   .text.I2C_ReadBytes:00000046 .L0 
C:\Users\nesus\AppData\Local\Temp\ccFVTZW4.s:1475   .text.I2C_ReadBytes:0000005c .L0 
C:\Users\nesus\AppData\Local\Temp\ccFVTZW4.s:1477   .text.I2C_ReadBytes:00000060 .L0 
C:\Users\nesus\AppData\Local\Temp\ccFVTZW4.s:1482   .text.I2C_ReadBytes:0000006a .L0 
C:\Users\nesus\AppData\Local\Temp\ccFVTZW4.s:1486   .text.I2C_ReadBytes:00000076 .L0 
C:\Users\nesus\AppData\Local\Temp\ccFVTZW4.s:1489   .text.I2C_ReadBytes:0000007c .L0 
C:\Users\nesus\AppData\Local\Temp\ccFVTZW4.s:1491   .text.I2C_ReadBytes:0000007e .L0 
C:\Users\nesus\AppData\Local\Temp\ccFVTZW4.s:1492   .text.I2C_ReadBytes:0000007e .L0 
C:\Users\nesus\AppData\Local\Temp\ccFVTZW4.s:1494   .text.I2C_ReadBytes:00000080 .L0 
C:\Users\nesus\AppData\Local\Temp\ccFVTZW4.s:1496   .text.I2C_ReadBytes:00000082 .L0 
C:\Users\nesus\AppData\Local\Temp\ccFVTZW4.s:1498   .text.I2C_ReadBytes:00000084 .L0 
C:\Users\nesus\AppData\Local\Temp\ccFVTZW4.s:1505   .text.I2C_InterruptOpen:00000000 I2C_InterruptOpen
C:\Users\nesus\AppData\Local\Temp\ccFVTZW4.s:1508   .text.I2C_InterruptOpen:00000000 .L0 
C:\Users\nesus\AppData\Local\Temp\ccFVTZW4.s:1509   .text.I2C_InterruptOpen:00000000 $xrv32i2p1_m2p0_c2p0_zicsr2p0_zmmul1p0
C:\Users\nesus\AppData\Local\Temp\ccFVTZW4.s:1509   .text.I2C_InterruptOpen:00000000 .L0 
C:\Users\nesus\AppData\Local\Temp\ccFVTZW4.s:1510   .text.I2C_InterruptOpen:00000002 .L0 
C:\Users\nesus\AppData\Local\Temp\ccFVTZW4.s:1513   .text.I2C_InterruptOpen:00000006 .L0 
C:\Users\nesus\AppData\Local\Temp\ccFVTZW4.s:1514   .text.I2C_InterruptOpen:00000006 .L0 
C:\Users\nesus\AppData\Local\Temp\ccFVTZW4.s:1516   .text.I2C_InterruptOpen:00000008 .L0 
C:\Users\nesus\AppData\Local\Temp\ccFVTZW4.s:1519   .text.I2C_InterruptOpen:0000000c .L0 
C:\Users\nesus\AppData\Local\Temp\ccFVTZW4.s:1523   .text.I2C_InterruptOpen:00000016 .L0 
C:\Users\nesus\AppData\Local\Temp\ccFVTZW4.s:1525   .text.I2C_InterruptOpen:0000001a .L0 
C:\Users\nesus\AppData\Local\Temp\ccFVTZW4.s:1527   .text.I2C_InterruptOpen:0000001c .L0 
C:\Users\nesus\AppData\Local\Temp\ccFVTZW4.s:1528   .text.I2C_InterruptOpen:0000001c .L0 
C:\Users\nesus\AppData\Local\Temp\ccFVTZW4.s:1530   .text.I2C_InterruptOpen:0000001e .L0 
C:\Users\nesus\AppData\Local\Temp\ccFVTZW4.s:1532   .text.I2C_InterruptOpen:00000020 .L0 
C:\Users\nesus\AppData\Local\Temp\ccFVTZW4.s:1539   .text.I2C_InterruptClose:00000000 I2C_InterruptClose
C:\Users\nesus\AppData\Local\Temp\ccFVTZW4.s:1542   .text.I2C_InterruptClose:00000000 .L0 
C:\Users\nesus\AppData\Local\Temp\ccFVTZW4.s:1543   .text.I2C_InterruptClose:00000000 $xrv32i2p1_m2p0_c2p0_zicsr2p0_zmmul1p0
C:\Users\nesus\AppData\Local\Temp\ccFVTZW4.s:1543   .text.I2C_InterruptClose:00000000 .L0 
C:\Users\nesus\AppData\Local\Temp\ccFVTZW4.s:1544   .text.I2C_InterruptClose:00000002 .L0 
C:\Users\nesus\AppData\Local\Temp\ccFVTZW4.s:1547   .text.I2C_InterruptClose:00000006 .L0 
C:\Users\nesus\AppData\Local\Temp\ccFVTZW4.s:1548   .text.I2C_InterruptClose:00000006 .L0 
C:\Users\nesus\AppData\Local\Temp\ccFVTZW4.s:1550   .text.I2C_InterruptClose:00000008 .L0 
C:\Users\nesus\AppData\Local\Temp\ccFVTZW4.s:1553   .text.I2C_InterruptClose:0000000c .L0 
C:\Users\nesus\AppData\Local\Temp\ccFVTZW4.s:1556   .text.I2C_InterruptClose:00000012 .L0 
C:\Users\nesus\AppData\Local\Temp\ccFVTZW4.s:1560   .text.I2C_InterruptClose:0000001c .L0 
C:\Users\nesus\AppData\Local\Temp\ccFVTZW4.s:1562   .text.I2C_InterruptClose:00000020 .L0 
C:\Users\nesus\AppData\Local\Temp\ccFVTZW4.s:1564   .text.I2C_InterruptClose:00000022 .L0 
C:\Users\nesus\AppData\Local\Temp\ccFVTZW4.s:1565   .text.I2C_InterruptClose:00000022 .L0 
C:\Users\nesus\AppData\Local\Temp\ccFVTZW4.s:1567   .text.I2C_InterruptClose:00000024 .L0 
C:\Users\nesus\AppData\Local\Temp\ccFVTZW4.s:1569   .text.I2C_InterruptClose:00000026 .L0 
C:\Users\nesus\AppData\Local\Temp\ccFVTZW4.s:3106   .debug_line_str:00000041 .L0 
C:\Users\nesus\AppData\Local\Temp\ccFVTZW4.s:3106   .debug_line_str:0000006f .L0 
C:\Users\nesus\AppData\Local\Temp\ccFVTZW4.s:3106   .debug_line_str:0000007a .L0 
C:\Users\nesus\AppData\Local\Temp\ccFVTZW4.s:3106   .debug_line_str:000000c0 .L0 
C:\Users\nesus\AppData\Local\Temp\ccFVTZW4.s:3106   .debug_line_str:00000102 .L0 
C:\Users\nesus\AppData\Local\Temp\ccFVTZW4.s:3106   .debug_line_str:0000012e .L0 
C:\Users\nesus\AppData\Local\Temp\ccFVTZW4.s:3106   .debug_line_str:00000136 .L0 
C:\Users\nesus\AppData\Local\Temp\ccFVTZW4.s:3106   .debug_line_str:0000013e .L0 
C:\Users\nesus\AppData\Local\Temp\ccFVTZW4.s:3106   .debug_line_str:0000014f .L0 
C:\Users\nesus\AppData\Local\Temp\ccFVTZW4.s:3106   .debug_line_str:00000159 .L0 
C:\Users\nesus\AppData\Local\Temp\ccFVTZW4.s:60     .text.Delay_ms_i2c:0000003c .L0 
C:\Users\nesus\AppData\Local\Temp\ccFVTZW4.s:94     .text.I2C_Disable:00000020 .L0 
C:\Users\nesus\AppData\Local\Temp\ccFVTZW4.s:131    .text.I2C_Enable:00000026 .L0 
C:\Users\nesus\AppData\Local\Temp\ccFVTZW4.s:187    .text.I2C_Rate_Set:00000052 .L0 
C:\Users\nesus\AppData\Local\Temp\ccFVTZW4.s:250    .text.I2C_Init:00000060 .L0 
C:\Users\nesus\AppData\Local\Temp\ccFVTZW4.s:389    .text.I2C_SendByte:000000d4 .L0 
C:\Users\nesus\AppData\Local\Temp\ccFVTZW4.s:541    .text.I2C_ReceiveByte:000000ea .L0 
C:\Users\nesus\AppData\Local\Temp\ccFVTZW4.s:742    .text.I2C_SendWord:0000014a .L0 
C:\Users\nesus\AppData\Local\Temp\ccFVTZW4.s:956    .text.I2C_ReceiveWord:00000166 .L0 
C:\Users\nesus\AppData\Local\Temp\ccFVTZW4.s:1156   .text.I2C_SendArray:00000146 .L0 
C:\Users\nesus\AppData\Local\Temp\ccFVTZW4.s:1359   .text.I2C_ReceiveArray:00000152 .L0 
C:\Users\nesus\AppData\Local\Temp\ccFVTZW4.s:1427   .text.I2C_SendBytes:0000007c .L0 
C:\Users\nesus\AppData\Local\Temp\ccFVTZW4.s:1501   .text.I2C_ReadBytes:00000084 .L0 
C:\Users\nesus\AppData\Local\Temp\ccFVTZW4.s:1535   .text.I2C_InterruptOpen:00000020 .L0 
C:\Users\nesus\AppData\Local\Temp\ccFVTZW4.s:1572   .text.I2C_InterruptClose:00000026 .L0 
                     .debug_frame:00000000 .L0 
C:\Users\nesus\AppData\Local\Temp\ccFVTZW4.s:42     .text.Delay_ms_i2c:0000002a .L2
C:\Users\nesus\AppData\Local\Temp\ccFVTZW4.s:37     .text.Delay_ms_i2c:00000020 .L3
C:\Users\nesus\AppData\Local\Temp\ccFVTZW4.s:233    .text.I2C_Init:00000054 .L9
C:\Users\nesus\AppData\Local\Temp\ccFVTZW4.s:236    .text.I2C_Init:00000056 .L10
C:\Users\nesus\AppData\Local\Temp\ccFVTZW4.s:286    .text.I2C_SendByte:0000003a .L12
C:\Users\nesus\AppData\Local\Temp\ccFVTZW4.s:296    .text.I2C_SendByte:00000046 .L13
C:\Users\nesus\AppData\Local\Temp\ccFVTZW4.s:314    .text.I2C_SendByte:00000066 .L14
C:\Users\nesus\AppData\Local\Temp\ccFVTZW4.s:324    .text.I2C_SendByte:00000072 .L15
C:\Users\nesus\AppData\Local\Temp\ccFVTZW4.s:345    .text.I2C_SendByte:0000009a .L16
C:\Users\nesus\AppData\Local\Temp\ccFVTZW4.s:355    .text.I2C_SendByte:000000a6 .L17
C:\Users\nesus\AppData\Local\Temp\ccFVTZW4.s:365    .text.I2C_SendByte:000000b4 .L18
C:\Users\nesus\AppData\Local\Temp\ccFVTZW4.s:425    .text.I2C_ReceiveByte:00000038 .L20
C:\Users\nesus\AppData\Local\Temp\ccFVTZW4.s:435    .text.I2C_ReceiveByte:00000044 .L21
C:\Users\nesus\AppData\Local\Temp\ccFVTZW4.s:453    .text.I2C_ReceiveByte:00000064 .L22
C:\Users\nesus\AppData\Local\Temp\ccFVTZW4.s:463    .text.I2C_ReceiveByte:00000070 .L23
C:\Users\nesus\AppData\Local\Temp\ccFVTZW4.s:486    .text.I2C_ReceiveByte:0000009a .L24
C:\Users\nesus\AppData\Local\Temp\ccFVTZW4.s:496    .text.I2C_ReceiveByte:000000a6 .L25
C:\Users\nesus\AppData\Local\Temp\ccFVTZW4.s:510    .text.I2C_ReceiveByte:000000be .L26
C:\Users\nesus\AppData\Local\Temp\ccFVTZW4.s:584    .text.I2C_SendWord:0000004a .L29
C:\Users\nesus\AppData\Local\Temp\ccFVTZW4.s:595    .text.I2C_SendWord:00000060 .L30
C:\Users\nesus\AppData\Local\Temp\ccFVTZW4.s:608    .text.I2C_SendWord:0000007a .L31
C:\Users\nesus\AppData\Local\Temp\ccFVTZW4.s:618    .text.I2C_SendWord:00000086 .L32
C:\Users\nesus\AppData\Local\Temp\ccFVTZW4.s:636    .text.I2C_SendWord:000000a6 .L33
C:\Users\nesus\AppData\Local\Temp\ccFVTZW4.s:646    .text.I2C_SendWord:000000b2 .L34
C:\Users\nesus\AppData\Local\Temp\ccFVTZW4.s:664    .text.I2C_SendWord:000000d2 .L35
C:\Users\nesus\AppData\Local\Temp\ccFVTZW4.s:674    .text.I2C_SendWord:000000de .L36
C:\Users\nesus\AppData\Local\Temp\ccFVTZW4.s:698    .text.I2C_SendWord:00000110 .L37
C:\Users\nesus\AppData\Local\Temp\ccFVTZW4.s:708    .text.I2C_SendWord:0000011c .L38
C:\Users\nesus\AppData\Local\Temp\ccFVTZW4.s:718    .text.I2C_SendWord:0000012a .L39
C:\Users\nesus\AppData\Local\Temp\ccFVTZW4.s:784    .text.I2C_ReceiveWord:00000046 .L41
C:\Users\nesus\AppData\Local\Temp\ccFVTZW4.s:794    .text.I2C_ReceiveWord:00000052 .L42
C:\Users\nesus\AppData\Local\Temp\ccFVTZW4.s:812    .text.I2C_ReceiveWord:00000072 .L43
C:\Users\nesus\AppData\Local\Temp\ccFVTZW4.s:822    .text.I2C_ReceiveWord:0000007e .L44
C:\Users\nesus\AppData\Local\Temp\ccFVTZW4.s:845    .text.I2C_ReceiveWord:000000a8 .L45
C:\Users\nesus\AppData\Local\Temp\ccFVTZW4.s:855    .text.I2C_ReceiveWord:000000b4 .L46
C:\Users\nesus\AppData\Local\Temp\ccFVTZW4.s:869    .text.I2C_ReceiveWord:000000cc .L47
C:\Users\nesus\AppData\Local\Temp\ccFVTZW4.s:891    .text.I2C_ReceiveWord:000000f6 .L48
C:\Users\nesus\AppData\Local\Temp\ccFVTZW4.s:925    .text.I2C_ReceiveWord:0000013a .L49
C:\Users\nesus\AppData\Local\Temp\ccFVTZW4.s:940    .text.I2C_ReceiveWord:00000158 .L50
C:\Users\nesus\AppData\Local\Temp\ccFVTZW4.s:994    .text.I2C_SendArray:00000042 .L53
C:\Users\nesus\AppData\Local\Temp\ccFVTZW4.s:1004   .text.I2C_SendArray:0000004e .L54
C:\Users\nesus\AppData\Local\Temp\ccFVTZW4.s:1022   .text.I2C_SendArray:0000006e .L55
C:\Users\nesus\AppData\Local\Temp\ccFVTZW4.s:1032   .text.I2C_SendArray:0000007a .L56
C:\Users\nesus\AppData\Local\Temp\ccFVTZW4.s:1088   .text.I2C_SendArray:000000dc .L57
C:\Users\nesus\AppData\Local\Temp\ccFVTZW4.s:1059   .text.I2C_SendArray:000000a6 .L58
C:\Users\nesus\AppData\Local\Temp\ccFVTZW4.s:1069   .text.I2C_SendArray:000000b2 .L59
C:\Users\nesus\AppData\Local\Temp\ccFVTZW4.s:1045   .text.I2C_SendArray:0000008c .L60
C:\Users\nesus\AppData\Local\Temp\ccFVTZW4.s:1112   .text.I2C_SendArray:0000010c .L61
C:\Users\nesus\AppData\Local\Temp\ccFVTZW4.s:1122   .text.I2C_SendArray:00000118 .L62
C:\Users\nesus\AppData\Local\Temp\ccFVTZW4.s:1132   .text.I2C_SendArray:00000126 .L63
C:\Users\nesus\AppData\Local\Temp\ccFVTZW4.s:1194   .text.I2C_ReceiveArray:00000042 .L65
C:\Users\nesus\AppData\Local\Temp\ccFVTZW4.s:1204   .text.I2C_ReceiveArray:0000004e .L66
C:\Users\nesus\AppData\Local\Temp\ccFVTZW4.s:1222   .text.I2C_ReceiveArray:0000006e .L67
C:\Users\nesus\AppData\Local\Temp\ccFVTZW4.s:1232   .text.I2C_ReceiveArray:0000007a .L68
C:\Users\nesus\AppData\Local\Temp\ccFVTZW4.s:1255   .text.I2C_ReceiveArray:000000a4 .L69
C:\Users\nesus\AppData\Local\Temp\ccFVTZW4.s:1265   .text.I2C_ReceiveArray:000000b0 .L70
C:\Users\nesus\AppData\Local\Temp\ccFVTZW4.s:1312   .text.I2C_ReceiveArray:00000108 .L71
C:\Users\nesus\AppData\Local\Temp\ccFVTZW4.s:1285   .text.I2C_ReceiveArray:000000ce .L72
C:\Users\nesus\AppData\Local\Temp\ccFVTZW4.s:1278   .text.I2C_ReceiveArray:000000c2 .L73
C:\Users\nesus\AppData\Local\Temp\ccFVTZW4.s:1326   .text.I2C_ReceiveArray:00000122 .L74
C:\Users\nesus\AppData\Local\Temp\ccFVTZW4.s:1408   .text.I2C_SendBytes:00000064 .L77
C:\Users\nesus\AppData\Local\Temp\ccFVTZW4.s:1386   .text.I2C_SendBytes:00000026 .L78
C:\Users\nesus\AppData\Local\Temp\ccFVTZW4.s:1480   .text.I2C_ReadBytes:0000006a .L80
C:\Users\nesus\AppData\Local\Temp\ccFVTZW4.s:1456   .text.I2C_ReadBytes:00000028 .L81
C:\Users\nesus\AppData\Local\Temp\ccFVTZW4.s:2381   .debug_abbrev:00000000 .Ldebug_abbrev0
C:\Users\nesus\AppData\Local\Temp\ccFVTZW4.s:2996   .debug_str:00000072 .LASF61
C:\Users\nesus\AppData\Local\Temp\ccFVTZW4.s:3103   .debug_line_str:0000002e .LASF0
C:\Users\nesus\AppData\Local\Temp\ccFVTZW4.s:3101   .debug_line_str:00000000 .LASF1
C:\Users\nesus\AppData\Local\Temp\ccFVTZW4.s:2927   .debug_rnglists:0000000c .LLRL0
C:\Users\nesus\AppData\Local\Temp\ccFVTZW4.s:2976   .debug_line:00000000 .Ldebug_line0
C:\Users\nesus\AppData\Local\Temp\ccFVTZW4.s:2990   .debug_str:00000050 .LASF2
C:\Users\nesus\AppData\Local\Temp\ccFVTZW4.s:2980   .debug_str:0000000d .LASF5
C:\Users\nesus\AppData\Local\Temp\ccFVTZW4.s:3064   .debug_str:000002c7 .LASF3
C:\Users\nesus\AppData\Local\Temp\ccFVTZW4.s:3066   .debug_str:000002d5 .LASF4
C:\Users\nesus\AppData\Local\Temp\ccFVTZW4.s:3080   .debug_str:00000325 .LASF6
C:\Users\nesus\AppData\Local\Temp\ccFVTZW4.s:3022   .debug_str:000001ee .LASF7
C:\Users\nesus\AppData\Local\Temp\ccFVTZW4.s:3084   .debug_str:0000033c .LASF8
C:\Users\nesus\AppData\Local\Temp\ccFVTZW4.s:2994   .debug_str:00000069 .LASF9
C:\Users\nesus\AppData\Local\Temp\ccFVTZW4.s:3004   .debug_str:0000017e .LASF10
C:\Users\nesus\AppData\Local\Temp\ccFVTZW4.s:3014   .debug_str:000001c8 .LASF11
C:\Users\nesus\AppData\Local\Temp\ccFVTZW4.s:2988   .debug_str:00000042 .LASF12
C:\Users\nesus\AppData\Local\Temp\ccFVTZW4.s:2984   .debug_str:0000001c .LASF13
C:\Users\nesus\AppData\Local\Temp\ccFVTZW4.s:3008   .debug_str:00000195 .LASF14
C:\Users\nesus\AppData\Local\Temp\ccFVTZW4.s:3094   .debug_str:0000037d .LASF15
C:\Users\nesus\AppData\Local\Temp\ccFVTZW4.s:2998   .debug_str:0000015b .LASF16
C:\Users\nesus\AppData\Local\Temp\ccFVTZW4.s:3062   .debug_str:000002bf .LASF17
C:\Users\nesus\AppData\Local\Temp\ccFVTZW4.s:3074   .debug_str:00000304 .LASF18
C:\Users\nesus\AppData\Local\Temp\ccFVTZW4.s:3046   .debug_str:00000264 .LASF19
C:\Users\nesus\AppData\Local\Temp\ccFVTZW4.s:3078   .debug_str:00000320 .LASF20
C:\Users\nesus\AppData\Local\Temp\ccFVTZW4.s:2982   .debug_str:00000017 .LASF21
C:\Users\nesus\AppData\Local\Temp\ccFVTZW4.s:3060   .debug_str:000002b7 .LASF22
C:\Users\nesus\AppData\Local\Temp\ccFVTZW4.s:3012   .debug_str:000001b5 .LASF23
C:\Users\nesus\AppData\Local\Temp\ccFVTZW4.s:3010   .debug_str:000001a2 .LASF24
C:\Users\nesus\AppData\Local\Temp\ccFVTZW4.s:1540   .text.I2C_InterruptClose:00000000 .LFB17
C:\Users\nesus\AppData\Local\Temp\ccFVTZW4.s:1570   .text.I2C_InterruptClose:00000026 .LFE17
C:\Users\nesus\AppData\Local\Temp\ccFVTZW4.s:3030   .debug_str:0000021b .LASF26
C:\Users\nesus\AppData\Local\Temp\ccFVTZW4.s:3002   .debug_str:0000016c .LASF25
C:\Users\nesus\AppData\Local\Temp\ccFVTZW4.s:1506   .text.I2C_InterruptOpen:00000000 .LFB16
C:\Users\nesus\AppData\Local\Temp\ccFVTZW4.s:1533   .text.I2C_InterruptOpen:00000020 .LFE16
C:\Users\nesus\AppData\Local\Temp\ccFVTZW4.s:3068   .debug_str:000002df .LASF27
C:\Users\nesus\AppData\Local\Temp\ccFVTZW4.s:1432   .text.I2C_ReadBytes:00000000 .LFB15
C:\Users\nesus\AppData\Local\Temp\ccFVTZW4.s:1499   .text.I2C_ReadBytes:00000084 .LFE15
C:\Users\nesus\AppData\Local\Temp\ccFVTZW4.s:3006   .debug_str:00000189 .LASF28
C:\Users\nesus\AppData\Local\Temp\ccFVTZW4.s:3076   .debug_str:0000030d .LASF29
C:\Users\nesus\AppData\Local\Temp\ccFVTZW4.s:3020   .debug_str:000001e9 .LASF30
C:\Users\nesus\AppData\Local\Temp\ccFVTZW4.s:3028   .debug_str:00000212 .LASF31
C:\Users\nesus\AppData\Local\Temp\ccFVTZW4.s:3050   .debug_str:0000027c .LASF32
C:\Users\nesus\AppData\Local\Temp\ccFVTZW4.s:1364   .text.I2C_SendBytes:00000000 .LFB14
C:\Users\nesus\AppData\Local\Temp\ccFVTZW4.s:1425   .text.I2C_SendBytes:0000007c .LFE14
C:\Users\nesus\AppData\Local\Temp\ccFVTZW4.s:3092   .debug_str:0000036c .LASF33
C:\Users\nesus\AppData\Local\Temp\ccFVTZW4.s:1161   .text.I2C_ReceiveArray:00000000 .LFB13
C:\Users\nesus\AppData\Local\Temp\ccFVTZW4.s:1357   .text.I2C_ReceiveArray:00000152 .LFE13
C:\Users\nesus\AppData\Local\Temp\ccFVTZW4.s:3086   .debug_str:00000346 .LASF34
C:\Users\nesus\AppData\Local\Temp\ccFVTZW4.s:3038   .debug_str:00000243 .LASF35
C:\Users\nesus\AppData\Local\Temp\ccFVTZW4.s:3058   .debug_str:000002a8 .LASF36
C:\Users\nesus\AppData\Local\Temp\ccFVTZW4.s:2986   .debug_str:00000033 .LASF37
C:\Users\nesus\AppData\Local\Temp\ccFVTZW4.s:3024   .debug_str:00000201 .LASF38
C:\Users\nesus\AppData\Local\Temp\ccFVTZW4.s:1273   .text.I2C_ReceiveArray:000000bc .LBB3
C:\Users\nesus\AppData\Local\Temp\ccFVTZW4.s:1319   .text.I2C_ReceiveArray:00000116 .LBE3
C:\Users\nesus\AppData\Local\Temp\ccFVTZW4.s:3072   .debug_str:000002f6 .LASF39
C:\Users\nesus\AppData\Local\Temp\ccFVTZW4.s:961    .text.I2C_SendArray:00000000 .LFB12
C:\Users\nesus\AppData\Local\Temp\ccFVTZW4.s:1154   .text.I2C_SendArray:00000146 .LFE12
C:\Users\nesus\AppData\Local\Temp\ccFVTZW4.s:3036   .debug_str:00000236 .LASF40
C:\Users\nesus\AppData\Local\Temp\ccFVTZW4.s:3016   .debug_str:000001da .LASF41
C:\Users\nesus\AppData\Local\Temp\ccFVTZW4.s:3048   .debug_str:00000270 .LASF42
C:\Users\nesus\AppData\Local\Temp\ccFVTZW4.s:3096   .debug_str:00000385 .LASF43
C:\Users\nesus\AppData\Local\Temp\ccFVTZW4.s:1040   .text.I2C_SendArray:00000086 .LBB2
C:\Users\nesus\AppData\Local\Temp\ccFVTZW4.s:1095   .text.I2C_SendArray:000000ea .LBE2
C:\Users\nesus\AppData\Local\Temp\ccFVTZW4.s:3090   .debug_str:0000035c .LASF50
C:\Users\nesus\AppData\Local\Temp\ccFVTZW4.s:747    .text.I2C_ReceiveWord:00000000 .LFB11
C:\Users\nesus\AppData\Local\Temp\ccFVTZW4.s:954    .text.I2C_ReceiveWord:00000166 .LFE11
C:\Users\nesus\AppData\Local\Temp\ccFVTZW4.s:3052   .debug_str:0000028a .LASF44
C:\Users\nesus\AppData\Local\Temp\ccFVTZW4.s:3054   .debug_str:00000291 .LASF45
C:\Users\nesus\AppData\Local\Temp\ccFVTZW4.s:3026   .debug_str:0000020c .LASF46
C:\Users\nesus\AppData\Local\Temp\ccFVTZW4.s:2978   .debug_str:00000000 .LASF47
C:\Users\nesus\AppData\Local\Temp\ccFVTZW4.s:546    .text.I2C_SendWord:00000000 .LFB10
C:\Users\nesus\AppData\Local\Temp\ccFVTZW4.s:740    .text.I2C_SendWord:0000014a .LFE10
C:\Users\nesus\AppData\Local\Temp\ccFVTZW4.s:3042   .debug_str:00000258 .LASF48
C:\Users\nesus\AppData\Local\Temp\ccFVTZW4.s:3044   .debug_str:0000025e .LASF49
C:\Users\nesus\AppData\Local\Temp\ccFVTZW4.s:3056   .debug_str:00000298 .LASF51
C:\Users\nesus\AppData\Local\Temp\ccFVTZW4.s:394    .text.I2C_ReceiveByte:00000000 .LFB9
C:\Users\nesus\AppData\Local\Temp\ccFVTZW4.s:539    .text.I2C_ReceiveByte:000000ea .LFE9
C:\Users\nesus\AppData\Local\Temp\ccFVTZW4.s:3088   .debug_str:0000034f .LASF52
C:\Users\nesus\AppData\Local\Temp\ccFVTZW4.s:255    .text.I2C_SendByte:00000000 .LFB8
C:\Users\nesus\AppData\Local\Temp\ccFVTZW4.s:387    .text.I2C_SendByte:000000d4 .LFE8
C:\Users\nesus\AppData\Local\Temp\ccFVTZW4.s:3032   .debug_str:00000220 .LASF53
C:\Users\nesus\AppData\Local\Temp\ccFVTZW4.s:192    .text.I2C_Init:00000000 .LFB7
C:\Users\nesus\AppData\Local\Temp\ccFVTZW4.s:248    .text.I2C_Init:00000060 .LFE7
C:\Users\nesus\AppData\Local\Temp\ccFVTZW4.s:3018   .debug_str:000001e4 .LASF54
C:\Users\nesus\AppData\Local\Temp\ccFVTZW4.s:3098   .debug_str:0000038e .LASF55
C:\Users\nesus\AppData\Local\Temp\ccFVTZW4.s:3034   .debug_str:00000229 .LASF56
C:\Users\nesus\AppData\Local\Temp\ccFVTZW4.s:136    .text.I2C_Rate_Set:00000000 .LFB6
C:\Users\nesus\AppData\Local\Temp\ccFVTZW4.s:185    .text.I2C_Rate_Set:00000052 .LFE6
C:\Users\nesus\AppData\Local\Temp\ccFVTZW4.s:3000   .debug_str:00000164 .LASF57
C:\Users\nesus\AppData\Local\Temp\ccFVTZW4.s:3040   .debug_str:0000024d .LASF58
C:\Users\nesus\AppData\Local\Temp\ccFVTZW4.s:99     .text.I2C_Enable:00000000 .LFB5
C:\Users\nesus\AppData\Local\Temp\ccFVTZW4.s:129    .text.I2C_Enable:00000026 .LFE5
C:\Users\nesus\AppData\Local\Temp\ccFVTZW4.s:3082   .debug_str:00000330 .LASF59
C:\Users\nesus\AppData\Local\Temp\ccFVTZW4.s:65     .text.I2C_Disable:00000000 .LFB4
C:\Users\nesus\AppData\Local\Temp\ccFVTZW4.s:92     .text.I2C_Disable:00000020 .LFE4
C:\Users\nesus\AppData\Local\Temp\ccFVTZW4.s:2992   .debug_str:0000005c .LASF62
C:\Users\nesus\AppData\Local\Temp\ccFVTZW4.s:15     .text.Delay_ms_i2c:00000000 .LFB3
C:\Users\nesus\AppData\Local\Temp\ccFVTZW4.s:58     .text.Delay_ms_i2c:0000003c .LFE3
C:\Users\nesus\AppData\Local\Temp\ccFVTZW4.s:3070   .debug_str:000002ed .LASF60
C:\Users\nesus\AppData\Local\Temp\ccFVTZW4.s:1578   .debug_info:00000000 .Ldebug_info0

NO UNDEFINED SYMBOLS
