   1              		.file	"wbspiflash.c"
   2              		.option nopic
   3              		.attribute arch, "rv32i2p1_m2p0_c2p0_zicsr2p0"
   4              		.attribute unaligned_access, 0
   5              		.attribute stack_align, 16
   6              		.text
   7              	.Ltext0:
   8              		.cfi_sections	.debug_frame
   9              		.file 0 "F:\\ALL_PROJECT\\gowin\\GMD_workspace\\my_1\\Debug" "../src/bsp/wbspiflash.c"
  10              		.section	.text.SPI_reset,"ax",@progbits
  11              		.align	1
  12              		.globl	SPI_reset
  14              	SPI_reset:
  15              	.LFB3:
  16              		.file 1 "../src/bsp/wbspiflash.c"
   1:../src/bsp/wbspiflash.c **** /*
   2:../src/bsp/wbspiflash.c ****  ******************************************************************************************
   3:../src/bsp/wbspiflash.c ****  * @file		wbspiflash.c
   4:../src/bsp/wbspiflash.c ****  * @author		GowinSemicoductor
   5:../src/bsp/wbspiflash.c ****  * @device		Gowin_PicoRV32
   6:../src/bsp/wbspiflash.c ****  * @brief		Wishbone SPI_Flash Peripheral.
   7:../src/bsp/wbspiflash.c ****  ******************************************************************************************
   8:../src/bsp/wbspiflash.c ****  */
   9:../src/bsp/wbspiflash.c **** 
  10:../src/bsp/wbspiflash.c **** /* Includes ------------------------------------------------------------------------ */
  11:../src/bsp/wbspiflash.c **** #include "wbspiflash.h"
  12:../src/bsp/wbspiflash.c **** #include <stdio.h>
  13:../src/bsp/wbspiflash.c **** 
  14:../src/bsp/wbspiflash.c **** 
  15:../src/bsp/wbspiflash.c **** /* Definitions --------------------------------------------------------------------- */
  16:../src/bsp/wbspiflash.c **** 
  17:../src/bsp/wbspiflash.c **** void SPI_reset(void)
  18:../src/bsp/wbspiflash.c **** {
  17              		.loc 1 18 1
  18              		.cfi_startproc
  19 0000 4111     		addi	sp,sp,-16
  20              		.cfi_def_cfa_offset 16
  21 0002 06C6     		sw	ra,12(sp)
  22 0004 22C4     		sw	s0,8(sp)
  23              		.cfi_offset 1, -4
  24              		.cfi_offset 8, -8
  25 0006 0008     		addi	s0,sp,16
  26              		.cfi_def_cfa 8, 0
  19:../src/bsp/wbspiflash.c **** 	PICO_WBSPI_FLASH->CTRL |= 0x01;         //Reset SPI
  27              		.loc 1 19 18
  28 0008 B7470011 		li	a5,285229056
  29 000c 985B     		lw	a4,48(a5)
  30 000e B7470011 		li	a5,285229056
  31              		.loc 1 19 25
  32 0012 13671700 		ori	a4,a4,1
  33 0016 98DB     		sw	a4,48(a5)
  20:../src/bsp/wbspiflash.c **** 	while((PICO_WBSPI_FLASH->CTRL & 0x01)); //Wait until SPI reset complete
  34              		.loc 1 20 7
  35 0018 0100     		nop
  36              	.L2:
  37              		.loc 1 20 25 discriminator 1
  38 001a B7470011 		li	a5,285229056
  39 001e 9C5B     		lw	a5,48(a5)
  40              		.loc 1 20 32 discriminator 1
  41 0020 858B     		andi	a5,a5,1
  42              		.loc 1 20 8 discriminator 1
  43 0022 E5FF     		bne	a5,zero,.L2
  21:../src/bsp/wbspiflash.c **** 
  22:../src/bsp/wbspiflash.c **** 	return;
  44              		.loc 1 22 2
  45 0024 0100     		nop
  23:../src/bsp/wbspiflash.c **** }
  46              		.loc 1 23 1
  47 0026 B240     		lw	ra,12(sp)
  48              		.cfi_restore 1
  49 0028 2244     		lw	s0,8(sp)
  50              		.cfi_restore 8
  51              		.cfi_def_cfa 2, 16
  52 002a 4101     		addi	sp,sp,16
  53              		.cfi_def_cfa_offset 0
  54 002c 8280     		jr	ra
  55              		.cfi_endproc
  56              	.LFE3:
  58              		.section	.text.SPI_set_mode,"ax",@progbits
  59              		.align	1
  60              		.globl	SPI_set_mode
  62              	SPI_set_mode:
  63              	.LFB4:
  24:../src/bsp/wbspiflash.c **** 
  25:../src/bsp/wbspiflash.c **** //Select the slave mode or master mode
  26:../src/bsp/wbspiflash.c **** //But need the hardware support
  27:../src/bsp/wbspiflash.c **** void SPI_set_mode(uint32_t spi_mode)
  28:../src/bsp/wbspiflash.c **** {
  64              		.loc 1 28 1
  65              		.cfi_startproc
  66 0000 7971     		addi	sp,sp,-48
  67              		.cfi_def_cfa_offset 48
  68 0002 06D6     		sw	ra,44(sp)
  69 0004 22D4     		sw	s0,40(sp)
  70              		.cfi_offset 1, -4
  71              		.cfi_offset 8, -8
  72 0006 0018     		addi	s0,sp,48
  73              		.cfi_def_cfa 8, 0
  74 0008 232EA4FC 		sw	a0,-36(s0)
  29:../src/bsp/wbspiflash.c **** 	uint32_t buff = PICO_WBSPI_FLASH->TRANSFMT;
  75              		.loc 1 29 34
  76 000c B7470011 		li	a5,285229056
  77              		.loc 1 29 11
  78 0010 9C4B     		lw	a5,16(a5)
  79 0012 2326F4FE 		sw	a5,-20(s0)
  30:../src/bsp/wbspiflash.c **** 	PICO_WBSPI_FLASH->TRANSFMT = (buff & (~(1UL << 2))) + spi_mode;
  80              		.loc 1 30 37
  81 0016 8327C4FE 		lw	a5,-20(s0)
  82 001a 93F6B7FF 		andi	a3,a5,-5
  83              		.loc 1 30 18
  84 001e B7470011 		li	a5,285229056
  85              		.loc 1 30 54
  86 0022 0327C4FD 		lw	a4,-36(s0)
  87 0026 3697     		add	a4,a3,a4
  88              		.loc 1 30 29
  89 0028 98CB     		sw	a4,16(a5)
  31:../src/bsp/wbspiflash.c **** 
  32:../src/bsp/wbspiflash.c **** 	return;
  90              		.loc 1 32 2
  91 002a 0100     		nop
  33:../src/bsp/wbspiflash.c **** }
  92              		.loc 1 33 1
  93 002c B250     		lw	ra,44(sp)
  94              		.cfi_restore 1
  95 002e 2254     		lw	s0,40(sp)
  96              		.cfi_restore 8
  97              		.cfi_def_cfa 2, 48
  98 0030 4561     		addi	sp,sp,48
  99              		.cfi_def_cfa_offset 0
 100 0032 8280     		jr	ra
 101              		.cfi_endproc
 102              	.LFE4:
 104              		.section	.text.SPI_set_addr_format,"ax",@progbits
 105              		.align	1
 106              		.globl	SPI_set_addr_format
 108              	SPI_set_addr_format:
 109              	.LFB5:
  34:../src/bsp/wbspiflash.c **** 
  35:../src/bsp/wbspiflash.c **** //addrLen = SPI_ADDR_LEN_1_BYTE / SPI_ADDR_LEN_2_BYTE / SPI_ADDR_LEN_3_BYTE / SPI_ADDR_LEN_4_BYTE
  36:../src/bsp/wbspiflash.c **** //addrFmt = ADDRFMT_REGULAR / ADDRFMT_ASDATA
  37:../src/bsp/wbspiflash.c **** void SPI_set_addr_format(uint8_t addrEn, uint32_t addrLen, uint32_t addrFmt)
  38:../src/bsp/wbspiflash.c **** {
 110              		.loc 1 38 1
 111              		.cfi_startproc
 112 0000 7971     		addi	sp,sp,-48
 113              		.cfi_def_cfa_offset 48
 114 0002 06D6     		sw	ra,44(sp)
 115 0004 22D4     		sw	s0,40(sp)
 116              		.cfi_offset 1, -4
 117              		.cfi_offset 8, -8
 118 0006 0018     		addi	s0,sp,48
 119              		.cfi_def_cfa 8, 0
 120 0008 AA87     		mv	a5,a0
 121 000a 232CB4FC 		sw	a1,-40(s0)
 122 000e 232AC4FC 		sw	a2,-44(s0)
 123 0012 A30FF4FC 		sb	a5,-33(s0)
  39:../src/bsp/wbspiflash.c **** 	uint32_t buff;
  40:../src/bsp/wbspiflash.c **** 
  41:../src/bsp/wbspiflash.c **** 	if(0 == addrEn)
 124              		.loc 1 41 4
 125 0016 8347F4FD 		lbu	a5,-33(s0)
 126 001a A9CB     		beq	a5,zero,.L9
  42:../src/bsp/wbspiflash.c **** 	{
  43:../src/bsp/wbspiflash.c **** 		return;
  44:../src/bsp/wbspiflash.c **** 	}
  45:../src/bsp/wbspiflash.c **** 	else
  46:../src/bsp/wbspiflash.c **** 	{
  47:../src/bsp/wbspiflash.c **** 		//Set the address enable && address format
  48:../src/bsp/wbspiflash.c **** 		buff = PICO_WBSPI_FLASH->TRANSCTRL;
 127              		.loc 1 48 26
 128 001c B7470011 		li	a5,285229056
 129              		.loc 1 48 8
 130 0020 9C53     		lw	a5,32(a5)
 131 0022 2326F4FE 		sw	a5,-20(s0)
  49:../src/bsp/wbspiflash.c **** 		PICO_WBSPI_FLASH->TRANSCTRL = (buff & (~(3UL << 28))) + addrFmt + SPI_ADDREN;
 132              		.loc 1 49 39
 133 0026 0327C4FE 		lw	a4,-20(s0)
 134 002a B70700D0 		li	a5,-805306368
 135 002e FD17     		addi	a5,a5,-1
 136 0030 7D8F     		and	a4,a4,a5
 137              		.loc 1 49 57
 138 0032 832744FD 		lw	a5,-44(s0)
 139 0036 B306F700 		add	a3,a4,a5
 140              		.loc 1 49 19
 141 003a B7470011 		li	a5,285229056
 142              		.loc 1 49 67
 143 003e 37070020 		li	a4,536870912
 144 0042 3697     		add	a4,a3,a4
 145              		.loc 1 49 31
 146 0044 98D3     		sw	a4,32(a5)
  50:../src/bsp/wbspiflash.c **** 
  51:../src/bsp/wbspiflash.c **** 		//Set the width of the address length
  52:../src/bsp/wbspiflash.c **** 		buff = PICO_WBSPI_FLASH->TRANSFMT;
 147              		.loc 1 52 26
 148 0046 B7470011 		li	a5,285229056
 149              		.loc 1 52 8
 150 004a 9C4B     		lw	a5,16(a5)
 151 004c 2326F4FE 		sw	a5,-20(s0)
  53:../src/bsp/wbspiflash.c **** 		PICO_WBSPI_FLASH->TRANSFMT  = (buff & (~(3UL << 16))) + addrLen;
 152              		.loc 1 53 39
 153 0050 0327C4FE 		lw	a4,-20(s0)
 154 0054 B707FDFF 		li	a5,-196608
 155 0058 FD17     		addi	a5,a5,-1
 156 005a B376F700 		and	a3,a4,a5
 157              		.loc 1 53 19
 158 005e B7470011 		li	a5,285229056
 159              		.loc 1 53 57
 160 0062 032784FD 		lw	a4,-40(s0)
 161 0066 3697     		add	a4,a3,a4
 162              		.loc 1 53 31
 163 0068 98CB     		sw	a4,16(a5)
  54:../src/bsp/wbspiflash.c **** 	}
  55:../src/bsp/wbspiflash.c **** 
  56:../src/bsp/wbspiflash.c **** 	return;
 164              		.loc 1 56 2
 165 006a 11A0     		j	.L6
 166              	.L9:
  43:../src/bsp/wbspiflash.c **** 	}
 167              		.loc 1 43 3
 168 006c 0100     		nop
 169              	.L6:
  57:../src/bsp/wbspiflash.c **** }
 170              		.loc 1 57 1
 171 006e B250     		lw	ra,44(sp)
 172              		.cfi_restore 1
 173 0070 2254     		lw	s0,40(sp)
 174              		.cfi_restore 8
 175              		.cfi_def_cfa 2, 48
 176 0072 4561     		addi	sp,sp,48
 177              		.cfi_def_cfa_offset 0
 178 0074 8280     		jr	ra
 179              		.cfi_endproc
 180              	.LFE5:
 182              		.section	.text.SPI_set_cmd_format,"ax",@progbits
 183              		.align	1
 184              		.globl	SPI_set_cmd_format
 186              	SPI_set_cmd_format:
 187              	.LFB6:
  58:../src/bsp/wbspiflash.c **** 
  59:../src/bsp/wbspiflash.c **** void SPI_set_cmd_format(uint8_t cmdEn)
  60:../src/bsp/wbspiflash.c **** {
 188              		.loc 1 60 1
 189              		.cfi_startproc
 190 0000 7971     		addi	sp,sp,-48
 191              		.cfi_def_cfa_offset 48
 192 0002 06D6     		sw	ra,44(sp)
 193 0004 22D4     		sw	s0,40(sp)
 194              		.cfi_offset 1, -4
 195              		.cfi_offset 8, -8
 196 0006 0018     		addi	s0,sp,48
 197              		.cfi_def_cfa 8, 0
 198 0008 AA87     		mv	a5,a0
 199 000a A30FF4FC 		sb	a5,-33(s0)
  61:../src/bsp/wbspiflash.c **** 	uint32_t buff;
  62:../src/bsp/wbspiflash.c **** 
  63:../src/bsp/wbspiflash.c **** 	if(0 == cmdEn)
 200              		.loc 1 63 4
 201 000e 8347F4FD 		lbu	a5,-33(s0)
 202 0012 85C7     		beq	a5,zero,.L13
  64:../src/bsp/wbspiflash.c **** 	{
  65:../src/bsp/wbspiflash.c **** 		return;
  66:../src/bsp/wbspiflash.c **** 	}
  67:../src/bsp/wbspiflash.c **** 
  68:../src/bsp/wbspiflash.c **** 	else
  69:../src/bsp/wbspiflash.c **** 	{
  70:../src/bsp/wbspiflash.c **** 		//Open the SPI command phase
  71:../src/bsp/wbspiflash.c **** 		buff = PICO_WBSPI_FLASH->TRANSCTRL;
 203              		.loc 1 71 26
 204 0014 B7470011 		li	a5,285229056
 205              		.loc 1 71 8
 206 0018 9C53     		lw	a5,32(a5)
 207 001a 2326F4FE 		sw	a5,-20(s0)
  72:../src/bsp/wbspiflash.c **** 		PICO_WBSPI_FLASH->TRANSCTRL = (buff & (~(1UL << 30))) + SPI_CMDEN;
 208              		.loc 1 72 39
 209 001e 0327C4FE 		lw	a4,-20(s0)
 210 0022 B70700C0 		li	a5,-1073741824
 211 0026 FD17     		addi	a5,a5,-1
 212 0028 B376F700 		and	a3,a4,a5
 213              		.loc 1 72 19
 214 002c B7470011 		li	a5,285229056
 215              		.loc 1 72 57
 216 0030 37070040 		li	a4,1073741824
 217 0034 3697     		add	a4,a3,a4
 218              		.loc 1 72 31
 219 0036 98D3     		sw	a4,32(a5)
  73:../src/bsp/wbspiflash.c **** 	}
  74:../src/bsp/wbspiflash.c **** 
  75:../src/bsp/wbspiflash.c **** 	return;
 220              		.loc 1 75 2
 221 0038 11A0     		j	.L10
 222              	.L13:
  65:../src/bsp/wbspiflash.c **** 	}
 223              		.loc 1 65 3
 224 003a 0100     		nop
 225              	.L10:
  76:../src/bsp/wbspiflash.c **** }
 226              		.loc 1 76 1
 227 003c B250     		lw	ra,44(sp)
 228              		.cfi_restore 1
 229 003e 2254     		lw	s0,40(sp)
 230              		.cfi_restore 8
 231              		.cfi_def_cfa 2, 48
 232 0040 4561     		addi	sp,sp,48
 233              		.cfi_def_cfa_offset 0
 234 0042 8280     		jr	ra
 235              		.cfi_endproc
 236              	.LFE6:
 238              		.section	.text.SPI_set_data_format,"ax",@progbits
 239              		.align	1
 240              		.globl	SPI_set_data_format
 242              	SPI_set_data_format:
 243              	.LFB7:
  77:../src/bsp/wbspiflash.c **** 
  78:../src/bsp/wbspiflash.c **** //dataMerge takes effect only when data length is 8
  79:../src/bsp/wbspiflash.c **** void SPI_set_data_format(uint8_t dataBits, uint8_t dataMerge)
  80:../src/bsp/wbspiflash.c **** {
 244              		.loc 1 80 1
 245              		.cfi_startproc
 246 0000 7971     		addi	sp,sp,-48
 247              		.cfi_def_cfa_offset 48
 248 0002 06D6     		sw	ra,44(sp)
 249 0004 22D4     		sw	s0,40(sp)
 250              		.cfi_offset 1, -4
 251              		.cfi_offset 8, -8
 252 0006 0018     		addi	s0,sp,48
 253              		.cfi_def_cfa 8, 0
 254 0008 AA87     		mv	a5,a0
 255 000a 2E87     		mv	a4,a1
 256 000c A30FF4FC 		sb	a5,-33(s0)
 257 0010 BA87     		mv	a5,a4
 258 0012 230FF4FC 		sb	a5,-34(s0)
  81:../src/bsp/wbspiflash.c **** 	uint32_t buff;
  82:../src/bsp/wbspiflash.c **** 
  83:../src/bsp/wbspiflash.c **** 	buff = PICO_WBSPI_FLASH->TRANSFMT;
 259              		.loc 1 83 25
 260 0016 B7470011 		li	a5,285229056
 261              		.loc 1 83 7
 262 001a 9C4B     		lw	a5,16(a5)
 263 001c 2326F4FE 		sw	a5,-20(s0)
  84:../src/bsp/wbspiflash.c **** 	PICO_WBSPI_FLASH->TRANSFMT = (buff &(~(0xf << 8))) + (((dataBits - 1) & 0xf) << 8);
 264              		.loc 1 84 37
 265 0020 0327C4FE 		lw	a4,-20(s0)
 266 0024 FD77     		li	a5,-4096
 267 0026 9387F70F 		addi	a5,a5,255
 268 002a B376F700 		and	a3,a4,a5
 269              		.loc 1 84 67
 270 002e 8347F4FD 		lbu	a5,-33(s0)
 271 0032 FD17     		addi	a5,a5,-1
 272              		.loc 1 84 79
 273 0034 13978700 		slli	a4,a5,8
 274 0038 8567     		li	a5,4096
 275 003a 938707F0 		addi	a5,a5,-256
 276 003e 7D8F     		and	a4,a4,a5
 277              		.loc 1 84 18
 278 0040 B7470011 		li	a5,285229056
 279              		.loc 1 84 53
 280 0044 558F     		or	a4,a3,a4
 281              		.loc 1 84 29
 282 0046 98CB     		sw	a4,16(a5)
  85:../src/bsp/wbspiflash.c **** 	if(8 == dataBits)
 283              		.loc 1 85 4
 284 0048 0347F4FD 		lbu	a4,-33(s0)
 285 004c A147     		li	a5,8
 286 004e 6315F702 		bne	a4,a5,.L17
  86:../src/bsp/wbspiflash.c **** 	{
  87:../src/bsp/wbspiflash.c **** 		buff = PICO_WBSPI_FLASH->TRANSFMT;
 287              		.loc 1 87 26
 288 0052 B7470011 		li	a5,285229056
 289              		.loc 1 87 8
 290 0056 9C4B     		lw	a5,16(a5)
 291 0058 2326F4FE 		sw	a5,-20(s0)
  88:../src/bsp/wbspiflash.c **** 		PICO_WBSPI_FLASH->TRANSFMT = (buff &(~(0x1 << 7))) + ((dataMerge & 0x1) << 8);
 292              		.loc 1 88 38
 293 005c 8327C4FE 		lw	a5,-20(s0)
 294 0060 93F6F7F7 		andi	a3,a5,-129
 295              		.loc 1 88 75
 296 0064 8347E4FD 		lbu	a5,-34(s0)
 297 0068 A207     		slli	a5,a5,8
 298 006a 13F70710 		andi	a4,a5,256
 299              		.loc 1 88 19
 300 006e B7470011 		li	a5,285229056
 301              		.loc 1 88 54
 302 0072 3697     		add	a4,a3,a4
 303              		.loc 1 88 30
 304 0074 98CB     		sw	a4,16(a5)
  89:../src/bsp/wbspiflash.c **** 	}
  90:../src/bsp/wbspiflash.c **** 
  91:../src/bsp/wbspiflash.c **** 	return;
 305              		.loc 1 91 2
 306 0076 0100     		nop
 307              	.L17:
 308 0078 0100     		nop
  92:../src/bsp/wbspiflash.c **** }
 309              		.loc 1 92 1
 310 007a B250     		lw	ra,44(sp)
 311              		.cfi_restore 1
 312 007c 2254     		lw	s0,40(sp)
 313              		.cfi_restore 8
 314              		.cfi_def_cfa 2, 48
 315 007e 4561     		addi	sp,sp,48
 316              		.cfi_def_cfa_offset 0
 317 0080 8280     		jr	ra
 318              		.cfi_endproc
 319              	.LFE7:
 321              		.section	.text.SPI_set_transfer_format,"ax",@progbits
 322              		.align	1
 323              		.globl	SPI_set_transfer_format
 325              	SPI_set_transfer_format:
 326              	.LFB8:
  93:../src/bsp/wbspiflash.c **** 
  94:../src/bsp/wbspiflash.c **** //mosiDir = SPI_MOSIBIDIR / SPI_MOSIUINDIR
  95:../src/bsp/wbspiflash.c **** //lsbmsb  = SPI_LSB / SPI_MSB
  96:../src/bsp/wbspiflash.c **** //cpol    = 0 / 1
  97:../src/bsp/wbspiflash.c **** //cpha    = 0 / 1
  98:../src/bsp/wbspiflash.c **** void SPI_set_transfer_format(uint32_t mosiDir, uint32_t lsbmsb, uint32_t cpol, uint32_t cpha)
  99:../src/bsp/wbspiflash.c **** {
 327              		.loc 1 99 1
 328              		.cfi_startproc
 329 0000 7971     		addi	sp,sp,-48
 330              		.cfi_def_cfa_offset 48
 331 0002 06D6     		sw	ra,44(sp)
 332 0004 22D4     		sw	s0,40(sp)
 333              		.cfi_offset 1, -4
 334              		.cfi_offset 8, -8
 335 0006 0018     		addi	s0,sp,48
 336              		.cfi_def_cfa 8, 0
 337 0008 232EA4FC 		sw	a0,-36(s0)
 338 000c 232CB4FC 		sw	a1,-40(s0)
 339 0010 232AC4FC 		sw	a2,-44(s0)
 340 0014 2328D4FC 		sw	a3,-48(s0)
 100:../src/bsp/wbspiflash.c **** 	uint32_t buff;
 101:../src/bsp/wbspiflash.c **** 	uint32_t tmp;
 102:../src/bsp/wbspiflash.c **** 
 103:../src/bsp/wbspiflash.c **** 	buff = PICO_WBSPI_FLASH->TRANSFMT;
 341              		.loc 1 103 25
 342 0018 B7470011 		li	a5,285229056
 343              		.loc 1 103 7
 344 001c 9C4B     		lw	a5,16(a5)
 345 001e 2326F4FE 		sw	a5,-20(s0)
 104:../src/bsp/wbspiflash.c **** 	tmp = mosiDir + lsbmsb + ((cpol & 0x1) << 1) + (cpha & 0x1);
 346              		.loc 1 104 16
 347 0022 0327C4FD 		lw	a4,-36(s0)
 348 0026 832784FD 		lw	a5,-40(s0)
 349 002a 3E97     		add	a4,a4,a5
 350              		.loc 1 104 41
 351 002c 832744FD 		lw	a5,-44(s0)
 352 0030 8607     		slli	a5,a5,1
 353 0032 898B     		andi	a5,a5,2
 354              		.loc 1 104 25
 355 0034 3E97     		add	a4,a4,a5
 356              		.loc 1 104 55
 357 0036 832704FD 		lw	a5,-48(s0)
 358 003a 858B     		andi	a5,a5,1
 359              		.loc 1 104 6
 360 003c BA97     		add	a5,a4,a5
 361 003e 2324F4FE 		sw	a5,-24(s0)
 105:../src/bsp/wbspiflash.c **** 	PICO_WBSPI_FLASH->TRANSFMT = (buff & (~(0x1b))) + tmp;
 362              		.loc 1 105 37
 363 0042 8327C4FE 		lw	a5,-20(s0)
 364 0046 93F647FE 		andi	a3,a5,-28
 365              		.loc 1 105 18
 366 004a B7470011 		li	a5,285229056
 367              		.loc 1 105 50
 368 004e 032784FE 		lw	a4,-24(s0)
 369 0052 3697     		add	a4,a3,a4
 370              		.loc 1 105 29
 371 0054 98CB     		sw	a4,16(a5)
 106:../src/bsp/wbspiflash.c **** 
 107:../src/bsp/wbspiflash.c **** 	return;
 372              		.loc 1 107 2
 373 0056 0100     		nop
 108:../src/bsp/wbspiflash.c **** }
 374              		.loc 1 108 1
 375 0058 B250     		lw	ra,44(sp)
 376              		.cfi_restore 1
 377 005a 2254     		lw	s0,40(sp)
 378              		.cfi_restore 8
 379              		.cfi_def_cfa 2, 48
 380 005c 4561     		addi	sp,sp,48
 381              		.cfi_def_cfa_offset 0
 382 005e 8280     		jr	ra
 383              		.cfi_endproc
 384              	.LFE8:
 386              		.section	.text.SPI_set_trans_ctrl,"ax",@progbits
 387              		.align	1
 388              		.globl	SPI_set_trans_ctrl
 390              	SPI_set_trans_ctrl:
 391              	.LFB9:
 109:../src/bsp/wbspiflash.c **** 
 110:../src/bsp/wbspiflash.c **** //transMode = SPI_TRANSMODE_WRnRD     / SPI_TRANSMODE_WRONLY   / SPI_TRANSMODE_RDONLY    /
 111:../src/bsp/wbspiflash.c **** //            SPI_TRANSMODE_WR_RD     / SPI_TRANSMODE_RD_WR    / SPI_TRANSMODE_WR_DMY_RD /
 112:../src/bsp/wbspiflash.c **** //            SPI_TRANSMODE_RD_DMY_WR / SPI_TRANSMODE_NONEDATA / SPI_TRANSMODE_DMY_WR    /
 113:../src/bsp/wbspiflash.c **** //            SPI_TRANSMODE_DMY_RD
 114:../src/bsp/wbspiflash.c **** //dualQuad  = SPI_REGULAR / SPI_DUAL / SPI_QUAD
 115:../src/bsp/wbspiflash.c **** //dummyCnt  = 1 / 2 / 3 / 4
 116:../src/bsp/wbspiflash.c **** void SPI_set_trans_ctrl(uint32_t transMode, uint32_t dualQuad, uint32_t dummyCnt)
 117:../src/bsp/wbspiflash.c **** {
 392              		.loc 1 117 1
 393              		.cfi_startproc
 394 0000 7971     		addi	sp,sp,-48
 395              		.cfi_def_cfa_offset 48
 396 0002 06D6     		sw	ra,44(sp)
 397 0004 22D4     		sw	s0,40(sp)
 398              		.cfi_offset 1, -4
 399              		.cfi_offset 8, -8
 400 0006 0018     		addi	s0,sp,48
 401              		.cfi_def_cfa 8, 0
 402 0008 232EA4FC 		sw	a0,-36(s0)
 403 000c 232CB4FC 		sw	a1,-40(s0)
 404 0010 232AC4FC 		sw	a2,-44(s0)
 118:../src/bsp/wbspiflash.c **** 	uint32_t buff = PICO_WBSPI_FLASH->TRANSCTRL;
 405              		.loc 1 118 34
 406 0014 B7470011 		li	a5,285229056
 407              		.loc 1 118 11
 408 0018 9C53     		lw	a5,32(a5)
 409 001a 2326F4FE 		sw	a5,-20(s0)
 119:../src/bsp/wbspiflash.c **** 
 120:../src/bsp/wbspiflash.c **** 	PICO_WBSPI_FLASH->TRANSCTRL = buff & (~((0xf << 24) + (0x3 << 22) + (0x3 << 9)));
 410              		.loc 1 120 18
 411 001e B7470011 		li	a5,285229056
 412              		.loc 1 120 37
 413 0022 8326C4FE 		lw	a3,-20(s0)
 414 0026 370740F0 		li	a4,-264241152
 415 002a 1307F79F 		addi	a4,a4,-1537
 416 002e 758F     		and	a4,a3,a4
 417              		.loc 1 120 30
 418 0030 98D3     		sw	a4,32(a5)
 121:../src/bsp/wbspiflash.c **** 	PICO_WBSPI_FLASH->TRANSCTRL += transMode;
 419              		.loc 1 121 18
 420 0032 B7470011 		li	a5,285229056
 421 0036 9453     		lw	a3,32(a5)
 422 0038 B7470011 		li	a5,285229056
 423              		.loc 1 121 30
 424 003c 0327C4FD 		lw	a4,-36(s0)
 425 0040 3697     		add	a4,a3,a4
 426 0042 98D3     		sw	a4,32(a5)
 122:../src/bsp/wbspiflash.c **** 	PICO_WBSPI_FLASH->TRANSCTRL += dualQuad;
 427              		.loc 1 122 18
 428 0044 B7470011 		li	a5,285229056
 429 0048 9453     		lw	a3,32(a5)
 430 004a B7470011 		li	a5,285229056
 431              		.loc 1 122 30
 432 004e 032784FD 		lw	a4,-40(s0)
 433 0052 3697     		add	a4,a3,a4
 434 0054 98D3     		sw	a4,32(a5)
 123:../src/bsp/wbspiflash.c **** 	PICO_WBSPI_FLASH->TRANSCTRL += (((dummyCnt - 1) & 0x3) << 9);
 435              		.loc 1 123 18
 436 0056 B7470011 		li	a5,285229056
 437 005a 9453     		lw	a3,32(a5)
 438              		.loc 1 123 45
 439 005c 832744FD 		lw	a5,-44(s0)
 440 0060 FD17     		addi	a5,a5,-1
 441              		.loc 1 123 57
 442 0062 A607     		slli	a5,a5,9
 443 0064 13F70760 		andi	a4,a5,1536
 444              		.loc 1 123 18
 445 0068 B7470011 		li	a5,285229056
 446              		.loc 1 123 30
 447 006c 3697     		add	a4,a3,a4
 448 006e 98D3     		sw	a4,32(a5)
 124:../src/bsp/wbspiflash.c **** 
 125:../src/bsp/wbspiflash.c **** 	return;
 449              		.loc 1 125 2
 450 0070 0100     		nop
 126:../src/bsp/wbspiflash.c **** }
 451              		.loc 1 126 1
 452 0072 B250     		lw	ra,44(sp)
 453              		.cfi_restore 1
 454 0074 2254     		lw	s0,40(sp)
 455              		.cfi_restore 8
 456              		.cfi_def_cfa 2, 48
 457 0076 4561     		addi	sp,sp,48
 458              		.cfi_def_cfa_offset 0
 459 0078 8280     		jr	ra
 460              		.cfi_endproc
 461              	.LFE9:
 463              		.section	.text.SPI_set_token,"ax",@progbits
 464              		.align	1
 465              		.globl	SPI_set_token
 467              	SPI_set_token:
 468              	.LFB10:
 127:../src/bsp/wbspiflash.c **** 
 128:../src/bsp/wbspiflash.c **** void SPI_set_token(uint8_t tokenEn, uint8_t tokenValue)
 129:../src/bsp/wbspiflash.c **** {
 469              		.loc 1 129 1
 470              		.cfi_startproc
 471 0000 7971     		addi	sp,sp,-48
 472              		.cfi_def_cfa_offset 48
 473 0002 06D6     		sw	ra,44(sp)
 474 0004 22D4     		sw	s0,40(sp)
 475              		.cfi_offset 1, -4
 476              		.cfi_offset 8, -8
 477 0006 0018     		addi	s0,sp,48
 478              		.cfi_def_cfa 8, 0
 479 0008 AA87     		mv	a5,a0
 480 000a 2E87     		mv	a4,a1
 481 000c A30FF4FC 		sb	a5,-33(s0)
 482 0010 BA87     		mv	a5,a4
 483 0012 230FF4FC 		sb	a5,-34(s0)
 130:../src/bsp/wbspiflash.c **** 	uint32_t buff = PICO_WBSPI_FLASH->TRANSCTRL;
 484              		.loc 1 130 34
 485 0016 B7470011 		li	a5,285229056
 486              		.loc 1 130 11
 487 001a 9C53     		lw	a5,32(a5)
 488 001c 2326F4FE 		sw	a5,-20(s0)
 131:../src/bsp/wbspiflash.c **** 
 132:../src/bsp/wbspiflash.c **** 	if(0 == tokenEn)
 489              		.loc 1 132 4
 490 0020 8347F4FD 		lbu	a5,-33(s0)
 491 0024 8DCB     		beq	a5,zero,.L25
 133:../src/bsp/wbspiflash.c **** 	{
 134:../src/bsp/wbspiflash.c **** 		return;
 135:../src/bsp/wbspiflash.c **** 	}
 136:../src/bsp/wbspiflash.c **** 	else
 137:../src/bsp/wbspiflash.c **** 	{
 138:../src/bsp/wbspiflash.c **** 		PICO_WBSPI_FLASH->TRANSCTRL = (buff & (~((1 << 21) + (1 << 11)))) + (1 << 21) + ((tokenValue & 0x
 492              		.loc 1 138 39
 493 0026 0327C4FE 		lw	a4,-20(s0)
 494 002a B7F7DFFF 		li	a5,-2101248
 495 002e 9387F77F 		addi	a5,a5,2047
 496 0032 7D8F     		and	a4,a4,a5
 497              		.loc 1 138 103
 498 0034 8347E4FD 		lbu	a5,-34(s0)
 499 0038 9396B700 		slli	a3,a5,11
 500 003c 8567     		li	a5,4096
 501 003e 93870780 		addi	a5,a5,-2048
 502 0042 F58F     		and	a5,a3,a5
 503              		.loc 1 138 81
 504 0044 B366F700 		or	a3,a4,a5
 505              		.loc 1 138 19
 506 0048 B7470011 		li	a5,285229056
 507              		.loc 1 138 81
 508 004c 37072000 		li	a4,2097152
 509 0050 3697     		add	a4,a3,a4
 510              		.loc 1 138 31
 511 0052 98D3     		sw	a4,32(a5)
 512 0054 11A0     		j	.L22
 513              	.L25:
 134:../src/bsp/wbspiflash.c **** 	}
 514              		.loc 1 134 3
 515 0056 0100     		nop
 516              	.L22:
 139:../src/bsp/wbspiflash.c **** 	}
 140:../src/bsp/wbspiflash.c **** }
 517              		.loc 1 140 1
 518 0058 B250     		lw	ra,44(sp)
 519              		.cfi_restore 1
 520 005a 2254     		lw	s0,40(sp)
 521              		.cfi_restore 8
 522              		.cfi_def_cfa 2, 48
 523 005c 4561     		addi	sp,sp,48
 524              		.cfi_def_cfa_offset 0
 525 005e 8280     		jr	ra
 526              		.cfi_endproc
 527              	.LFE10:
 529              		.section	.text.SPI_tx_fifo_reset,"ax",@progbits
 530              		.align	1
 531              		.globl	SPI_tx_fifo_reset
 533              	SPI_tx_fifo_reset:
 534              	.LFB11:
 141:../src/bsp/wbspiflash.c **** 
 142:../src/bsp/wbspiflash.c **** void SPI_tx_fifo_reset(void)
 143:../src/bsp/wbspiflash.c **** {
 535              		.loc 1 143 1
 536              		.cfi_startproc
 537 0000 4111     		addi	sp,sp,-16
 538              		.cfi_def_cfa_offset 16
 539 0002 06C6     		sw	ra,12(sp)
 540 0004 22C4     		sw	s0,8(sp)
 541              		.cfi_offset 1, -4
 542              		.cfi_offset 8, -8
 543 0006 0008     		addi	s0,sp,16
 544              		.cfi_def_cfa 8, 0
 144:../src/bsp/wbspiflash.c **** 	PICO_WBSPI_FLASH->CTRL |= (0x1 << 2);    //Reset TX FIFO
 545              		.loc 1 144 18
 546 0008 B7470011 		li	a5,285229056
 547 000c 985B     		lw	a4,48(a5)
 548 000e B7470011 		li	a5,285229056
 549              		.loc 1 144 25
 550 0012 13674700 		ori	a4,a4,4
 551 0016 98DB     		sw	a4,48(a5)
 145:../src/bsp/wbspiflash.c **** 	while((PICO_WBSPI_FLASH->CTRL & 0x2)) ;  //Wait TX FIFO reset complete
 552              		.loc 1 145 7
 553 0018 0100     		nop
 554              	.L27:
 555              		.loc 1 145 25 discriminator 1
 556 001a B7470011 		li	a5,285229056
 557 001e 9C5B     		lw	a5,48(a5)
 558              		.loc 1 145 32 discriminator 1
 559 0020 898B     		andi	a5,a5,2
 560              		.loc 1 145 8 discriminator 1
 561 0022 E5FF     		bne	a5,zero,.L27
 146:../src/bsp/wbspiflash.c **** }
 562              		.loc 1 146 1
 563 0024 0100     		nop
 564 0026 0100     		nop
 565 0028 B240     		lw	ra,12(sp)
 566              		.cfi_restore 1
 567 002a 2244     		lw	s0,8(sp)
 568              		.cfi_restore 8
 569              		.cfi_def_cfa 2, 16
 570 002c 4101     		addi	sp,sp,16
 571              		.cfi_def_cfa_offset 0
 572 002e 8280     		jr	ra
 573              		.cfi_endproc
 574              	.LFE11:
 576              		.section	.text.SPI_rx_fifo_reset,"ax",@progbits
 577              		.align	1
 578              		.globl	SPI_rx_fifo_reset
 580              	SPI_rx_fifo_reset:
 581              	.LFB12:
 147:../src/bsp/wbspiflash.c **** 
 148:../src/bsp/wbspiflash.c **** void SPI_rx_fifo_reset(void)
 149:../src/bsp/wbspiflash.c **** {
 582              		.loc 1 149 1
 583              		.cfi_startproc
 584 0000 4111     		addi	sp,sp,-16
 585              		.cfi_def_cfa_offset 16
 586 0002 06C6     		sw	ra,12(sp)
 587 0004 22C4     		sw	s0,8(sp)
 588              		.cfi_offset 1, -4
 589              		.cfi_offset 8, -8
 590 0006 0008     		addi	s0,sp,16
 591              		.cfi_def_cfa 8, 0
 150:../src/bsp/wbspiflash.c **** 	PICO_WBSPI_FLASH->CTRL |= (0x1 << 1);    //Reset RX FIFO
 592              		.loc 1 150 18
 593 0008 B7470011 		li	a5,285229056
 594 000c 985B     		lw	a4,48(a5)
 595 000e B7470011 		li	a5,285229056
 596              		.loc 1 150 25
 597 0012 13672700 		ori	a4,a4,2
 598 0016 98DB     		sw	a4,48(a5)
 151:../src/bsp/wbspiflash.c **** 	while((PICO_WBSPI_FLASH->CTRL & 0x1)) ;  //Wait RX FIFO reset complete
 599              		.loc 1 151 7
 600 0018 0100     		nop
 601              	.L29:
 602              		.loc 1 151 25 discriminator 1
 603 001a B7470011 		li	a5,285229056
 604 001e 9C5B     		lw	a5,48(a5)
 605              		.loc 1 151 32 discriminator 1
 606 0020 858B     		andi	a5,a5,1
 607              		.loc 1 151 8 discriminator 1
 608 0022 E5FF     		bne	a5,zero,.L29
 152:../src/bsp/wbspiflash.c **** }
 609              		.loc 1 152 1
 610 0024 0100     		nop
 611 0026 0100     		nop
 612 0028 B240     		lw	ra,12(sp)
 613              		.cfi_restore 1
 614 002a 2244     		lw	s0,8(sp)
 615              		.cfi_restore 8
 616              		.cfi_def_cfa 2, 16
 617 002c 4101     		addi	sp,sp,16
 618              		.cfi_def_cfa_offset 0
 619 002e 8280     		jr	ra
 620              		.cfi_endproc
 621              	.LFE12:
 623              		.section	.text.spi_get_fifo_depth,"ax",@progbits
 624              		.align	1
 625              		.globl	spi_get_fifo_depth
 627              	spi_get_fifo_depth:
 628              	.LFB13:
 153:../src/bsp/wbspiflash.c **** 
 154:../src/bsp/wbspiflash.c **** uint8_t spi_get_fifo_depth(uint8_t fifo_depth_config)
 155:../src/bsp/wbspiflash.c **** {
 629              		.loc 1 155 1
 630              		.cfi_startproc
 631              	.LVL0:
 156:../src/bsp/wbspiflash.c **** 	uint8_t fifo_depth = 1;
 632              		.loc 1 156 2
 157:../src/bsp/wbspiflash.c **** 
 158:../src/bsp/wbspiflash.c **** 	for(int i = 0; i < fifo_depth_config+1; i++)
 633              		.loc 1 158 2
 634              	.LBB2:
 635              		.loc 1 158 6
 636              		.loc 1 158 19 discriminator 1
 637              	.LBE2:
 155:../src/bsp/wbspiflash.c **** 	uint8_t fifo_depth = 1;
 638              		.loc 1 155 1 is_stmt 0
 639 0000 2A87     		mv	a4,a0
 640              	.LBB3:
 641              		.loc 1 158 10
 642 0002 8146     		li	a3,0
 643              	.LBE3:
 156:../src/bsp/wbspiflash.c **** 	uint8_t fifo_depth = 1;
 644              		.loc 1 156 10
 645 0004 0545     		li	a0,1
 646              	.LVL1:
 647              	.L31:
 648              	.LBB4:
 159:../src/bsp/wbspiflash.c **** 	{
 160:../src/bsp/wbspiflash.c **** 		fifo_depth *= 2;
 649              		.loc 1 160 3 is_stmt 1
 650              		.loc 1 160 14 is_stmt 0
 651 0006 93171500 		slli	a5,a0,1
 158:../src/bsp/wbspiflash.c **** 	{
 652              		.loc 1 158 43 discriminator 3
 653 000a 8506     		addi	a3,a3,1
 654              	.LVL2:
 655              		.loc 1 160 14
 656 000c 13F5F70F 		andi	a0,a5,0xff
 657              	.LVL3:
 158:../src/bsp/wbspiflash.c **** 	{
 658              		.loc 1 158 43 is_stmt 1 discriminator 3
 158:../src/bsp/wbspiflash.c **** 	{
 659              		.loc 1 158 19 discriminator 1
 660 0010 E35BD7FE 		ble	a3,a4,.L31
 661              	.LBE4:
 161:../src/bsp/wbspiflash.c **** 	}
 162:../src/bsp/wbspiflash.c **** 
 163:../src/bsp/wbspiflash.c **** 	return fifo_depth;
 662              		.loc 1 163 2
 164:../src/bsp/wbspiflash.c **** }
 663              		.loc 1 164 1 is_stmt 0
 664 0014 8280     		ret
 665              		.cfi_endproc
 666              	.LFE13:
 668              		.section	.rodata.SPI_set_tx_threshold.str1.4,"aMS",@progbits,1
 669              		.align	2
 670              	.LC0:
 671 0000 4572726F 		.string	"Error : TX threshold should not be set larger than TX FIFO depth!\r\n"
 671      72203A20 
 671      54582074 
 671      68726573 
 671      686F6C64 
 672              		.section	.text.SPI_set_tx_threshold,"ax",@progbits
 673              		.align	1
 674              		.globl	SPI_set_tx_threshold
 676              	SPI_set_tx_threshold:
 677              	.LFB14:
 165:../src/bsp/wbspiflash.c **** 
 166:../src/bsp/wbspiflash.c **** void SPI_set_tx_threshold(uint8_t tx_threshold)
 167:../src/bsp/wbspiflash.c **** {
 678              		.loc 1 167 1 is_stmt 1
 679              		.cfi_startproc
 680 0000 7971     		addi	sp,sp,-48
 681              		.cfi_def_cfa_offset 48
 682 0002 06D6     		sw	ra,44(sp)
 683 0004 22D4     		sw	s0,40(sp)
 684              		.cfi_offset 1, -4
 685              		.cfi_offset 8, -8
 686 0006 0018     		addi	s0,sp,48
 687              		.cfi_def_cfa 8, 0
 688 0008 AA87     		mv	a5,a0
 689 000a A30FF4FC 		sb	a5,-33(s0)
 168:../src/bsp/wbspiflash.c **** 	uint32_t buff;
 169:../src/bsp/wbspiflash.c **** 	buff = PICO_WBSPI_FLASH->CONFIG;
 690              		.loc 1 169 25
 691 000e B7470011 		li	a5,285229056
 692              		.loc 1 169 7
 693 0012 FC5F     		lw	a5,124(a5)
 694 0014 2326F4FE 		sw	a5,-20(s0)
 170:../src/bsp/wbspiflash.c **** 	uint8_t tx_fifo_depth_config = (buff & 0x3f) >> 4;
 695              		.loc 1 170 47
 696 0018 8327C4FE 		lw	a5,-20(s0)
 697 001c 9183     		srli	a5,a5,4
 698 001e 93F7F70F 		andi	a5,a5,0xff
 699              		.loc 1 170 10
 700 0022 8D8B     		andi	a5,a5,3
 701 0024 A305F4FE 		sb	a5,-21(s0)
 171:../src/bsp/wbspiflash.c **** 	uint8_t tx_fifo_depth = spi_get_fifo_depth(tx_fifo_depth_config);
 702              		.loc 1 171 26
 703 0028 8347B4FE 		lbu	a5,-21(s0)
 704 002c 3E85     		mv	a0,a5
 705 002e 97000000 		call	spi_get_fifo_depth
 705      E7800000 
 706 0036 AA87     		mv	a5,a0
 707 0038 2305F4FE 		sb	a5,-22(s0)
 172:../src/bsp/wbspiflash.c **** 
 173:../src/bsp/wbspiflash.c **** 	if(tx_threshold > tx_fifo_depth)
 708              		.loc 1 173 4
 709 003c 0347F4FD 		lbu	a4,-33(s0)
 710 0040 8347A4FE 		lbu	a5,-22(s0)
 711 0044 63FBE700 		bleu	a4,a5,.L34
 174:../src/bsp/wbspiflash.c **** 	{
 175:../src/bsp/wbspiflash.c **** 		printf("Error : TX threshold should not be set larger than TX FIFO depth!\r\n");
 712              		.loc 1 175 3
 713 0048 17050000 		lla	a0,.LC0
 713      13050500 
 714 0050 97000000 		call	printf
 714      E7800000 
 176:../src/bsp/wbspiflash.c **** 	}
 177:../src/bsp/wbspiflash.c **** 	else
 178:../src/bsp/wbspiflash.c **** 	{
 179:../src/bsp/wbspiflash.c **** 		PICO_WBSPI_FLASH->CTRL &= (~(0x1f << 16));
 180:../src/bsp/wbspiflash.c **** 		PICO_WBSPI_FLASH->CTRL |= ((tx_threshold) << 16);
 181:../src/bsp/wbspiflash.c **** 	}
 182:../src/bsp/wbspiflash.c **** 
 183:../src/bsp/wbspiflash.c **** 	return;
 715              		.loc 1 183 2
 716 0058 3DA0     		j	.L33
 717              	.L34:
 179:../src/bsp/wbspiflash.c **** 		PICO_WBSPI_FLASH->CTRL |= ((tx_threshold) << 16);
 718              		.loc 1 179 19
 719 005a B7470011 		li	a5,285229056
 720 005e 945B     		lw	a3,48(a5)
 721 0060 B7470011 		li	a5,285229056
 179:../src/bsp/wbspiflash.c **** 		PICO_WBSPI_FLASH->CTRL |= ((tx_threshold) << 16);
 722              		.loc 1 179 26
 723 0064 3707E1FF 		li	a4,-2031616
 724 0068 7D17     		addi	a4,a4,-1
 725 006a 758F     		and	a4,a3,a4
 726 006c 98DB     		sw	a4,48(a5)
 180:../src/bsp/wbspiflash.c **** 	}
 727              		.loc 1 180 19
 728 006e B7470011 		li	a5,285229056
 729 0072 945B     		lw	a3,48(a5)
 180:../src/bsp/wbspiflash.c **** 	}
 730              		.loc 1 180 45
 731 0074 8347F4FD 		lbu	a5,-33(s0)
 732 0078 13970701 		slli	a4,a5,16
 180:../src/bsp/wbspiflash.c **** 	}
 733              		.loc 1 180 19
 734 007c B7470011 		li	a5,285229056
 180:../src/bsp/wbspiflash.c **** 	}
 735              		.loc 1 180 26
 736 0080 558F     		or	a4,a3,a4
 737 0082 98DB     		sw	a4,48(a5)
 738              		.loc 1 183 2
 739 0084 0100     		nop
 740              	.L33:
 184:../src/bsp/wbspiflash.c **** }
 741              		.loc 1 184 1
 742 0086 B250     		lw	ra,44(sp)
 743              		.cfi_restore 1
 744 0088 2254     		lw	s0,40(sp)
 745              		.cfi_restore 8
 746              		.cfi_def_cfa 2, 48
 747 008a 4561     		addi	sp,sp,48
 748              		.cfi_def_cfa_offset 0
 749 008c 8280     		jr	ra
 750              		.cfi_endproc
 751              	.LFE14:
 753              		.section	.rodata.SPI_set_rx_threshold.str1.4,"aMS",@progbits,1
 754              		.align	2
 755              	.LC1:
 756 0000 52582074 		.string	"RX threshold should not be set larger than RX FIFO depth!\r\n"
 756      68726573 
 756      686F6C64 
 756      2073686F 
 756      756C6420 
 757              		.section	.text.SPI_set_rx_threshold,"ax",@progbits
 758              		.align	1
 759              		.globl	SPI_set_rx_threshold
 761              	SPI_set_rx_threshold:
 762              	.LFB15:
 185:../src/bsp/wbspiflash.c **** 
 186:../src/bsp/wbspiflash.c **** void SPI_set_rx_threshold(uint8_t rx_threshold)
 187:../src/bsp/wbspiflash.c **** {
 763              		.loc 1 187 1
 764              		.cfi_startproc
 765 0000 7971     		addi	sp,sp,-48
 766              		.cfi_def_cfa_offset 48
 767 0002 06D6     		sw	ra,44(sp)
 768 0004 22D4     		sw	s0,40(sp)
 769              		.cfi_offset 1, -4
 770              		.cfi_offset 8, -8
 771 0006 0018     		addi	s0,sp,48
 772              		.cfi_def_cfa 8, 0
 773 0008 AA87     		mv	a5,a0
 774 000a A30FF4FC 		sb	a5,-33(s0)
 188:../src/bsp/wbspiflash.c **** 	uint32_t buff;
 189:../src/bsp/wbspiflash.c **** 	buff = PICO_WBSPI_FLASH->CONFIG;
 775              		.loc 1 189 25
 776 000e B7470011 		li	a5,285229056
 777              		.loc 1 189 7
 778 0012 FC5F     		lw	a5,124(a5)
 779 0014 2326F4FE 		sw	a5,-20(s0)
 190:../src/bsp/wbspiflash.c **** 	uint8_t rx_fifo_depth_config = (buff & 0x03);
 780              		.loc 1 190 39
 781 0018 8327C4FE 		lw	a5,-20(s0)
 782 001c 93F7F70F 		andi	a5,a5,0xff
 783              		.loc 1 190 10
 784 0020 8D8B     		andi	a5,a5,3
 785 0022 A305F4FE 		sb	a5,-21(s0)
 191:../src/bsp/wbspiflash.c **** 	uint8_t rx_fifo_depth = spi_get_fifo_depth(rx_fifo_depth_config);
 786              		.loc 1 191 26
 787 0026 8347B4FE 		lbu	a5,-21(s0)
 788 002a 3E85     		mv	a0,a5
 789 002c 97000000 		call	spi_get_fifo_depth
 789      E7800000 
 790 0034 AA87     		mv	a5,a0
 791 0036 2305F4FE 		sb	a5,-22(s0)
 192:../src/bsp/wbspiflash.c **** 
 193:../src/bsp/wbspiflash.c **** 	if(rx_threshold > rx_fifo_depth)
 792              		.loc 1 193 4
 793 003a 0347F4FD 		lbu	a4,-33(s0)
 794 003e 8347A4FE 		lbu	a5,-22(s0)
 795 0042 63FBE700 		bleu	a4,a5,.L38
 194:../src/bsp/wbspiflash.c **** 	{
 195:../src/bsp/wbspiflash.c **** 		printf("RX threshold should not be set larger than RX FIFO depth!\r\n");
 796              		.loc 1 195 3
 797 0046 17050000 		lla	a0,.LC1
 797      13050500 
 798 004e 97000000 		call	printf
 798      E7800000 
 196:../src/bsp/wbspiflash.c **** 	}
 197:../src/bsp/wbspiflash.c **** 	else
 198:../src/bsp/wbspiflash.c **** 	{
 199:../src/bsp/wbspiflash.c **** 		PICO_WBSPI_FLASH->CTRL &= (~(0x1f << 8));
 200:../src/bsp/wbspiflash.c **** 		PICO_WBSPI_FLASH->CTRL |= ((rx_threshold) << 8);
 201:../src/bsp/wbspiflash.c **** 	}
 202:../src/bsp/wbspiflash.c **** 
 203:../src/bsp/wbspiflash.c **** 	return;
 799              		.loc 1 203 2
 800 0056 3DA0     		j	.L37
 801              	.L38:
 199:../src/bsp/wbspiflash.c **** 		PICO_WBSPI_FLASH->CTRL |= ((rx_threshold) << 8);
 802              		.loc 1 199 19
 803 0058 B7470011 		li	a5,285229056
 804 005c 945B     		lw	a3,48(a5)
 805 005e B7470011 		li	a5,285229056
 199:../src/bsp/wbspiflash.c **** 		PICO_WBSPI_FLASH->CTRL |= ((rx_threshold) << 8);
 806              		.loc 1 199 26
 807 0062 7977     		li	a4,-8192
 808 0064 1307F70F 		addi	a4,a4,255
 809 0068 758F     		and	a4,a3,a4
 810 006a 98DB     		sw	a4,48(a5)
 200:../src/bsp/wbspiflash.c **** 	}
 811              		.loc 1 200 19
 812 006c B7470011 		li	a5,285229056
 813 0070 945B     		lw	a3,48(a5)
 200:../src/bsp/wbspiflash.c **** 	}
 814              		.loc 1 200 45
 815 0072 8347F4FD 		lbu	a5,-33(s0)
 816 0076 13978700 		slli	a4,a5,8
 200:../src/bsp/wbspiflash.c **** 	}
 817              		.loc 1 200 19
 818 007a B7470011 		li	a5,285229056
 200:../src/bsp/wbspiflash.c **** 	}
 819              		.loc 1 200 26
 820 007e 558F     		or	a4,a3,a4
 821 0080 98DB     		sw	a4,48(a5)
 822              		.loc 1 203 2
 823 0082 0100     		nop
 824              	.L37:
 204:../src/bsp/wbspiflash.c **** }
 825              		.loc 1 204 1
 826 0084 B250     		lw	ra,44(sp)
 827              		.cfi_restore 1
 828 0086 2254     		lw	s0,40(sp)
 829              		.cfi_restore 8
 830              		.cfi_def_cfa 2, 48
 831 0088 4561     		addi	sp,sp,48
 832              		.cfi_def_cfa_offset 0
 833 008a 8280     		jr	ra
 834              		.cfi_endproc
 835              	.LFE15:
 837              		.section	.text.spi_flash_init,"ax",@progbits
 838              		.align	1
 839              		.globl	spi_flash_init
 841              	spi_flash_init:
 842              	.LFB16:
 205:../src/bsp/wbspiflash.c **** 
 206:../src/bsp/wbspiflash.c **** void spi_flash_init(void)
 207:../src/bsp/wbspiflash.c **** {
 843              		.loc 1 207 1
 844              		.cfi_startproc
 845 0000 17030000 		call	t0,__riscv_save_3
 845      E7020300 
 846              		.cfi_offset 18, -16
 847              		.cfi_offset 9, -12
 848              		.cfi_offset 1, -4
 849              		.cfi_def_cfa_offset 16
 208:../src/bsp/wbspiflash.c **** 	uint32_t buff;
 850              		.loc 1 208 2
 209:../src/bsp/wbspiflash.c **** 
 210:../src/bsp/wbspiflash.c **** 	PICO_WBSPI_FLASH->CTRL |= 0x01;         //Reset SPI
 851              		.loc 1 210 2
 852              		.loc 1 210 18 is_stmt 0
 853 0008 B7470011 		li	a5,285229056
 854 000c 985B     		lw	a4,48(a5)
 855              		.loc 1 210 25
 856 000e 13671700 		ori	a4,a4,1
 857 0012 98DB     		sw	a4,48(a5)
 211:../src/bsp/wbspiflash.c **** 	while((PICO_WBSPI_FLASH->CTRL & 0x01)); //Wait until SPI reset complete
 858              		.loc 1 211 2 is_stmt 1
 859              	.L42:
 860              		.loc 1 211 8 discriminator 1
 861              		.loc 1 211 25 is_stmt 0 discriminator 1
 862 0014 985B     		lw	a4,48(a5)
 863              		.loc 1 211 32 discriminator 1
 864 0016 058B     		andi	a4,a4,1
 865              		.loc 1 211 8 discriminator 1
 866 0018 75FF     		bne	a4,zero,.L42
 212:../src/bsp/wbspiflash.c **** 
 213:../src/bsp/wbspiflash.c **** 	buff = PICO_WBSPI_FLASH->CONFIG;
 867              		.loc 1 213 2 is_stmt 1
 868              		.loc 1 213 7 is_stmt 0
 869 001a 03A9C707 		lw	s2,124(a5)
 870              	.LVL4:
 214:../src/bsp/wbspiflash.c **** 	uint8_t tx_fifo_depth_config = (buff & 0x3f) >> 4;
 871              		.loc 1 214 2 is_stmt 1
 215:../src/bsp/wbspiflash.c **** 	uint8_t tx_fifo_depth = spi_get_fifo_depth(tx_fifo_depth_config);
 872              		.loc 1 215 2
 214:../src/bsp/wbspiflash.c **** 	uint8_t tx_fifo_depth_config = (buff & 0x3f) >> 4;
 873              		.loc 1 214 47 is_stmt 0
 874 001e 13554900 		srli	a0,s2,4
 875              		.loc 1 215 26
 876 0022 0D89     		andi	a0,a0,3
 877 0024 97000000 		call	spi_get_fifo_depth
 877      E7800000 
 878              	.LVL5:
 879 002c AA84     		mv	s1,a0
 880              	.LVL6:
 216:../src/bsp/wbspiflash.c **** 	uint8_t rx_fifo_depth_config = (buff & 0x03);
 881              		.loc 1 216 2 is_stmt 1
 217:../src/bsp/wbspiflash.c **** 	uint8_t rx_fifo_depth = spi_get_fifo_depth(rx_fifo_depth_config);
 882              		.loc 1 217 2
 883              		.loc 1 217 26 is_stmt 0
 884 002e 13753900 		andi	a0,s2,3
 885 0032 97000000 		call	spi_get_fifo_depth
 885      E7800000 
 886              	.LVL7:
 887 003a AA87     		mv	a5,a0
 888              	.LVL8:
 218:../src/bsp/wbspiflash.c **** 
 219:../src/bsp/wbspiflash.c **** 	while((PICO_WBSPI_FLASH->STATUS & 0x01)); //Wait until SPI active finish
 889              		.loc 1 219 2 is_stmt 1
 890              		.loc 1 219 25 is_stmt 0 discriminator 1
 891 003c 37470011 		li	a4,285229056
 892              	.L43:
 893              		.loc 1 219 8 is_stmt 1 discriminator 1
 894              		.loc 1 219 25 is_stmt 0 discriminator 1
 895 0040 545B     		lw	a3,52(a4)
 896              		.loc 1 219 34 discriminator 1
 897 0042 858A     		andi	a3,a3,1
 898              		.loc 1 219 8 discriminator 1
 899 0044 F5FE     		bne	a3,zero,.L43
 220:../src/bsp/wbspiflash.c **** 
 221:../src/bsp/wbspiflash.c **** 	buff = (2 << 16) +(7 << 8) + (0 << 7);
 900              		.loc 1 221 2 is_stmt 1
 901              	.LVL9:
 222:../src/bsp/wbspiflash.c **** 
 223:../src/bsp/wbspiflash.c **** 	//AddrLen = 3; DataLen = 8 DataMerge = 0
 224:../src/bsp/wbspiflash.c **** 	//Other fields reset to 0 while spi_default_modes connected to 0
 225:../src/bsp/wbspiflash.c **** 	PICO_WBSPI_FLASH->TRANSFMT = buff;
 902              		.loc 1 225 2
 903              		.loc 1 225 29 is_stmt 0
 904 0046 B7060200 		li	a3,131072
 905 004a 93860670 		addi	a3,a3,1792
 906 004e 14CB     		sw	a3,16(a4)
 226:../src/bsp/wbspiflash.c **** 
 227:../src/bsp/wbspiflash.c **** 	PICO_WBSPI_FLASH->CTRL |= (0x1 << 2);    				//Reset TX FIFO
 907              		.loc 1 227 2 is_stmt 1
 908              		.loc 1 227 18 is_stmt 0
 909 0050 145B     		lw	a3,48(a4)
 910              		.loc 1 227 25
 911 0052 93E64600 		ori	a3,a3,4
 912 0056 14DB     		sw	a3,48(a4)
 228:../src/bsp/wbspiflash.c **** 	while((PICO_WBSPI_FLASH->CTRL & 0x2)) ;  				//Wait TX FIFO reset complete
 913              		.loc 1 228 2 is_stmt 1
 914              		.loc 1 228 25 is_stmt 0 discriminator 1
 915 0058 B7460011 		li	a3,285229056
 916              	.L44:
 917              		.loc 1 228 8 is_stmt 1 discriminator 1
 918              		.loc 1 228 25 is_stmt 0 discriminator 1
 919 005c 985A     		lw	a4,48(a3)
 920              		.loc 1 228 32 discriminator 1
 921 005e 098B     		andi	a4,a4,2
 922              		.loc 1 228 8 discriminator 1
 923 0060 75FF     		bne	a4,zero,.L44
 229:../src/bsp/wbspiflash.c **** 	PICO_WBSPI_FLASH->CTRL  |= ((tx_fifo_depth/2) << 16);  	//Set TX threshold as half of TX FIFO dept
 924              		.loc 1 229 2 is_stmt 1
 925              		.loc 1 229 18 is_stmt 0
 926 0062 B7460011 		li	a3,285229056
 927 0066 985A     		lw	a4,48(a3)
 928              		.loc 1 229 48
 929 0068 8580     		srli	s1,s1,1
 930              	.LVL10:
 931 006a 93F4F40F 		andi	s1,s1,0xff
 932 006e C204     		slli	s1,s1,16
 933              		.loc 1 229 26
 934 0070 D98C     		or	s1,s1,a4
 935 0072 84DA     		sw	s1,48(a3)
 230:../src/bsp/wbspiflash.c **** 
 231:../src/bsp/wbspiflash.c **** 	PICO_WBSPI_FLASH->CTRL |= (0x1 << 1);    				//Reset RX FIFO
 936              		.loc 1 231 2 is_stmt 1
 937              		.loc 1 231 18 is_stmt 0
 938 0074 985A     		lw	a4,48(a3)
 939              		.loc 1 231 25
 940 0076 13672700 		ori	a4,a4,2
 941 007a 98DA     		sw	a4,48(a3)
 232:../src/bsp/wbspiflash.c **** 	while((PICO_WBSPI_FLASH->CTRL & 0x1)) ;  				//Wait RX FIFO reset complete
 942              		.loc 1 232 2 is_stmt 1
 943              	.L45:
 944              		.loc 1 232 8 discriminator 1
 945              		.loc 1 232 25 is_stmt 0 discriminator 1
 946 007c 985A     		lw	a4,48(a3)
 947              		.loc 1 232 32 discriminator 1
 948 007e 058B     		andi	a4,a4,1
 949              		.loc 1 232 8 discriminator 1
 950 0080 75FF     		bne	a4,zero,.L45
 233:../src/bsp/wbspiflash.c **** 	PICO_WBSPI_FLASH->CTRL  |= ((rx_fifo_depth/2) << 8);  	//Set RX threshold as half of RX FIFO depth
 951              		.loc 1 233 2 is_stmt 1
 952              		.loc 1 233 18 is_stmt 0
 953 0082 37470011 		li	a4,285229056
 954 0086 105B     		lw	a2,48(a4)
 955              		.loc 1 233 48
 956 0088 8583     		srli	a5,a5,1
 957              	.LVL11:
 958 008a 93F7F70F 		andi	a5,a5,0xff
 959 008e A207     		slli	a5,a5,8
 960              		.loc 1 233 26
 961 0090 D18F     		or	a5,a5,a2
 962 0092 1CDB     		sw	a5,48(a4)
 234:../src/bsp/wbspiflash.c **** 
 235:../src/bsp/wbspiflash.c **** 	PICO_WBSPI_FLASH->INTREN &= 0x00000000;    				//Close all the interrupt
 963              		.loc 1 235 2 is_stmt 1
 964              		.loc 1 235 18 is_stmt 0
 965 0094 1C5F     		lw	a5,56(a4)
 966              		.loc 1 235 27
 967 0096 23AC0602 		sw	zero,56(a3)
 236:../src/bsp/wbspiflash.c **** 	PICO_WBSPI_FLASH->TIMING &= (~(0xff));
 968              		.loc 1 236 2 is_stmt 1
 969              		.loc 1 236 18 is_stmt 0
 970 009a 3C43     		lw	a5,64(a4)
 971              		.loc 1 236 27
 972 009c 93F707F0 		andi	a5,a5,-256
 973 00a0 3CC3     		sw	a5,64(a4)
 237:../src/bsp/wbspiflash.c **** 	PICO_WBSPI_FLASH->TIMING |= (0x3);     					//Set the SPI Interface Timing Register (0x40)
 974              		.loc 1 237 2 is_stmt 1
 975              		.loc 1 237 18 is_stmt 0
 976 00a2 3C43     		lw	a5,64(a4)
 977              		.loc 1 237 27
 978 00a4 93E73700 		ori	a5,a5,3
 979 00a8 3CC3     		sw	a5,64(a4)
 238:../src/bsp/wbspiflash.c **** 	                                   	   	   	   	   	   	//to set SCLK_DIV to 4, which divide the s
 239:../src/bsp/wbspiflash.c **** 	                                   	   	   	   	   	   	//((4+1)*2) = 10 as SCLK
 240:../src/bsp/wbspiflash.c **** 
 241:../src/bsp/wbspiflash.c **** 	return;
 980              		.loc 1 241 2 is_stmt 1
 242:../src/bsp/wbspiflash.c **** }
 981              		.loc 1 242 1 is_stmt 0
 982 00aa 17030000 		tail	__riscv_restore_3
 982      67000300 
 983              		.cfi_restore 18
 984              		.cfi_restore 9
 985              		.cfi_restore 1
 986              		.cfi_def_cfa_offset 0
 987              		.cfi_endproc
 988              	.LFE16:
 990              		.section	.text.spi_flash_read,"ax",@progbits
 991              		.align	1
 992              		.globl	spi_flash_read
 994              	spi_flash_read:
 995              	.LFB17:
 243:../src/bsp/wbspiflash.c **** 
 244:../src/bsp/wbspiflash.c **** //command -> address -> data
 245:../src/bsp/wbspiflash.c **** void spi_flash_read(uint8_t rd_len, uint32_t cmd, uint32_t address,uint8_t *read_buffer)
 246:../src/bsp/wbspiflash.c **** {
 996              		.loc 1 246 1 is_stmt 1
 997              		.cfi_startproc
 998              	.LVL12:
 247:../src/bsp/wbspiflash.c **** 	PICO_WBSPI_FLASH->TRANSCTRL = (1 << 30) +     	 //Enable command
 999              		.loc 1 247 2
 248:../src/bsp/wbspiflash.c **** 								  (1 << 29) +        //Open the address
 249:../src/bsp/wbspiflash.c **** 								  (2 << 24) +        //Transmit mode = 2 (read only)
 250:../src/bsp/wbspiflash.c **** 								  (0 << 22) +        //Dual mode 0 regular mode
 1000              		.loc 1 250 21 is_stmt 0
 1001 0000 B7070062 		li	a5,1644167168
 1002 0004 FD17     		addi	a5,a5,-1
 247:../src/bsp/wbspiflash.c **** 	PICO_WBSPI_FLASH->TRANSCTRL = (1 << 30) +     	 //Enable command
 1003              		.loc 1 247 30
 1004 0006 37470011 		li	a4,285229056
 1005              		.loc 1 250 21
 1006 000a AA97     		add	a5,a0,a5
 247:../src/bsp/wbspiflash.c **** 	PICO_WBSPI_FLASH->TRANSCTRL = (1 << 30) +     	 //Enable command
 1007              		.loc 1 247 30
 1008 000c 1CD3     		sw	a5,32(a4)
 251:../src/bsp/wbspiflash.c **** 								  ((rd_len-1) << 0); //Set read transmit byte count
 252:../src/bsp/wbspiflash.c **** 
 253:../src/bsp/wbspiflash.c **** 	PICO_WBSPI_FLASH->ADDR = address;
 1009              		.loc 1 253 2 is_stmt 1
 1010              		.loc 1 253 25 is_stmt 0
 1011 000e 10D7     		sw	a2,40(a4)
 254:../src/bsp/wbspiflash.c **** 	PICO_WBSPI_FLASH->CMD  = cmd;
 1012              		.loc 1 254 2 is_stmt 1
 1013              		.loc 1 254 25 is_stmt 0
 1014 0010 4CD3     		sw	a1,36(a4)
 255:../src/bsp/wbspiflash.c **** 
 256:../src/bsp/wbspiflash.c **** 	for(uint8_t i = 0; i < rd_len; i++)
 1015              		.loc 1 256 2 is_stmt 1
 1016              	.LBB5:
 1017              		.loc 1 256 6
 1018              	.LVL13:
 1019              		.loc 1 256 23 discriminator 1
 1020 0012 11CD     		beq	a0,zero,.L52
 1021 0014 B385A600 		add	a1,a3,a0
 1022              	.LVL14:
 1023              	.L54:
 257:../src/bsp/wbspiflash.c **** 	{
 258:../src/bsp/wbspiflash.c **** 		*read_buffer = PICO_WBSPI_FLASH->DATA;
 1024              		.loc 1 258 3
 1025              		.loc 1 258 34 is_stmt 0
 1026 0018 5C57     		lw	a5,44(a4)
 259:../src/bsp/wbspiflash.c **** 		read_buffer++;
 1027              		.loc 1 259 14
 1028 001a 8506     		addi	a3,a3,1
 1029              	.LVL15:
 258:../src/bsp/wbspiflash.c **** 		read_buffer++;
 1030              		.loc 1 258 16
 1031 001c A38FF6FE 		sb	a5,-1(a3)
 1032              		.loc 1 259 3 is_stmt 1
 1033              	.LVL16:
 260:../src/bsp/wbspiflash.c **** 		while(PICO_WBSPI_FLASH ->STATUS & (0x1 <<15));
 1034              		.loc 1 260 3
 1035              	.L53:
 1036              		.loc 1 260 9 discriminator 1
 1037              		.loc 1 260 26 is_stmt 0 discriminator 1
 1038 0020 5C5B     		lw	a5,52(a4)
 1039              		.loc 1 260 9 discriminator 1
 1040 0022 13960701 		slli	a2,a5,16
 1041 0026 E34D06FE 		blt	a2,zero,.L53
 256:../src/bsp/wbspiflash.c **** 	{
 1042              		.loc 1 256 34 is_stmt 1 discriminator 2
 256:../src/bsp/wbspiflash.c **** 	{
 1043              		.loc 1 256 23 discriminator 1
 1044 002a E397D5FE 		bne	a1,a3,.L54
 1045              	.L52:
 1046              	.LBE5:
 261:../src/bsp/wbspiflash.c **** 	}
 262:../src/bsp/wbspiflash.c **** 
 263:../src/bsp/wbspiflash.c **** 	while((PICO_WBSPI_FLASH->STATUS & 0x01)); 		//Wait until SPI controller active finish
 1047              		.loc 1 263 25 is_stmt 0 discriminator 1
 1048 002e 37470011 		li	a4,285229056
 1049              	.L55:
 1050              		.loc 1 263 8 is_stmt 1 discriminator 1
 1051              		.loc 1 263 25 is_stmt 0 discriminator 1
 1052 0032 5C5B     		lw	a5,52(a4)
 1053              		.loc 1 263 34 discriminator 1
 1054 0034 858B     		andi	a5,a5,1
 1055              		.loc 1 263 8 discriminator 1
 1056 0036 F5FF     		bne	a5,zero,.L55
 264:../src/bsp/wbspiflash.c **** }
 1057              		.loc 1 264 1
 1058 0038 8280     		ret
 1059              		.cfi_endproc
 1060              	.LFE17:
 1062              		.section	.text.spi_flash_write,"ax",@progbits
 1063              		.align	1
 1064              		.globl	spi_flash_write
 1066              	spi_flash_write:
 1067              	.LFB18:
 265:../src/bsp/wbspiflash.c **** 
 266:../src/bsp/wbspiflash.c **** //The consequence of sending
 267:../src/bsp/wbspiflash.c **** //command -> address -> data
 268:../src/bsp/wbspiflash.c **** void spi_flash_write(uint8_t wr_len, uint32_t cmd, uint32_t address,uint8_t *write_buffer)
 269:../src/bsp/wbspiflash.c **** {
 1068              		.loc 1 269 1 is_stmt 1
 1069              		.cfi_startproc
 1070              	.LVL17:
 1071 0000 17030000 		call	t0,__riscv_save_5
 1071      E7020300 
 1072              		.cfi_offset 20, -24
 1073              		.cfi_offset 19, -20
 1074              		.cfi_offset 18, -16
 1075              		.cfi_offset 9, -12
 1076              		.cfi_offset 1, -4
 1077              		.cfi_def_cfa_offset 32
 270:../src/bsp/wbspiflash.c **** 	spi_flash_write_cmd(WRITE_ENABLE);
 1078              		.loc 1 270 2
 269:../src/bsp/wbspiflash.c **** 	spi_flash_write_cmd(WRITE_ENABLE);
 1079              		.loc 1 269 1 is_stmt 0
 1080 0008 AA84     		mv	s1,a0
 1081              		.loc 1 270 2
 1082 000a 1945     		li	a0,6
 1083              	.LVL18:
 269:../src/bsp/wbspiflash.c **** 	spi_flash_write_cmd(WRITE_ENABLE);
 1084              		.loc 1 269 1
 1085 000c AE89     		mv	s3,a1
 1086 000e 328A     		mv	s4,a2
 1087 0010 3689     		mv	s2,a3
 1088              		.loc 1 270 2
 1089 0012 97000000 		call	spi_flash_write_cmd
 1089      E7800000 
 1090              	.LVL19:
 271:../src/bsp/wbspiflash.c **** 	spi_flash_read_status();
 1091              		.loc 1 271 2 is_stmt 1
 1092 001a 97000000 		call	spi_flash_read_status
 1092      E7800000 
 1093              	.LVL20:
 272:../src/bsp/wbspiflash.c **** 
 273:../src/bsp/wbspiflash.c **** 	PICO_WBSPI_FLASH->TRANSCTRL = (1 << 30) +        	//Enable command
 1094              		.loc 1 273 2
 274:../src/bsp/wbspiflash.c **** 								  (1 << 29) + 		 	//Enable address
 275:../src/bsp/wbspiflash.c **** 								  (1 << 24) +        	//Transmit mode = 1 (write only)
 276:../src/bsp/wbspiflash.c **** 								  (0 << 22) +         	//Dual mode
 277:../src/bsp/wbspiflash.c **** 								  ((wr_len-1) << 12); 	//Set read transmit byte count
 1095              		.loc 1 277 19 is_stmt 0
 1096 0022 1387F4FF 		addi	a4,s1,-1
 276:../src/bsp/wbspiflash.c **** 								  ((wr_len-1) << 12); 	//Set read transmit byte count
 1097              		.loc 1 276 21
 1098 0026 B7070061 		li	a5,1627389952
 1099              		.loc 1 277 23
 1100 002a 3207     		slli	a4,a4,12
 276:../src/bsp/wbspiflash.c **** 								  ((wr_len-1) << 12); 	//Set read transmit byte count
 1101              		.loc 1 276 21
 1102 002c 3E97     		add	a4,a4,a5
 273:../src/bsp/wbspiflash.c **** 								  (1 << 29) + 		 	//Enable address
 1103              		.loc 1 273 30
 1104 002e B7470011 		li	a5,285229056
 1105 0032 98D3     		sw	a4,32(a5)
 278:../src/bsp/wbspiflash.c **** 
 279:../src/bsp/wbspiflash.c **** 	PICO_WBSPI_FLASH->ADDR = address;
 1106              		.loc 1 279 2 is_stmt 1
 1107              		.loc 1 279 25 is_stmt 0
 1108 0034 23A44703 		sw	s4,40(a5)
 280:../src/bsp/wbspiflash.c **** 	PICO_WBSPI_FLASH->CMD  = cmd;
 1109              		.loc 1 280 2 is_stmt 1
 1110              		.loc 1 280 25 is_stmt 0
 1111 0038 23A23703 		sw	s3,36(a5)
 281:../src/bsp/wbspiflash.c **** 	for(uint8_t i = 0; i < wr_len; i++)
 1112              		.loc 1 281 2 is_stmt 1
 1113              	.LBB6:
 1114              		.loc 1 281 6
 1115              	.LVL21:
 1116              		.loc 1 281 2 is_stmt 0
 1117 003c 0147     		li	a4,0
 1118              	.LVL22:
 1119              	.L65:
 1120              		.loc 1 281 23 is_stmt 1 discriminator 1
 1121 003e 9376F70F 		andi	a3,a4,0xff
 1122 0042 63E49602 		bgtu	s1,a3,.L67
 1123              	.LBE6:
 282:../src/bsp/wbspiflash.c **** 	{
 283:../src/bsp/wbspiflash.c **** 		PICO_WBSPI_FLASH->DATA = (uint32_t)(*write_buffer);
 284:../src/bsp/wbspiflash.c **** 		write_buffer++;
 285:../src/bsp/wbspiflash.c **** 
 286:../src/bsp/wbspiflash.c **** 		//Check the status of TX FIFO
 287:../src/bsp/wbspiflash.c **** 		while(PICO_WBSPI_FLASH ->STATUS & (0x1 <<23));
 288:../src/bsp/wbspiflash.c **** 	}
 289:../src/bsp/wbspiflash.c **** 
 290:../src/bsp/wbspiflash.c **** 	while((PICO_WBSPI_FLASH->STATUS & 0x01)); 			//Wait until SPI controller active finish
 1124              		.loc 1 290 25 is_stmt 0 discriminator 1
 1125 0046 37470011 		li	a4,285229056
 1126              	.LVL23:
 1127              	.L68:
 1128              		.loc 1 290 8 is_stmt 1 discriminator 1
 1129              		.loc 1 290 25 is_stmt 0 discriminator 1
 1130 004a 5C5B     		lw	a5,52(a4)
 1131              		.loc 1 290 34 discriminator 1
 1132 004c 858B     		andi	a5,a5,1
 1133              		.loc 1 290 8 discriminator 1
 1134 004e F5FF     		bne	a5,zero,.L68
 291:../src/bsp/wbspiflash.c **** 	spi_flash_write_cmd(WRITE_DISENABLE);
 1135              		.loc 1 291 2 is_stmt 1
 1136 0050 1145     		li	a0,4
 1137 0052 97000000 		call	spi_flash_write_cmd
 1137      E7800000 
 1138              	.LVL24:
 292:../src/bsp/wbspiflash.c **** 	spi_flash_read_status();
 1139              		.loc 1 292 2
 1140 005a 97000000 		call	spi_flash_read_status
 1140      E7800000 
 1141              	.LVL25:
 293:../src/bsp/wbspiflash.c **** }
 1142              		.loc 1 293 1 is_stmt 0
 1143 0062 17030000 		tail	__riscv_restore_5
 1143      67000300 
 1144              		.cfi_remember_state
 1145              		.cfi_restore 20
 1146              		.cfi_restore 19
 1147              		.cfi_restore 18
 1148              		.cfi_restore 9
 1149              		.cfi_restore 1
 1150              		.cfi_def_cfa_offset 0
 1151              	.LVL26:
 1152              	.L67:
 1153              		.cfi_restore_state
 1154              	.LBB7:
 283:../src/bsp/wbspiflash.c **** 		write_buffer++;
 1155              		.loc 1 283 3 is_stmt 1
 283:../src/bsp/wbspiflash.c **** 		write_buffer++;
 1156              		.loc 1 283 39 is_stmt 0
 1157 006a B306E900 		add	a3,s2,a4
 283:../src/bsp/wbspiflash.c **** 		write_buffer++;
 1158              		.loc 1 283 28
 1159 006e 83C60600 		lbu	a3,0(a3)
 283:../src/bsp/wbspiflash.c **** 		write_buffer++;
 1160              		.loc 1 283 26
 1161 0072 D4D7     		sw	a3,44(a5)
 284:../src/bsp/wbspiflash.c **** 
 1162              		.loc 1 284 3 is_stmt 1
 1163              	.LVL27:
 287:../src/bsp/wbspiflash.c **** 	}
 1164              		.loc 1 287 3
 1165              	.L66:
 287:../src/bsp/wbspiflash.c **** 	}
 1166              		.loc 1 287 9 discriminator 1
 287:../src/bsp/wbspiflash.c **** 	}
 1167              		.loc 1 287 26 is_stmt 0 discriminator 1
 1168 0074 D45B     		lw	a3,52(a5)
 287:../src/bsp/wbspiflash.c **** 	}
 1169              		.loc 1 287 9 discriminator 1
 1170 0076 13968600 		slli	a2,a3,8
 1171 007a E34D06FE 		blt	a2,zero,.L66
 281:../src/bsp/wbspiflash.c **** 	{
 1172              		.loc 1 281 34 is_stmt 1 discriminator 2
 1173              	.LVL28:
 1174 007e 0507     		addi	a4,a4,1
 1175              	.LVL29:
 1176 0080 7DBF     		j	.L65
 1177              	.LBE7:
 1178              		.cfi_endproc
 1179              	.LFE18:
 1181              		.section	.text.change_mode_spi_flash,"ax",@progbits
 1182              		.align	1
 1183              		.globl	change_mode_spi_flash
 1185              	change_mode_spi_flash:
 1186              	.LFB19:
 294:../src/bsp/wbspiflash.c **** 
 295:../src/bsp/wbspiflash.c **** //Change the mode of SPI flash
 296:../src/bsp/wbspiflash.c **** void change_mode_spi_flash()
 297:../src/bsp/wbspiflash.c **** {
 1187              		.loc 1 297 1
 1188              		.cfi_startproc
 298:../src/bsp/wbspiflash.c **** 	uint32_t i;
 1189              		.loc 1 298 2
 299:../src/bsp/wbspiflash.c **** 
 300:../src/bsp/wbspiflash.c **** 	//Read SPI memory access register 0x50
 301:../src/bsp/wbspiflash.c **** 	i = PICO_WBSPI_FLASH ->MEMCTRL;
 1190              		.loc 1 301 2
 1191              		.loc 1 301 4 is_stmt 0
 1192 0000 37470011 		li	a4,285229056
 1193 0004 3C4B     		lw	a5,80(a4)
 1194              	.LVL30:
 302:../src/bsp/wbspiflash.c **** 
 303:../src/bsp/wbspiflash.c **** 	//Write back to SPI flash register
 304:../src/bsp/wbspiflash.c **** 	PICO_WBSPI_FLASH ->MEMCTRL = i;
 1195              		.loc 1 304 2 is_stmt 1
 1196              		.loc 1 304 29 is_stmt 0
 1197 0006 3CCB     		sw	a5,80(a4)
 305:../src/bsp/wbspiflash.c **** 
 306:../src/bsp/wbspiflash.c **** 	//Wait the memCtrlChg become 0
 307:../src/bsp/wbspiflash.c **** 	while(PICO_WBSPI_FLASH ->MEMCTRL & (0x01 <<8 ));
 1198              		.loc 1 307 2 is_stmt 1
 1199              	.LVL31:
 1200              	.L74:
 1201              		.loc 1 307 8 discriminator 1
 1202              		.loc 1 307 25 is_stmt 0 discriminator 1
 1203 0008 3C4B     		lw	a5,80(a4)
 1204              		.loc 1 307 35 discriminator 1
 1205 000a 93F70710 		andi	a5,a5,256
 1206              		.loc 1 307 8 discriminator 1
 1207 000e EDFF     		bne	a5,zero,.L74
 308:../src/bsp/wbspiflash.c **** 
 309:../src/bsp/wbspiflash.c **** }
 1208              		.loc 1 309 1
 1209 0010 8280     		ret
 1210              		.cfi_endproc
 1211              	.LFE19:
 1213              		.section	.text.spi_flash_write_cmd,"ax",@progbits
 1214              		.align	1
 1215              		.globl	spi_flash_write_cmd
 1217              	spi_flash_write_cmd:
 1218              	.LFB20:
 310:../src/bsp/wbspiflash.c **** 
 311:../src/bsp/wbspiflash.c **** //Write command to SPI flash
 312:../src/bsp/wbspiflash.c **** //According to different SPI flash
 313:../src/bsp/wbspiflash.c **** void spi_flash_write_cmd(uint32_t cmd)
 314:../src/bsp/wbspiflash.c **** {
 1219              		.loc 1 314 1 is_stmt 1
 1220              		.cfi_startproc
 1221              	.LVL32:
 1222 0000 17030000 		call	t0,__riscv_save_2
 1222      E7020300 
 1223              		.cfi_offset 9, -12
 1224              		.cfi_offset 1, -4
 1225              		.cfi_def_cfa_offset 16
 315:../src/bsp/wbspiflash.c **** 	PICO_WBSPI_FLASH->TRANSCTRL = (0 << 30) +   //Disable command
 1226              		.loc 1 315 2
 1227              		.loc 1 315 30 is_stmt 0
 1228 0008 B7470011 		li	a5,285229056
 1229 000c 37070001 		li	a4,16777216
 1230 0010 98D3     		sw	a4,32(a5)
 316:../src/bsp/wbspiflash.c **** 			                	  (1 << 24) + 	//Transmit mode = 1 (write only)
 317:../src/bsp/wbspiflash.c **** 								  (0 << 22) +	//Regular mode
 318:../src/bsp/wbspiflash.c **** 								  (0 << 12); 	//Set transmit byte count is 1
 319:../src/bsp/wbspiflash.c **** 
 320:../src/bsp/wbspiflash.c **** 	PICO_WBSPI_FLASH->CMD  = 0x01;	//Start to transfer
 1231              		.loc 1 320 2 is_stmt 1
 1232              		.loc 1 320 25 is_stmt 0
 1233 0012 0547     		li	a4,1
 1234 0014 D8D3     		sw	a4,36(a5)
 321:../src/bsp/wbspiflash.c **** 	if(cmd == CHIP_ERASE)
 1235              		.loc 1 321 2 is_stmt 1
 1236              		.loc 1 321 4 is_stmt 0
 1237 0016 93070006 		li	a5,96
 314:../src/bsp/wbspiflash.c **** 	PICO_WBSPI_FLASH->TRANSCTRL = (0 << 30) +   //Disable command
 1238              		.loc 1 314 1
 1239 001a AA84     		mv	s1,a0
 1240              		.loc 1 321 4
 1241 001c 6303F502 		beq	a0,a5,.L84
 1242              	.LVL33:
 1243              	.L77:
 322:../src/bsp/wbspiflash.c **** 	{
 323:../src/bsp/wbspiflash.c **** 		spi_flash_write_cmd(WRITE_ENABLE);
 324:../src/bsp/wbspiflash.c **** 		spi_flash_read_status();
 325:../src/bsp/wbspiflash.c **** 	}
 326:../src/bsp/wbspiflash.c **** 
 327:../src/bsp/wbspiflash.c **** 	PICO_WBSPI_FLASH->DATA = cmd;
 1244              		.loc 1 327 2 is_stmt 1
 1245              		.loc 1 327 25 is_stmt 0
 1246 0020 37470011 		li	a4,285229056
 1247 0024 44D7     		sw	s1,44(a4)
 328:../src/bsp/wbspiflash.c **** 
 329:../src/bsp/wbspiflash.c **** 	//Check the status of TX FIFO
 330:../src/bsp/wbspiflash.c **** 	while(PICO_WBSPI_FLASH ->STATUS & (0x1 <<23));
 1248              		.loc 1 330 2 is_stmt 1
 1249              	.L78:
 1250              		.loc 1 330 8 discriminator 1
 1251              		.loc 1 330 25 is_stmt 0 discriminator 1
 1252 0026 5C5B     		lw	a5,52(a4)
 1253              		.loc 1 330 8 discriminator 1
 1254 0028 93968700 		slli	a3,a5,8
 1255 002c E3CD06FE 		blt	a3,zero,.L78
 331:../src/bsp/wbspiflash.c **** 
 332:../src/bsp/wbspiflash.c **** 	//Check the status of transfer
 333:../src/bsp/wbspiflash.c **** 	while((PICO_WBSPI_FLASH->STATUS & 0x01));
 1256              		.loc 1 333 25 discriminator 1
 1257 0030 37470011 		li	a4,285229056
 1258              	.L79:
 1259              		.loc 1 333 8 is_stmt 1 discriminator 1
 1260              		.loc 1 333 25 is_stmt 0 discriminator 1
 1261 0034 5C5B     		lw	a5,52(a4)
 1262              		.loc 1 333 34 discriminator 1
 1263 0036 858B     		andi	a5,a5,1
 1264              		.loc 1 333 8 discriminator 1
 1265 0038 F5FF     		bne	a5,zero,.L79
 334:../src/bsp/wbspiflash.c **** }
 1266              		.loc 1 334 1
 1267 003a 17030000 		tail	__riscv_restore_2
 1267      67000300 
 1268              		.cfi_remember_state
 1269              		.cfi_restore 9
 1270              		.cfi_restore 1
 1271              		.cfi_def_cfa_offset 0
 1272              	.L84:
 1273              		.cfi_restore_state
 323:../src/bsp/wbspiflash.c **** 		spi_flash_read_status();
 1274              		.loc 1 323 3 is_stmt 1
 1275 0042 1945     		li	a0,6
 1276 0044 97000000 		call	spi_flash_write_cmd
 1276      E7800000 
 1277              	.LVL34:
 324:../src/bsp/wbspiflash.c **** 	}
 1278              		.loc 1 324 3
 1279 004c 97000000 		call	spi_flash_read_status
 1279      E7800000 
 1280              	.LVL35:
 1281 0054 F1B7     		j	.L77
 1282              		.cfi_endproc
 1283              	.LFE20:
 1285              		.section	.text.spi_flash_page_program,"ax",@progbits
 1286              		.align	1
 1287              		.globl	spi_flash_page_program
 1289              	spi_flash_page_program:
 1290              	.LFB21:
 335:../src/bsp/wbspiflash.c **** 
 336:../src/bsp/wbspiflash.c **** //Page program
 337:../src/bsp/wbspiflash.c **** void spi_flash_page_program(uint8_t wr_len,uint32_t address,uint8_t *write_buffer)
 338:../src/bsp/wbspiflash.c **** {
 1291              		.loc 1 338 1
 1292              		.cfi_startproc
 1293              	.LVL36:
 339:../src/bsp/wbspiflash.c **** 	spi_flash_write_cmd(WRITE_ENABLE);
 1294              		.loc 1 339 2
 338:../src/bsp/wbspiflash.c **** 	spi_flash_write_cmd(WRITE_ENABLE);
 1295              		.loc 1 338 1 is_stmt 0
 1296 0000 4111     		addi	sp,sp,-16
 1297              		.cfi_def_cfa_offset 16
 1298 0002 4AC2     		sw	s2,4(sp)
 1299              		.cfi_offset 18, -12
 1300 0004 2A89     		mv	s2,a0
 1301              		.loc 1 339 2
 1302 0006 1945     		li	a0,6
 1303              	.LVL37:
 338:../src/bsp/wbspiflash.c **** 	spi_flash_write_cmd(WRITE_ENABLE);
 1304              		.loc 1 338 1
 1305 0008 06C6     		sw	ra,12(sp)
 1306 000a 26C4     		sw	s1,8(sp)
 1307 000c 4EC0     		sw	s3,0(sp)
 1308              		.cfi_offset 1, -4
 1309              		.cfi_offset 9, -8
 1310              		.cfi_offset 19, -16
 338:../src/bsp/wbspiflash.c **** 	spi_flash_write_cmd(WRITE_ENABLE);
 1311              		.loc 1 338 1
 1312 000e B284     		mv	s1,a2
 1313 0010 AE89     		mv	s3,a1
 1314              		.loc 1 339 2
 1315 0012 97000000 		call	spi_flash_write_cmd
 1315      E7800000 
 1316              	.LVL38:
 340:../src/bsp/wbspiflash.c **** 	spi_flash_read_status();
 1317              		.loc 1 340 2 is_stmt 1
 1318 001a 97000000 		call	spi_flash_read_status
 1318      E7800000 
 1319              	.LVL39:
 341:../src/bsp/wbspiflash.c **** 
 342:../src/bsp/wbspiflash.c **** 	PICO_WBSPI_FLASH->TRANSCTRL = (1 << 30) + 			//Enable command
 1320              		.loc 1 342 2
 343:../src/bsp/wbspiflash.c **** 								  (1 << 29) + 			//Enable address
 344:../src/bsp/wbspiflash.c **** 								  (1 << 24) +        	//Transmit mode = 1 (write only)
 345:../src/bsp/wbspiflash.c **** 								  (0 << 22) +         	//Dual mode
 346:../src/bsp/wbspiflash.c **** 								  ((wr_len-1) << 12); 	//Set read transmit byte count
 1321              		.loc 1 346 19 is_stmt 0
 1322 0022 9307F9FF 		addi	a5,s2,-1
 345:../src/bsp/wbspiflash.c **** 								  ((wr_len-1) << 12); 	//Set read transmit byte count
 1323              		.loc 1 345 21
 1324 0026 37070061 		li	a4,1627389952
 1325              		.loc 1 346 23
 1326 002a B207     		slli	a5,a5,12
 345:../src/bsp/wbspiflash.c **** 								  ((wr_len-1) << 12); 	//Set read transmit byte count
 1327              		.loc 1 345 21
 1328 002c BA97     		add	a5,a5,a4
 342:../src/bsp/wbspiflash.c **** 								  (1 << 29) + 			//Enable address
 1329              		.loc 1 342 30
 1330 002e 37470011 		li	a4,285229056
 1331 0032 1CD3     		sw	a5,32(a4)
 347:../src/bsp/wbspiflash.c **** 
 348:../src/bsp/wbspiflash.c **** 	PICO_WBSPI_FLASH->ADDR = address;
 1332              		.loc 1 348 2 is_stmt 1
 1333              		.loc 1 348 25 is_stmt 0
 1334 0034 23243703 		sw	s3,40(a4)
 349:../src/bsp/wbspiflash.c **** 	PICO_WBSPI_FLASH->CMD  = 0x02;	//Page program command
 1335              		.loc 1 349 2 is_stmt 1
 1336              		.loc 1 349 25 is_stmt 0
 1337 0038 8947     		li	a5,2
 1338 003a 5CD3     		sw	a5,36(a4)
 350:../src/bsp/wbspiflash.c **** 
 351:../src/bsp/wbspiflash.c **** 	for(uint8_t i = 0; i < wr_len; i++)
 1339              		.loc 1 351 2 is_stmt 1
 1340              	.LBB8:
 1341              		.loc 1 351 6
 1342              	.LVL40:
 1343              		.loc 1 351 23 discriminator 1
 1344 003c 630F0900 		beq	s2,zero,.L86
 1345 0040 33852401 		add	a0,s1,s2
 1346              	.L88:
 352:../src/bsp/wbspiflash.c **** 	{
 353:../src/bsp/wbspiflash.c **** 		PICO_WBSPI_FLASH->DATA = (uint32_t)(*write_buffer);
 1347              		.loc 1 353 3
 1348              		.loc 1 353 28 is_stmt 0
 1349 0044 83C70400 		lbu	a5,0(s1)
 354:../src/bsp/wbspiflash.c **** 		write_buffer++;
 1350              		.loc 1 354 15
 1351 0048 8504     		addi	s1,s1,1
 1352              	.LVL41:
 353:../src/bsp/wbspiflash.c **** 		write_buffer++;
 1353              		.loc 1 353 26
 1354 004a 5CD7     		sw	a5,44(a4)
 1355              		.loc 1 354 3 is_stmt 1
 1356              	.LVL42:
 355:../src/bsp/wbspiflash.c **** 
 356:../src/bsp/wbspiflash.c **** 		//Check the status of TX FIFO
 357:../src/bsp/wbspiflash.c **** 		while(PICO_WBSPI_FLASH ->STATUS & (0x1 <<23));
 1357              		.loc 1 357 3
 1358              	.L87:
 1359              		.loc 1 357 9 discriminator 1
 1360              		.loc 1 357 26 is_stmt 0 discriminator 1
 1361 004c 5C5B     		lw	a5,52(a4)
 1362              		.loc 1 357 9 discriminator 1
 1363 004e 93968700 		slli	a3,a5,8
 1364 0052 E3CD06FE 		blt	a3,zero,.L87
 351:../src/bsp/wbspiflash.c **** 	{
 1365              		.loc 1 351 34 is_stmt 1 discriminator 2
 351:../src/bsp/wbspiflash.c **** 	{
 1366              		.loc 1 351 23 discriminator 1
 1367 0056 E31795FE 		bne	a0,s1,.L88
 1368              	.L86:
 1369              	.LBE8:
 358:../src/bsp/wbspiflash.c **** 	}
 359:../src/bsp/wbspiflash.c **** 
 360:../src/bsp/wbspiflash.c **** 	while((PICO_WBSPI_FLASH->STATUS & 0x01)); 	//Wait until SPI controller active finish
 1370              		.loc 1 360 25 is_stmt 0 discriminator 1
 1371 005a 37470011 		li	a4,285229056
 1372              	.L89:
 1373              		.loc 1 360 8 is_stmt 1 discriminator 1
 1374              		.loc 1 360 25 is_stmt 0 discriminator 1
 1375 005e 5C5B     		lw	a5,52(a4)
 1376              		.loc 1 360 34 discriminator 1
 1377 0060 858B     		andi	a5,a5,1
 1378              		.loc 1 360 8 discriminator 1
 1379 0062 F5FF     		bne	a5,zero,.L89
 361:../src/bsp/wbspiflash.c **** 	spi_flash_write_cmd(WRITE_DISENABLE);
 1380              		.loc 1 361 2 is_stmt 1
 1381 0064 1145     		li	a0,4
 1382 0066 97000000 		call	spi_flash_write_cmd
 1382      E7800000 
 1383              	.LVL43:
 362:../src/bsp/wbspiflash.c **** 	spi_flash_read_status();    				//Wait SPI flash free
 1384              		.loc 1 362 2
 1385 006e 97000000 		call	spi_flash_read_status
 1385      E7800000 
 1386              	.LVL44:
 363:../src/bsp/wbspiflash.c **** }
 1387              		.loc 1 363 1 is_stmt 0
 1388 0076 B240     		lw	ra,12(sp)
 1389              		.cfi_restore 1
 1390 0078 A244     		lw	s1,8(sp)
 1391              		.cfi_restore 9
 1392              	.LVL45:
 1393 007a 1249     		lw	s2,4(sp)
 1394              		.cfi_restore 18
 1395              	.LVL46:
 1396 007c 8249     		lw	s3,0(sp)
 1397              		.cfi_restore 19
 1398              	.LVL47:
 1399 007e 4101     		addi	sp,sp,16
 1400              		.cfi_def_cfa_offset 0
 1401 0080 8280     		jr	ra
 1402              		.cfi_endproc
 1403              	.LFE21:
 1405              		.section	.text.spi_flash_sector_erase,"ax",@progbits
 1406              		.align	1
 1407              		.globl	spi_flash_sector_erase
 1409              	spi_flash_sector_erase:
 1410              	.LFB22:
 364:../src/bsp/wbspiflash.c **** 
 365:../src/bsp/wbspiflash.c **** //Sector erase
 366:../src/bsp/wbspiflash.c **** void spi_flash_sector_erase(uint32_t address)
 367:../src/bsp/wbspiflash.c **** {
 1411              		.loc 1 367 1 is_stmt 1
 1412              		.cfi_startproc
 1413              	.LVL48:
 1414 0000 17030000 		call	t0,__riscv_save_2
 1414      E7020300 
 1415              		.cfi_offset 9, -12
 1416              		.cfi_offset 1, -4
 1417              		.cfi_def_cfa_offset 16
 368:../src/bsp/wbspiflash.c **** 	spi_flash_write_cmd(WRITE_ENABLE);
 1418              		.loc 1 368 2
 367:../src/bsp/wbspiflash.c **** 	spi_flash_write_cmd(WRITE_ENABLE);
 1419              		.loc 1 367 1 is_stmt 0
 1420 0008 AA84     		mv	s1,a0
 1421              		.loc 1 368 2
 1422 000a 1945     		li	a0,6
 1423              	.LVL49:
 1424 000c 97000000 		call	spi_flash_write_cmd
 1424      E7800000 
 1425              	.LVL50:
 369:../src/bsp/wbspiflash.c **** 	spi_flash_read_status();
 1426              		.loc 1 369 2 is_stmt 1
 1427 0014 97000000 		call	spi_flash_read_status
 1427      E7800000 
 1428              	.LVL51:
 370:../src/bsp/wbspiflash.c **** 
 371:../src/bsp/wbspiflash.c **** 	//Little endian and the range of address
 372:../src/bsp/wbspiflash.c **** 	uint8_t temp0;
 1429              		.loc 1 372 2
 373:../src/bsp/wbspiflash.c **** 	uint8_t temp1;
 1430              		.loc 1 373 2
 374:../src/bsp/wbspiflash.c **** 	uint8_t temp2;
 1431              		.loc 1 374 2
 375:../src/bsp/wbspiflash.c **** 
 376:../src/bsp/wbspiflash.c **** 	PICO_WBSPI_FLASH->TRANSCTRL = (1 << 30) + 		//Enable command
 1432              		.loc 1 376 2
 1433              		.loc 1 376 30 is_stmt 0
 1434 001c 37470011 		li	a4,285229056
 1435 0020 B7260041 		li	a3,1090527232
 1436 0024 14D3     		sw	a3,32(a4)
 377:../src/bsp/wbspiflash.c **** 			                	  (1 << 24) +       //Transmit mode = 1 (write only)
 378:../src/bsp/wbspiflash.c **** 								  (0 << 22) +       //Dual mode
 379:../src/bsp/wbspiflash.c **** 								  (2 << 12); 		//Set address - 3bytes
 380:../src/bsp/wbspiflash.c **** 
 381:../src/bsp/wbspiflash.c **** 	temp0 = (address >> 16 &0xFF);					//The address High byte
 1437              		.loc 1 381 2 is_stmt 1
 1438              	.LVL52:
 382:../src/bsp/wbspiflash.c **** 	temp1 = (address >> 8  &0xFF);					//The address middle byte
 1439              		.loc 1 382 2
 381:../src/bsp/wbspiflash.c **** 	temp1 = (address >> 8  &0xFF);					//The address middle byte
 1440              		.loc 1 381 19 is_stmt 0
 1441 0026 93D70401 		srli	a5,s1,16
 383:../src/bsp/wbspiflash.c **** 	temp2 = (address       &0xFF);					//The address low byte
 384:../src/bsp/wbspiflash.c **** 
 385:../src/bsp/wbspiflash.c **** 	PICO_WBSPI_FLASH->CMD  = 0x20; 					//Sector erase command
 1442              		.loc 1 385 25
 1443 002a 93060002 		li	a3,32
 1444 002e 93F7F70F 		andi	a5,a5,255
 1445 0032 54D3     		sw	a3,36(a4)
 386:../src/bsp/wbspiflash.c **** 
 387:../src/bsp/wbspiflash.c **** 	PICO_WBSPI_FLASH->DATA = temp0;
 1446              		.loc 1 387 25
 1447 0034 5CD7     		sw	a5,44(a4)
 382:../src/bsp/wbspiflash.c **** 	temp2 = (address       &0xFF);					//The address low byte
 1448              		.loc 1 382 19
 1449 0036 13D68400 		srli	a2,s1,8
 1450              	.LVL53:
 383:../src/bsp/wbspiflash.c **** 	temp2 = (address       &0xFF);					//The address low byte
 1451              		.loc 1 383 2 is_stmt 1
 385:../src/bsp/wbspiflash.c **** 
 1452              		.loc 1 385 2
 1453              		.loc 1 387 2
 388:../src/bsp/wbspiflash.c **** 
 389:../src/bsp/wbspiflash.c **** 	//Check the status of TX FIFO
 390:../src/bsp/wbspiflash.c **** 	while(PICO_WBSPI_FLASH ->STATUS & (0x1 <<23));
 1454              		.loc 1 390 2
 1455              	.L99:
 1456              		.loc 1 390 8 discriminator 1
 1457              		.loc 1 390 25 is_stmt 0 discriminator 1
 1458 003a 5C5B     		lw	a5,52(a4)
 1459              		.loc 1 390 8 discriminator 1
 1460 003c 93968700 		slli	a3,a5,8
 1461 0040 E3CD06FE 		blt	a3,zero,.L99
 391:../src/bsp/wbspiflash.c **** 
 392:../src/bsp/wbspiflash.c **** 	PICO_WBSPI_FLASH->DATA = temp1;
 1462              		.loc 1 392 2 is_stmt 1
 1463 0044 9377F60F 		andi	a5,a2,255
 1464              		.loc 1 392 25 is_stmt 0
 1465 0048 5CD7     		sw	a5,44(a4)
 393:../src/bsp/wbspiflash.c **** 
 394:../src/bsp/wbspiflash.c **** 	//Check the status of TX FIFO
 395:../src/bsp/wbspiflash.c **** 	while(PICO_WBSPI_FLASH ->STATUS & (0x1 <<23));
 1466              		.loc 1 395 2 is_stmt 1
 1467              		.loc 1 395 25 is_stmt 0 discriminator 1
 1468 004a 37470011 		li	a4,285229056
 1469              	.L100:
 1470              		.loc 1 395 8 is_stmt 1 discriminator 1
 1471              		.loc 1 395 25 is_stmt 0 discriminator 1
 1472 004e 5C5B     		lw	a5,52(a4)
 1473              		.loc 1 395 8 discriminator 1
 1474 0050 93968700 		slli	a3,a5,8
 1475 0054 E3CD06FE 		blt	a3,zero,.L100
 396:../src/bsp/wbspiflash.c **** 
 397:../src/bsp/wbspiflash.c **** 	PICO_WBSPI_FLASH->DATA = temp2;
 1476              		.loc 1 397 2 is_stmt 1
 1477 0058 93F4F40F 		andi	s1,s1,255
 1478              	.LVL54:
 1479              		.loc 1 397 25 is_stmt 0
 1480 005c 44D7     		sw	s1,44(a4)
 398:../src/bsp/wbspiflash.c **** 
 399:../src/bsp/wbspiflash.c **** 	//Check the status of TX FIFO
 400:../src/bsp/wbspiflash.c **** 	while(PICO_WBSPI_FLASH ->STATUS & (0x1 <<23));
 1481              		.loc 1 400 2 is_stmt 1
 1482              		.loc 1 400 25 is_stmt 0 discriminator 1
 1483 005e 37470011 		li	a4,285229056
 1484              	.L101:
 1485              		.loc 1 400 8 is_stmt 1 discriminator 1
 1486              		.loc 1 400 25 is_stmt 0 discriminator 1
 1487 0062 5C5B     		lw	a5,52(a4)
 1488              		.loc 1 400 8 discriminator 1
 1489 0064 93968700 		slli	a3,a5,8
 1490 0068 E3CD06FE 		blt	a3,zero,.L101
 401:../src/bsp/wbspiflash.c **** 
 402:../src/bsp/wbspiflash.c **** 	while((PICO_WBSPI_FLASH->STATUS & 0x01));	//Wait until SPI controller active finish
 1491              		.loc 1 402 25 discriminator 1
 1492 006c 37470011 		li	a4,285229056
 1493              	.L102:
 1494              		.loc 1 402 8 is_stmt 1 discriminator 1
 1495              		.loc 1 402 25 is_stmt 0 discriminator 1
 1496 0070 5C5B     		lw	a5,52(a4)
 1497              		.loc 1 402 34 discriminator 1
 1498 0072 858B     		andi	a5,a5,1
 1499              		.loc 1 402 8 discriminator 1
 1500 0074 F5FF     		bne	a5,zero,.L102
 403:../src/bsp/wbspiflash.c **** 	spi_flash_write_cmd(WRITE_DISENABLE);
 1501              		.loc 1 403 2 is_stmt 1
 1502 0076 1145     		li	a0,4
 1503 0078 97000000 		call	spi_flash_write_cmd
 1503      E7800000 
 1504              	.LVL55:
 404:../src/bsp/wbspiflash.c **** 	spi_flash_read_status();    				//Wait SPI flash free
 1505              		.loc 1 404 2
 1506 0080 97000000 		call	spi_flash_read_status
 1506      E7800000 
 1507              	.LVL56:
 405:../src/bsp/wbspiflash.c **** }
 1508              		.loc 1 405 1 is_stmt 0
 1509 0088 17030000 		tail	__riscv_restore_2
 1509      67000300 
 1510              		.cfi_restore 9
 1511              		.cfi_restore 1
 1512              		.cfi_def_cfa_offset 0
 1513              		.cfi_endproc
 1514              	.LFE22:
 1516              		.section	.text.spi_flash_read_status,"ax",@progbits
 1517              		.align	1
 1518              		.globl	spi_flash_read_status
 1520              	spi_flash_read_status:
 1521              	.LFB23:
 406:../src/bsp/wbspiflash.c **** 
 407:../src/bsp/wbspiflash.c **** void spi_flash_read_status()
 408:../src/bsp/wbspiflash.c **** {
 1522              		.loc 1 408 1 is_stmt 1
 1523              		.cfi_startproc
 409:../src/bsp/wbspiflash.c **** 	uint8_t temp_first;
 1524              		.loc 1 409 2
 410:../src/bsp/wbspiflash.c **** 
 411:../src/bsp/wbspiflash.c **** 	PICO_WBSPI_FLASH->TRANSCTRL = (1 << 30) +   //Enable command
 1525              		.loc 1 411 2
 1526              		.loc 1 411 30 is_stmt 0
 1527 0000 37470011 		li	a4,285229056
 1528 0004 B7070042 		li	a5,1107296256
 1529 0008 1CD3     		sw	a5,32(a4)
 412:../src/bsp/wbspiflash.c **** 			                	  (2 << 24) +   //Transmit mode = 2 (read only)
 413:../src/bsp/wbspiflash.c **** 								  (0 << 22) +   //Dual mode 0 regular mode
 414:../src/bsp/wbspiflash.c **** 								  (0 << 0); 	//Set read 1 byte
 415:../src/bsp/wbspiflash.c **** 
 416:../src/bsp/wbspiflash.c ****    do
 417:../src/bsp/wbspiflash.c ****    {
 418:../src/bsp/wbspiflash.c **** 	   	PICO_WBSPI_FLASH->CMD  = 0x05;			//Read status
 1530              		.loc 1 418 29
 1531 000a 9546     		li	a3,5
 1532              	.L112:
 416:../src/bsp/wbspiflash.c ****    {
 1533              		.loc 1 416 4 is_stmt 1
 1534              		.loc 1 418 6
 1535              		.loc 1 418 29 is_stmt 0
 1536 000c 54D3     		sw	a3,36(a4)
 419:../src/bsp/wbspiflash.c **** 		temp_first  = PICO_WBSPI_FLASH->DATA;
 1537              		.loc 1 419 3 is_stmt 1
 1538              		.loc 1 419 33 is_stmt 0
 1539 000e 5C57     		lw	a5,44(a4)
 1540              	.LVL57:
 420:../src/bsp/wbspiflash.c ****    }
 421:../src/bsp/wbspiflash.c ****    while(temp_first & 0x01 );					//Select the low bit and wait become 0
 1541              		.loc 1 421 10 is_stmt 1 discriminator 1
 1542 0010 858B     		andi	a5,a5,1
 1543              	.LVL58:
 1544 0012 EDFF     		bne	a5,zero,.L112
 422:../src/bsp/wbspiflash.c **** 
 423:../src/bsp/wbspiflash.c ****    while((PICO_WBSPI_FLASH->STATUS & 0x03)); 	//Wait until SPI controller active finish
 1545              		.loc 1 423 27 is_stmt 0 discriminator 1
 1546 0014 37470011 		li	a4,285229056
 1547              	.L113:
 1548              		.loc 1 423 10 is_stmt 1 discriminator 1
 1549              		.loc 1 423 27 is_stmt 0 discriminator 1
 1550 0018 5C5B     		lw	a5,52(a4)
 1551              		.loc 1 423 36 discriminator 1
 1552 001a 8D8B     		andi	a5,a5,3
 1553              		.loc 1 423 10 discriminator 1
 1554 001c F5FF     		bne	a5,zero,.L113
 424:../src/bsp/wbspiflash.c **** }
 1555              		.loc 1 424 1
 1556 001e 8280     		ret
 1557              		.cfi_endproc
 1558              	.LFE23:
 1560              		.text
 1561              	.Letext0:
 1562              		.file 2 "F:/gowin/GMD/toolchain/gowin/gcc_riscv/riscv-none-elf/include/machine/_default_types.h"
 1563              		.file 3 "F:/gowin/GMD/toolchain/gowin/gcc_riscv/riscv-none-elf/include/sys/_stdint.h"
 1564              		.file 4 "F:\\ALL_PROJECT\\gowin\\GMD_workspace\\my_1\\src/picorv32.h"
 1565              		.file 5 "F:/gowin/GMD/toolchain/gowin/gcc_riscv/riscv-none-elf/include/stdio.h"
DEFINED SYMBOLS
                            *ABS*:00000000 wbspiflash.c
C:\Users\nesus\AppData\Local\Temp\ccQ6Hdce.s:14     .text.SPI_reset:00000000 SPI_reset
C:\Users\nesus\AppData\Local\Temp\ccQ6Hdce.s:18     .text.SPI_reset:00000000 .L0 
C:\Users\nesus\AppData\Local\Temp\ccQ6Hdce.s:19     .text.SPI_reset:00000000 $xrv32i2p1_m2p0_c2p0_zicsr2p0_zmmul1p0
C:\Users\nesus\AppData\Local\Temp\ccQ6Hdce.s:19     .text.SPI_reset:00000000 .L0 
C:\Users\nesus\AppData\Local\Temp\ccQ6Hdce.s:20     .text.SPI_reset:00000002 .L0 
C:\Users\nesus\AppData\Local\Temp\ccQ6Hdce.s:23     .text.SPI_reset:00000006 .L0 
C:\Users\nesus\AppData\Local\Temp\ccQ6Hdce.s:24     .text.SPI_reset:00000006 .L0 
C:\Users\nesus\AppData\Local\Temp\ccQ6Hdce.s:26     .text.SPI_reset:00000008 .L0 
C:\Users\nesus\AppData\Local\Temp\ccQ6Hdce.s:28     .text.SPI_reset:00000008 .L0 
C:\Users\nesus\AppData\Local\Temp\ccQ6Hdce.s:32     .text.SPI_reset:00000012 .L0 
C:\Users\nesus\AppData\Local\Temp\ccQ6Hdce.s:35     .text.SPI_reset:00000018 .L0 
C:\Users\nesus\AppData\Local\Temp\ccQ6Hdce.s:38     .text.SPI_reset:0000001a .L0 
C:\Users\nesus\AppData\Local\Temp\ccQ6Hdce.s:41     .text.SPI_reset:00000020 .L0 
C:\Users\nesus\AppData\Local\Temp\ccQ6Hdce.s:43     .text.SPI_reset:00000022 .L0 
C:\Users\nesus\AppData\Local\Temp\ccQ6Hdce.s:45     .text.SPI_reset:00000024 .L0 
C:\Users\nesus\AppData\Local\Temp\ccQ6Hdce.s:47     .text.SPI_reset:00000026 .L0 
C:\Users\nesus\AppData\Local\Temp\ccQ6Hdce.s:48     .text.SPI_reset:00000028 .L0 
C:\Users\nesus\AppData\Local\Temp\ccQ6Hdce.s:50     .text.SPI_reset:0000002a .L0 
C:\Users\nesus\AppData\Local\Temp\ccQ6Hdce.s:51     .text.SPI_reset:0000002a .L0 
C:\Users\nesus\AppData\Local\Temp\ccQ6Hdce.s:53     .text.SPI_reset:0000002c .L0 
C:\Users\nesus\AppData\Local\Temp\ccQ6Hdce.s:55     .text.SPI_reset:0000002e .L0 
C:\Users\nesus\AppData\Local\Temp\ccQ6Hdce.s:62     .text.SPI_set_mode:00000000 SPI_set_mode
C:\Users\nesus\AppData\Local\Temp\ccQ6Hdce.s:65     .text.SPI_set_mode:00000000 .L0 
C:\Users\nesus\AppData\Local\Temp\ccQ6Hdce.s:66     .text.SPI_set_mode:00000000 $xrv32i2p1_m2p0_c2p0_zicsr2p0_zmmul1p0
C:\Users\nesus\AppData\Local\Temp\ccQ6Hdce.s:66     .text.SPI_set_mode:00000000 .L0 
C:\Users\nesus\AppData\Local\Temp\ccQ6Hdce.s:67     .text.SPI_set_mode:00000002 .L0 
C:\Users\nesus\AppData\Local\Temp\ccQ6Hdce.s:70     .text.SPI_set_mode:00000006 .L0 
C:\Users\nesus\AppData\Local\Temp\ccQ6Hdce.s:71     .text.SPI_set_mode:00000006 .L0 
C:\Users\nesus\AppData\Local\Temp\ccQ6Hdce.s:73     .text.SPI_set_mode:00000008 .L0 
C:\Users\nesus\AppData\Local\Temp\ccQ6Hdce.s:76     .text.SPI_set_mode:0000000c .L0 
C:\Users\nesus\AppData\Local\Temp\ccQ6Hdce.s:78     .text.SPI_set_mode:00000010 .L0 
C:\Users\nesus\AppData\Local\Temp\ccQ6Hdce.s:81     .text.SPI_set_mode:00000016 .L0 
C:\Users\nesus\AppData\Local\Temp\ccQ6Hdce.s:84     .text.SPI_set_mode:0000001e .L0 
C:\Users\nesus\AppData\Local\Temp\ccQ6Hdce.s:86     .text.SPI_set_mode:00000022 .L0 
C:\Users\nesus\AppData\Local\Temp\ccQ6Hdce.s:89     .text.SPI_set_mode:00000028 .L0 
C:\Users\nesus\AppData\Local\Temp\ccQ6Hdce.s:91     .text.SPI_set_mode:0000002a .L0 
C:\Users\nesus\AppData\Local\Temp\ccQ6Hdce.s:93     .text.SPI_set_mode:0000002c .L0 
C:\Users\nesus\AppData\Local\Temp\ccQ6Hdce.s:94     .text.SPI_set_mode:0000002e .L0 
C:\Users\nesus\AppData\Local\Temp\ccQ6Hdce.s:96     .text.SPI_set_mode:00000030 .L0 
C:\Users\nesus\AppData\Local\Temp\ccQ6Hdce.s:97     .text.SPI_set_mode:00000030 .L0 
C:\Users\nesus\AppData\Local\Temp\ccQ6Hdce.s:99     .text.SPI_set_mode:00000032 .L0 
C:\Users\nesus\AppData\Local\Temp\ccQ6Hdce.s:101    .text.SPI_set_mode:00000034 .L0 
C:\Users\nesus\AppData\Local\Temp\ccQ6Hdce.s:108    .text.SPI_set_addr_format:00000000 SPI_set_addr_format
C:\Users\nesus\AppData\Local\Temp\ccQ6Hdce.s:111    .text.SPI_set_addr_format:00000000 .L0 
C:\Users\nesus\AppData\Local\Temp\ccQ6Hdce.s:112    .text.SPI_set_addr_format:00000000 $xrv32i2p1_m2p0_c2p0_zicsr2p0_zmmul1p0
C:\Users\nesus\AppData\Local\Temp\ccQ6Hdce.s:112    .text.SPI_set_addr_format:00000000 .L0 
C:\Users\nesus\AppData\Local\Temp\ccQ6Hdce.s:113    .text.SPI_set_addr_format:00000002 .L0 
C:\Users\nesus\AppData\Local\Temp\ccQ6Hdce.s:116    .text.SPI_set_addr_format:00000006 .L0 
C:\Users\nesus\AppData\Local\Temp\ccQ6Hdce.s:117    .text.SPI_set_addr_format:00000006 .L0 
C:\Users\nesus\AppData\Local\Temp\ccQ6Hdce.s:119    .text.SPI_set_addr_format:00000008 .L0 
C:\Users\nesus\AppData\Local\Temp\ccQ6Hdce.s:125    .text.SPI_set_addr_format:00000016 .L0 
C:\Users\nesus\AppData\Local\Temp\ccQ6Hdce.s:128    .text.SPI_set_addr_format:0000001c .L0 
C:\Users\nesus\AppData\Local\Temp\ccQ6Hdce.s:130    .text.SPI_set_addr_format:00000020 .L0 
C:\Users\nesus\AppData\Local\Temp\ccQ6Hdce.s:133    .text.SPI_set_addr_format:00000026 .L0 
C:\Users\nesus\AppData\Local\Temp\ccQ6Hdce.s:138    .text.SPI_set_addr_format:00000032 .L0 
C:\Users\nesus\AppData\Local\Temp\ccQ6Hdce.s:141    .text.SPI_set_addr_format:0000003a .L0 
C:\Users\nesus\AppData\Local\Temp\ccQ6Hdce.s:143    .text.SPI_set_addr_format:0000003e .L0 
C:\Users\nesus\AppData\Local\Temp\ccQ6Hdce.s:146    .text.SPI_set_addr_format:00000044 .L0 
C:\Users\nesus\AppData\Local\Temp\ccQ6Hdce.s:148    .text.SPI_set_addr_format:00000046 .L0 
C:\Users\nesus\AppData\Local\Temp\ccQ6Hdce.s:150    .text.SPI_set_addr_format:0000004a .L0 
C:\Users\nesus\AppData\Local\Temp\ccQ6Hdce.s:153    .text.SPI_set_addr_format:00000050 .L0 
C:\Users\nesus\AppData\Local\Temp\ccQ6Hdce.s:158    .text.SPI_set_addr_format:0000005e .L0 
C:\Users\nesus\AppData\Local\Temp\ccQ6Hdce.s:160    .text.SPI_set_addr_format:00000062 .L0 
C:\Users\nesus\AppData\Local\Temp\ccQ6Hdce.s:163    .text.SPI_set_addr_format:00000068 .L0 
C:\Users\nesus\AppData\Local\Temp\ccQ6Hdce.s:165    .text.SPI_set_addr_format:0000006a .L0 
C:\Users\nesus\AppData\Local\Temp\ccQ6Hdce.s:168    .text.SPI_set_addr_format:0000006c .L0 
C:\Users\nesus\AppData\Local\Temp\ccQ6Hdce.s:171    .text.SPI_set_addr_format:0000006e .L0 
C:\Users\nesus\AppData\Local\Temp\ccQ6Hdce.s:172    .text.SPI_set_addr_format:00000070 .L0 
C:\Users\nesus\AppData\Local\Temp\ccQ6Hdce.s:174    .text.SPI_set_addr_format:00000072 .L0 
C:\Users\nesus\AppData\Local\Temp\ccQ6Hdce.s:175    .text.SPI_set_addr_format:00000072 .L0 
C:\Users\nesus\AppData\Local\Temp\ccQ6Hdce.s:177    .text.SPI_set_addr_format:00000074 .L0 
C:\Users\nesus\AppData\Local\Temp\ccQ6Hdce.s:179    .text.SPI_set_addr_format:00000076 .L0 
C:\Users\nesus\AppData\Local\Temp\ccQ6Hdce.s:186    .text.SPI_set_cmd_format:00000000 SPI_set_cmd_format
C:\Users\nesus\AppData\Local\Temp\ccQ6Hdce.s:189    .text.SPI_set_cmd_format:00000000 .L0 
C:\Users\nesus\AppData\Local\Temp\ccQ6Hdce.s:190    .text.SPI_set_cmd_format:00000000 $xrv32i2p1_m2p0_c2p0_zicsr2p0_zmmul1p0
C:\Users\nesus\AppData\Local\Temp\ccQ6Hdce.s:190    .text.SPI_set_cmd_format:00000000 .L0 
C:\Users\nesus\AppData\Local\Temp\ccQ6Hdce.s:191    .text.SPI_set_cmd_format:00000002 .L0 
C:\Users\nesus\AppData\Local\Temp\ccQ6Hdce.s:194    .text.SPI_set_cmd_format:00000006 .L0 
C:\Users\nesus\AppData\Local\Temp\ccQ6Hdce.s:195    .text.SPI_set_cmd_format:00000006 .L0 
C:\Users\nesus\AppData\Local\Temp\ccQ6Hdce.s:197    .text.SPI_set_cmd_format:00000008 .L0 
C:\Users\nesus\AppData\Local\Temp\ccQ6Hdce.s:201    .text.SPI_set_cmd_format:0000000e .L0 
C:\Users\nesus\AppData\Local\Temp\ccQ6Hdce.s:204    .text.SPI_set_cmd_format:00000014 .L0 
C:\Users\nesus\AppData\Local\Temp\ccQ6Hdce.s:206    .text.SPI_set_cmd_format:00000018 .L0 
C:\Users\nesus\AppData\Local\Temp\ccQ6Hdce.s:209    .text.SPI_set_cmd_format:0000001e .L0 
C:\Users\nesus\AppData\Local\Temp\ccQ6Hdce.s:214    .text.SPI_set_cmd_format:0000002c .L0 
C:\Users\nesus\AppData\Local\Temp\ccQ6Hdce.s:216    .text.SPI_set_cmd_format:00000030 .L0 
C:\Users\nesus\AppData\Local\Temp\ccQ6Hdce.s:219    .text.SPI_set_cmd_format:00000036 .L0 
C:\Users\nesus\AppData\Local\Temp\ccQ6Hdce.s:221    .text.SPI_set_cmd_format:00000038 .L0 
C:\Users\nesus\AppData\Local\Temp\ccQ6Hdce.s:224    .text.SPI_set_cmd_format:0000003a .L0 
C:\Users\nesus\AppData\Local\Temp\ccQ6Hdce.s:227    .text.SPI_set_cmd_format:0000003c .L0 
C:\Users\nesus\AppData\Local\Temp\ccQ6Hdce.s:228    .text.SPI_set_cmd_format:0000003e .L0 
C:\Users\nesus\AppData\Local\Temp\ccQ6Hdce.s:230    .text.SPI_set_cmd_format:00000040 .L0 
C:\Users\nesus\AppData\Local\Temp\ccQ6Hdce.s:231    .text.SPI_set_cmd_format:00000040 .L0 
C:\Users\nesus\AppData\Local\Temp\ccQ6Hdce.s:233    .text.SPI_set_cmd_format:00000042 .L0 
C:\Users\nesus\AppData\Local\Temp\ccQ6Hdce.s:235    .text.SPI_set_cmd_format:00000044 .L0 
C:\Users\nesus\AppData\Local\Temp\ccQ6Hdce.s:242    .text.SPI_set_data_format:00000000 SPI_set_data_format
C:\Users\nesus\AppData\Local\Temp\ccQ6Hdce.s:245    .text.SPI_set_data_format:00000000 .L0 
C:\Users\nesus\AppData\Local\Temp\ccQ6Hdce.s:246    .text.SPI_set_data_format:00000000 $xrv32i2p1_m2p0_c2p0_zicsr2p0_zmmul1p0
C:\Users\nesus\AppData\Local\Temp\ccQ6Hdce.s:246    .text.SPI_set_data_format:00000000 .L0 
C:\Users\nesus\AppData\Local\Temp\ccQ6Hdce.s:247    .text.SPI_set_data_format:00000002 .L0 
C:\Users\nesus\AppData\Local\Temp\ccQ6Hdce.s:250    .text.SPI_set_data_format:00000006 .L0 
C:\Users\nesus\AppData\Local\Temp\ccQ6Hdce.s:251    .text.SPI_set_data_format:00000006 .L0 
C:\Users\nesus\AppData\Local\Temp\ccQ6Hdce.s:253    .text.SPI_set_data_format:00000008 .L0 
C:\Users\nesus\AppData\Local\Temp\ccQ6Hdce.s:260    .text.SPI_set_data_format:00000016 .L0 
C:\Users\nesus\AppData\Local\Temp\ccQ6Hdce.s:262    .text.SPI_set_data_format:0000001a .L0 
C:\Users\nesus\AppData\Local\Temp\ccQ6Hdce.s:265    .text.SPI_set_data_format:00000020 .L0 
C:\Users\nesus\AppData\Local\Temp\ccQ6Hdce.s:270    .text.SPI_set_data_format:0000002e .L0 
C:\Users\nesus\AppData\Local\Temp\ccQ6Hdce.s:273    .text.SPI_set_data_format:00000034 .L0 
C:\Users\nesus\AppData\Local\Temp\ccQ6Hdce.s:278    .text.SPI_set_data_format:00000040 .L0 
C:\Users\nesus\AppData\Local\Temp\ccQ6Hdce.s:280    .text.SPI_set_data_format:00000044 .L0 
C:\Users\nesus\AppData\Local\Temp\ccQ6Hdce.s:282    .text.SPI_set_data_format:00000046 .L0 
C:\Users\nesus\AppData\Local\Temp\ccQ6Hdce.s:284    .text.SPI_set_data_format:00000048 .L0 
C:\Users\nesus\AppData\Local\Temp\ccQ6Hdce.s:288    .text.SPI_set_data_format:00000052 .L0 
C:\Users\nesus\AppData\Local\Temp\ccQ6Hdce.s:290    .text.SPI_set_data_format:00000056 .L0 
C:\Users\nesus\AppData\Local\Temp\ccQ6Hdce.s:293    .text.SPI_set_data_format:0000005c .L0 
C:\Users\nesus\AppData\Local\Temp\ccQ6Hdce.s:296    .text.SPI_set_data_format:00000064 .L0 
C:\Users\nesus\AppData\Local\Temp\ccQ6Hdce.s:300    .text.SPI_set_data_format:0000006e .L0 
C:\Users\nesus\AppData\Local\Temp\ccQ6Hdce.s:302    .text.SPI_set_data_format:00000072 .L0 
C:\Users\nesus\AppData\Local\Temp\ccQ6Hdce.s:304    .text.SPI_set_data_format:00000074 .L0 
C:\Users\nesus\AppData\Local\Temp\ccQ6Hdce.s:306    .text.SPI_set_data_format:00000076 .L0 
C:\Users\nesus\AppData\Local\Temp\ccQ6Hdce.s:310    .text.SPI_set_data_format:0000007a .L0 
C:\Users\nesus\AppData\Local\Temp\ccQ6Hdce.s:311    .text.SPI_set_data_format:0000007c .L0 
C:\Users\nesus\AppData\Local\Temp\ccQ6Hdce.s:313    .text.SPI_set_data_format:0000007e .L0 
C:\Users\nesus\AppData\Local\Temp\ccQ6Hdce.s:314    .text.SPI_set_data_format:0000007e .L0 
C:\Users\nesus\AppData\Local\Temp\ccQ6Hdce.s:316    .text.SPI_set_data_format:00000080 .L0 
C:\Users\nesus\AppData\Local\Temp\ccQ6Hdce.s:318    .text.SPI_set_data_format:00000082 .L0 
C:\Users\nesus\AppData\Local\Temp\ccQ6Hdce.s:325    .text.SPI_set_transfer_format:00000000 SPI_set_transfer_format
C:\Users\nesus\AppData\Local\Temp\ccQ6Hdce.s:328    .text.SPI_set_transfer_format:00000000 .L0 
C:\Users\nesus\AppData\Local\Temp\ccQ6Hdce.s:329    .text.SPI_set_transfer_format:00000000 $xrv32i2p1_m2p0_c2p0_zicsr2p0_zmmul1p0
C:\Users\nesus\AppData\Local\Temp\ccQ6Hdce.s:329    .text.SPI_set_transfer_format:00000000 .L0 
C:\Users\nesus\AppData\Local\Temp\ccQ6Hdce.s:330    .text.SPI_set_transfer_format:00000002 .L0 
C:\Users\nesus\AppData\Local\Temp\ccQ6Hdce.s:333    .text.SPI_set_transfer_format:00000006 .L0 
C:\Users\nesus\AppData\Local\Temp\ccQ6Hdce.s:334    .text.SPI_set_transfer_format:00000006 .L0 
C:\Users\nesus\AppData\Local\Temp\ccQ6Hdce.s:336    .text.SPI_set_transfer_format:00000008 .L0 
C:\Users\nesus\AppData\Local\Temp\ccQ6Hdce.s:342    .text.SPI_set_transfer_format:00000018 .L0 
C:\Users\nesus\AppData\Local\Temp\ccQ6Hdce.s:344    .text.SPI_set_transfer_format:0000001c .L0 
C:\Users\nesus\AppData\Local\Temp\ccQ6Hdce.s:347    .text.SPI_set_transfer_format:00000022 .L0 
C:\Users\nesus\AppData\Local\Temp\ccQ6Hdce.s:351    .text.SPI_set_transfer_format:0000002c .L0 
C:\Users\nesus\AppData\Local\Temp\ccQ6Hdce.s:355    .text.SPI_set_transfer_format:00000034 .L0 
C:\Users\nesus\AppData\Local\Temp\ccQ6Hdce.s:357    .text.SPI_set_transfer_format:00000036 .L0 
C:\Users\nesus\AppData\Local\Temp\ccQ6Hdce.s:360    .text.SPI_set_transfer_format:0000003c .L0 
C:\Users\nesus\AppData\Local\Temp\ccQ6Hdce.s:363    .text.SPI_set_transfer_format:00000042 .L0 
C:\Users\nesus\AppData\Local\Temp\ccQ6Hdce.s:366    .text.SPI_set_transfer_format:0000004a .L0 
C:\Users\nesus\AppData\Local\Temp\ccQ6Hdce.s:368    .text.SPI_set_transfer_format:0000004e .L0 
C:\Users\nesus\AppData\Local\Temp\ccQ6Hdce.s:371    .text.SPI_set_transfer_format:00000054 .L0 
C:\Users\nesus\AppData\Local\Temp\ccQ6Hdce.s:373    .text.SPI_set_transfer_format:00000056 .L0 
C:\Users\nesus\AppData\Local\Temp\ccQ6Hdce.s:375    .text.SPI_set_transfer_format:00000058 .L0 
C:\Users\nesus\AppData\Local\Temp\ccQ6Hdce.s:376    .text.SPI_set_transfer_format:0000005a .L0 
C:\Users\nesus\AppData\Local\Temp\ccQ6Hdce.s:378    .text.SPI_set_transfer_format:0000005c .L0 
C:\Users\nesus\AppData\Local\Temp\ccQ6Hdce.s:379    .text.SPI_set_transfer_format:0000005c .L0 
C:\Users\nesus\AppData\Local\Temp\ccQ6Hdce.s:381    .text.SPI_set_transfer_format:0000005e .L0 
C:\Users\nesus\AppData\Local\Temp\ccQ6Hdce.s:383    .text.SPI_set_transfer_format:00000060 .L0 
C:\Users\nesus\AppData\Local\Temp\ccQ6Hdce.s:390    .text.SPI_set_trans_ctrl:00000000 SPI_set_trans_ctrl
C:\Users\nesus\AppData\Local\Temp\ccQ6Hdce.s:393    .text.SPI_set_trans_ctrl:00000000 .L0 
C:\Users\nesus\AppData\Local\Temp\ccQ6Hdce.s:394    .text.SPI_set_trans_ctrl:00000000 $xrv32i2p1_m2p0_c2p0_zicsr2p0_zmmul1p0
C:\Users\nesus\AppData\Local\Temp\ccQ6Hdce.s:394    .text.SPI_set_trans_ctrl:00000000 .L0 
C:\Users\nesus\AppData\Local\Temp\ccQ6Hdce.s:395    .text.SPI_set_trans_ctrl:00000002 .L0 
C:\Users\nesus\AppData\Local\Temp\ccQ6Hdce.s:398    .text.SPI_set_trans_ctrl:00000006 .L0 
C:\Users\nesus\AppData\Local\Temp\ccQ6Hdce.s:399    .text.SPI_set_trans_ctrl:00000006 .L0 
C:\Users\nesus\AppData\Local\Temp\ccQ6Hdce.s:401    .text.SPI_set_trans_ctrl:00000008 .L0 
C:\Users\nesus\AppData\Local\Temp\ccQ6Hdce.s:406    .text.SPI_set_trans_ctrl:00000014 .L0 
C:\Users\nesus\AppData\Local\Temp\ccQ6Hdce.s:408    .text.SPI_set_trans_ctrl:00000018 .L0 
C:\Users\nesus\AppData\Local\Temp\ccQ6Hdce.s:411    .text.SPI_set_trans_ctrl:0000001e .L0 
C:\Users\nesus\AppData\Local\Temp\ccQ6Hdce.s:413    .text.SPI_set_trans_ctrl:00000022 .L0 
C:\Users\nesus\AppData\Local\Temp\ccQ6Hdce.s:418    .text.SPI_set_trans_ctrl:00000030 .L0 
C:\Users\nesus\AppData\Local\Temp\ccQ6Hdce.s:420    .text.SPI_set_trans_ctrl:00000032 .L0 
C:\Users\nesus\AppData\Local\Temp\ccQ6Hdce.s:424    .text.SPI_set_trans_ctrl:0000003c .L0 
C:\Users\nesus\AppData\Local\Temp\ccQ6Hdce.s:428    .text.SPI_set_trans_ctrl:00000044 .L0 
C:\Users\nesus\AppData\Local\Temp\ccQ6Hdce.s:432    .text.SPI_set_trans_ctrl:0000004e .L0 
C:\Users\nesus\AppData\Local\Temp\ccQ6Hdce.s:436    .text.SPI_set_trans_ctrl:00000056 .L0 
C:\Users\nesus\AppData\Local\Temp\ccQ6Hdce.s:439    .text.SPI_set_trans_ctrl:0000005c .L0 
C:\Users\nesus\AppData\Local\Temp\ccQ6Hdce.s:442    .text.SPI_set_trans_ctrl:00000062 .L0 
C:\Users\nesus\AppData\Local\Temp\ccQ6Hdce.s:445    .text.SPI_set_trans_ctrl:00000068 .L0 
C:\Users\nesus\AppData\Local\Temp\ccQ6Hdce.s:447    .text.SPI_set_trans_ctrl:0000006c .L0 
C:\Users\nesus\AppData\Local\Temp\ccQ6Hdce.s:450    .text.SPI_set_trans_ctrl:00000070 .L0 
C:\Users\nesus\AppData\Local\Temp\ccQ6Hdce.s:452    .text.SPI_set_trans_ctrl:00000072 .L0 
C:\Users\nesus\AppData\Local\Temp\ccQ6Hdce.s:453    .text.SPI_set_trans_ctrl:00000074 .L0 
C:\Users\nesus\AppData\Local\Temp\ccQ6Hdce.s:455    .text.SPI_set_trans_ctrl:00000076 .L0 
C:\Users\nesus\AppData\Local\Temp\ccQ6Hdce.s:456    .text.SPI_set_trans_ctrl:00000076 .L0 
C:\Users\nesus\AppData\Local\Temp\ccQ6Hdce.s:458    .text.SPI_set_trans_ctrl:00000078 .L0 
C:\Users\nesus\AppData\Local\Temp\ccQ6Hdce.s:460    .text.SPI_set_trans_ctrl:0000007a .L0 
C:\Users\nesus\AppData\Local\Temp\ccQ6Hdce.s:467    .text.SPI_set_token:00000000 SPI_set_token
C:\Users\nesus\AppData\Local\Temp\ccQ6Hdce.s:470    .text.SPI_set_token:00000000 .L0 
C:\Users\nesus\AppData\Local\Temp\ccQ6Hdce.s:471    .text.SPI_set_token:00000000 $xrv32i2p1_m2p0_c2p0_zicsr2p0_zmmul1p0
C:\Users\nesus\AppData\Local\Temp\ccQ6Hdce.s:471    .text.SPI_set_token:00000000 .L0 
C:\Users\nesus\AppData\Local\Temp\ccQ6Hdce.s:472    .text.SPI_set_token:00000002 .L0 
C:\Users\nesus\AppData\Local\Temp\ccQ6Hdce.s:475    .text.SPI_set_token:00000006 .L0 
C:\Users\nesus\AppData\Local\Temp\ccQ6Hdce.s:476    .text.SPI_set_token:00000006 .L0 
C:\Users\nesus\AppData\Local\Temp\ccQ6Hdce.s:478    .text.SPI_set_token:00000008 .L0 
C:\Users\nesus\AppData\Local\Temp\ccQ6Hdce.s:485    .text.SPI_set_token:00000016 .L0 
C:\Users\nesus\AppData\Local\Temp\ccQ6Hdce.s:487    .text.SPI_set_token:0000001a .L0 
C:\Users\nesus\AppData\Local\Temp\ccQ6Hdce.s:490    .text.SPI_set_token:00000020 .L0 
C:\Users\nesus\AppData\Local\Temp\ccQ6Hdce.s:493    .text.SPI_set_token:00000026 .L0 
C:\Users\nesus\AppData\Local\Temp\ccQ6Hdce.s:498    .text.SPI_set_token:00000034 .L0 
C:\Users\nesus\AppData\Local\Temp\ccQ6Hdce.s:504    .text.SPI_set_token:00000044 .L0 
C:\Users\nesus\AppData\Local\Temp\ccQ6Hdce.s:506    .text.SPI_set_token:00000048 .L0 
C:\Users\nesus\AppData\Local\Temp\ccQ6Hdce.s:508    .text.SPI_set_token:0000004c .L0 
C:\Users\nesus\AppData\Local\Temp\ccQ6Hdce.s:511    .text.SPI_set_token:00000052 .L0 
C:\Users\nesus\AppData\Local\Temp\ccQ6Hdce.s:515    .text.SPI_set_token:00000056 .L0 
C:\Users\nesus\AppData\Local\Temp\ccQ6Hdce.s:518    .text.SPI_set_token:00000058 .L0 
C:\Users\nesus\AppData\Local\Temp\ccQ6Hdce.s:519    .text.SPI_set_token:0000005a .L0 
C:\Users\nesus\AppData\Local\Temp\ccQ6Hdce.s:521    .text.SPI_set_token:0000005c .L0 
C:\Users\nesus\AppData\Local\Temp\ccQ6Hdce.s:522    .text.SPI_set_token:0000005c .L0 
C:\Users\nesus\AppData\Local\Temp\ccQ6Hdce.s:524    .text.SPI_set_token:0000005e .L0 
C:\Users\nesus\AppData\Local\Temp\ccQ6Hdce.s:526    .text.SPI_set_token:00000060 .L0 
C:\Users\nesus\AppData\Local\Temp\ccQ6Hdce.s:533    .text.SPI_tx_fifo_reset:00000000 SPI_tx_fifo_reset
C:\Users\nesus\AppData\Local\Temp\ccQ6Hdce.s:536    .text.SPI_tx_fifo_reset:00000000 .L0 
C:\Users\nesus\AppData\Local\Temp\ccQ6Hdce.s:537    .text.SPI_tx_fifo_reset:00000000 $xrv32i2p1_m2p0_c2p0_zicsr2p0_zmmul1p0
C:\Users\nesus\AppData\Local\Temp\ccQ6Hdce.s:537    .text.SPI_tx_fifo_reset:00000000 .L0 
C:\Users\nesus\AppData\Local\Temp\ccQ6Hdce.s:538    .text.SPI_tx_fifo_reset:00000002 .L0 
C:\Users\nesus\AppData\Local\Temp\ccQ6Hdce.s:541    .text.SPI_tx_fifo_reset:00000006 .L0 
C:\Users\nesus\AppData\Local\Temp\ccQ6Hdce.s:542    .text.SPI_tx_fifo_reset:00000006 .L0 
C:\Users\nesus\AppData\Local\Temp\ccQ6Hdce.s:544    .text.SPI_tx_fifo_reset:00000008 .L0 
C:\Users\nesus\AppData\Local\Temp\ccQ6Hdce.s:546    .text.SPI_tx_fifo_reset:00000008 .L0 
C:\Users\nesus\AppData\Local\Temp\ccQ6Hdce.s:550    .text.SPI_tx_fifo_reset:00000012 .L0 
C:\Users\nesus\AppData\Local\Temp\ccQ6Hdce.s:553    .text.SPI_tx_fifo_reset:00000018 .L0 
C:\Users\nesus\AppData\Local\Temp\ccQ6Hdce.s:556    .text.SPI_tx_fifo_reset:0000001a .L0 
C:\Users\nesus\AppData\Local\Temp\ccQ6Hdce.s:559    .text.SPI_tx_fifo_reset:00000020 .L0 
C:\Users\nesus\AppData\Local\Temp\ccQ6Hdce.s:561    .text.SPI_tx_fifo_reset:00000022 .L0 
C:\Users\nesus\AppData\Local\Temp\ccQ6Hdce.s:563    .text.SPI_tx_fifo_reset:00000024 .L0 
C:\Users\nesus\AppData\Local\Temp\ccQ6Hdce.s:566    .text.SPI_tx_fifo_reset:0000002a .L0 
C:\Users\nesus\AppData\Local\Temp\ccQ6Hdce.s:568    .text.SPI_tx_fifo_reset:0000002c .L0 
C:\Users\nesus\AppData\Local\Temp\ccQ6Hdce.s:569    .text.SPI_tx_fifo_reset:0000002c .L0 
C:\Users\nesus\AppData\Local\Temp\ccQ6Hdce.s:571    .text.SPI_tx_fifo_reset:0000002e .L0 
C:\Users\nesus\AppData\Local\Temp\ccQ6Hdce.s:573    .text.SPI_tx_fifo_reset:00000030 .L0 
C:\Users\nesus\AppData\Local\Temp\ccQ6Hdce.s:580    .text.SPI_rx_fifo_reset:00000000 SPI_rx_fifo_reset
C:\Users\nesus\AppData\Local\Temp\ccQ6Hdce.s:583    .text.SPI_rx_fifo_reset:00000000 .L0 
C:\Users\nesus\AppData\Local\Temp\ccQ6Hdce.s:584    .text.SPI_rx_fifo_reset:00000000 $xrv32i2p1_m2p0_c2p0_zicsr2p0_zmmul1p0
C:\Users\nesus\AppData\Local\Temp\ccQ6Hdce.s:584    .text.SPI_rx_fifo_reset:00000000 .L0 
C:\Users\nesus\AppData\Local\Temp\ccQ6Hdce.s:585    .text.SPI_rx_fifo_reset:00000002 .L0 
C:\Users\nesus\AppData\Local\Temp\ccQ6Hdce.s:588    .text.SPI_rx_fifo_reset:00000006 .L0 
C:\Users\nesus\AppData\Local\Temp\ccQ6Hdce.s:589    .text.SPI_rx_fifo_reset:00000006 .L0 
C:\Users\nesus\AppData\Local\Temp\ccQ6Hdce.s:591    .text.SPI_rx_fifo_reset:00000008 .L0 
C:\Users\nesus\AppData\Local\Temp\ccQ6Hdce.s:593    .text.SPI_rx_fifo_reset:00000008 .L0 
C:\Users\nesus\AppData\Local\Temp\ccQ6Hdce.s:597    .text.SPI_rx_fifo_reset:00000012 .L0 
C:\Users\nesus\AppData\Local\Temp\ccQ6Hdce.s:600    .text.SPI_rx_fifo_reset:00000018 .L0 
C:\Users\nesus\AppData\Local\Temp\ccQ6Hdce.s:603    .text.SPI_rx_fifo_reset:0000001a .L0 
C:\Users\nesus\AppData\Local\Temp\ccQ6Hdce.s:606    .text.SPI_rx_fifo_reset:00000020 .L0 
C:\Users\nesus\AppData\Local\Temp\ccQ6Hdce.s:608    .text.SPI_rx_fifo_reset:00000022 .L0 
C:\Users\nesus\AppData\Local\Temp\ccQ6Hdce.s:610    .text.SPI_rx_fifo_reset:00000024 .L0 
C:\Users\nesus\AppData\Local\Temp\ccQ6Hdce.s:613    .text.SPI_rx_fifo_reset:0000002a .L0 
C:\Users\nesus\AppData\Local\Temp\ccQ6Hdce.s:615    .text.SPI_rx_fifo_reset:0000002c .L0 
C:\Users\nesus\AppData\Local\Temp\ccQ6Hdce.s:616    .text.SPI_rx_fifo_reset:0000002c .L0 
C:\Users\nesus\AppData\Local\Temp\ccQ6Hdce.s:618    .text.SPI_rx_fifo_reset:0000002e .L0 
C:\Users\nesus\AppData\Local\Temp\ccQ6Hdce.s:620    .text.SPI_rx_fifo_reset:00000030 .L0 
C:\Users\nesus\AppData\Local\Temp\ccQ6Hdce.s:627    .text.spi_get_fifo_depth:00000000 spi_get_fifo_depth
C:\Users\nesus\AppData\Local\Temp\ccQ6Hdce.s:630    .text.spi_get_fifo_depth:00000000 .L0 
C:\Users\nesus\AppData\Local\Temp\ccQ6Hdce.s:632    .text.spi_get_fifo_depth:00000000 .L0 
C:\Users\nesus\AppData\Local\Temp\ccQ6Hdce.s:633    .text.spi_get_fifo_depth:00000000 .L0 
C:\Users\nesus\AppData\Local\Temp\ccQ6Hdce.s:635    .text.spi_get_fifo_depth:00000000 .L0 
C:\Users\nesus\AppData\Local\Temp\ccQ6Hdce.s:636    .text.spi_get_fifo_depth:00000000 .L0 
C:\Users\nesus\AppData\Local\Temp\ccQ6Hdce.s:638    .text.spi_get_fifo_depth:00000000 .L0 
C:\Users\nesus\AppData\Local\Temp\ccQ6Hdce.s:639    .text.spi_get_fifo_depth:00000000 $xrv32i2p1_m2p0_c2p0_zicsr2p0_zmmul1p0
C:\Users\nesus\AppData\Local\Temp\ccQ6Hdce.s:639    .text.spi_get_fifo_depth:00000000 .L0 
C:\Users\nesus\AppData\Local\Temp\ccQ6Hdce.s:642    .text.spi_get_fifo_depth:00000002 .L0 
C:\Users\nesus\AppData\Local\Temp\ccQ6Hdce.s:645    .text.spi_get_fifo_depth:00000004 .L0 
C:\Users\nesus\AppData\Local\Temp\ccQ6Hdce.s:650    .text.spi_get_fifo_depth:00000006 .L0 
C:\Users\nesus\AppData\Local\Temp\ccQ6Hdce.s:651    .text.spi_get_fifo_depth:00000006 .L0 
C:\Users\nesus\AppData\Local\Temp\ccQ6Hdce.s:653    .text.spi_get_fifo_depth:0000000a .L0 
C:\Users\nesus\AppData\Local\Temp\ccQ6Hdce.s:656    .text.spi_get_fifo_depth:0000000c .L0 
C:\Users\nesus\AppData\Local\Temp\ccQ6Hdce.s:659    .text.spi_get_fifo_depth:00000010 .L0 
C:\Users\nesus\AppData\Local\Temp\ccQ6Hdce.s:660    .text.spi_get_fifo_depth:00000010 .L0 
C:\Users\nesus\AppData\Local\Temp\ccQ6Hdce.s:663    .text.spi_get_fifo_depth:00000014 .L0 
C:\Users\nesus\AppData\Local\Temp\ccQ6Hdce.s:664    .text.spi_get_fifo_depth:00000014 .L0 
C:\Users\nesus\AppData\Local\Temp\ccQ6Hdce.s:665    .text.spi_get_fifo_depth:00000016 .L0 
C:\Users\nesus\AppData\Local\Temp\ccQ6Hdce.s:676    .text.SPI_set_tx_threshold:00000000 SPI_set_tx_threshold
C:\Users\nesus\AppData\Local\Temp\ccQ6Hdce.s:679    .text.SPI_set_tx_threshold:00000000 .L0 
C:\Users\nesus\AppData\Local\Temp\ccQ6Hdce.s:680    .text.SPI_set_tx_threshold:00000000 $xrv32i2p1_m2p0_c2p0_zicsr2p0_zmmul1p0
C:\Users\nesus\AppData\Local\Temp\ccQ6Hdce.s:680    .text.SPI_set_tx_threshold:00000000 .L0 
C:\Users\nesus\AppData\Local\Temp\ccQ6Hdce.s:681    .text.SPI_set_tx_threshold:00000002 .L0 
C:\Users\nesus\AppData\Local\Temp\ccQ6Hdce.s:684    .text.SPI_set_tx_threshold:00000006 .L0 
C:\Users\nesus\AppData\Local\Temp\ccQ6Hdce.s:685    .text.SPI_set_tx_threshold:00000006 .L0 
C:\Users\nesus\AppData\Local\Temp\ccQ6Hdce.s:687    .text.SPI_set_tx_threshold:00000008 .L0 
C:\Users\nesus\AppData\Local\Temp\ccQ6Hdce.s:691    .text.SPI_set_tx_threshold:0000000e .L0 
C:\Users\nesus\AppData\Local\Temp\ccQ6Hdce.s:693    .text.SPI_set_tx_threshold:00000012 .L0 
C:\Users\nesus\AppData\Local\Temp\ccQ6Hdce.s:696    .text.SPI_set_tx_threshold:00000018 .L0 
C:\Users\nesus\AppData\Local\Temp\ccQ6Hdce.s:700    .text.SPI_set_tx_threshold:00000022 .L0 
C:\Users\nesus\AppData\Local\Temp\ccQ6Hdce.s:703    .text.SPI_set_tx_threshold:00000028 .L0 
C:\Users\nesus\AppData\Local\Temp\ccQ6Hdce.s:709    .text.SPI_set_tx_threshold:0000003c .L0 
C:\Users\nesus\AppData\Local\Temp\ccQ6Hdce.s:713    .text.SPI_set_tx_threshold:00000048 .L0 
C:\Users\nesus\AppData\Local\Temp\ccQ6Hdce.s:716    .text.SPI_set_tx_threshold:00000058 .L0 
C:\Users\nesus\AppData\Local\Temp\ccQ6Hdce.s:719    .text.SPI_set_tx_threshold:0000005a .L0 
C:\Users\nesus\AppData\Local\Temp\ccQ6Hdce.s:723    .text.SPI_set_tx_threshold:00000064 .L0 
C:\Users\nesus\AppData\Local\Temp\ccQ6Hdce.s:728    .text.SPI_set_tx_threshold:0000006e .L0 
C:\Users\nesus\AppData\Local\Temp\ccQ6Hdce.s:731    .text.SPI_set_tx_threshold:00000074 .L0 
C:\Users\nesus\AppData\Local\Temp\ccQ6Hdce.s:734    .text.SPI_set_tx_threshold:0000007c .L0 
C:\Users\nesus\AppData\Local\Temp\ccQ6Hdce.s:736    .text.SPI_set_tx_threshold:00000080 .L0 
C:\Users\nesus\AppData\Local\Temp\ccQ6Hdce.s:739    .text.SPI_set_tx_threshold:00000084 .L0 
C:\Users\nesus\AppData\Local\Temp\ccQ6Hdce.s:742    .text.SPI_set_tx_threshold:00000086 .L0 
C:\Users\nesus\AppData\Local\Temp\ccQ6Hdce.s:743    .text.SPI_set_tx_threshold:00000088 .L0 
C:\Users\nesus\AppData\Local\Temp\ccQ6Hdce.s:745    .text.SPI_set_tx_threshold:0000008a .L0 
C:\Users\nesus\AppData\Local\Temp\ccQ6Hdce.s:746    .text.SPI_set_tx_threshold:0000008a .L0 
C:\Users\nesus\AppData\Local\Temp\ccQ6Hdce.s:748    .text.SPI_set_tx_threshold:0000008c .L0 
C:\Users\nesus\AppData\Local\Temp\ccQ6Hdce.s:750    .text.SPI_set_tx_threshold:0000008e .L0 
C:\Users\nesus\AppData\Local\Temp\ccQ6Hdce.s:761    .text.SPI_set_rx_threshold:00000000 SPI_set_rx_threshold
C:\Users\nesus\AppData\Local\Temp\ccQ6Hdce.s:764    .text.SPI_set_rx_threshold:00000000 .L0 
C:\Users\nesus\AppData\Local\Temp\ccQ6Hdce.s:765    .text.SPI_set_rx_threshold:00000000 $xrv32i2p1_m2p0_c2p0_zicsr2p0_zmmul1p0
C:\Users\nesus\AppData\Local\Temp\ccQ6Hdce.s:765    .text.SPI_set_rx_threshold:00000000 .L0 
C:\Users\nesus\AppData\Local\Temp\ccQ6Hdce.s:766    .text.SPI_set_rx_threshold:00000002 .L0 
C:\Users\nesus\AppData\Local\Temp\ccQ6Hdce.s:769    .text.SPI_set_rx_threshold:00000006 .L0 
C:\Users\nesus\AppData\Local\Temp\ccQ6Hdce.s:770    .text.SPI_set_rx_threshold:00000006 .L0 
C:\Users\nesus\AppData\Local\Temp\ccQ6Hdce.s:772    .text.SPI_set_rx_threshold:00000008 .L0 
C:\Users\nesus\AppData\Local\Temp\ccQ6Hdce.s:776    .text.SPI_set_rx_threshold:0000000e .L0 
C:\Users\nesus\AppData\Local\Temp\ccQ6Hdce.s:778    .text.SPI_set_rx_threshold:00000012 .L0 
C:\Users\nesus\AppData\Local\Temp\ccQ6Hdce.s:781    .text.SPI_set_rx_threshold:00000018 .L0 
C:\Users\nesus\AppData\Local\Temp\ccQ6Hdce.s:784    .text.SPI_set_rx_threshold:00000020 .L0 
C:\Users\nesus\AppData\Local\Temp\ccQ6Hdce.s:787    .text.SPI_set_rx_threshold:00000026 .L0 
C:\Users\nesus\AppData\Local\Temp\ccQ6Hdce.s:793    .text.SPI_set_rx_threshold:0000003a .L0 
C:\Users\nesus\AppData\Local\Temp\ccQ6Hdce.s:797    .text.SPI_set_rx_threshold:00000046 .L0 
C:\Users\nesus\AppData\Local\Temp\ccQ6Hdce.s:800    .text.SPI_set_rx_threshold:00000056 .L0 
C:\Users\nesus\AppData\Local\Temp\ccQ6Hdce.s:803    .text.SPI_set_rx_threshold:00000058 .L0 
C:\Users\nesus\AppData\Local\Temp\ccQ6Hdce.s:807    .text.SPI_set_rx_threshold:00000062 .L0 
C:\Users\nesus\AppData\Local\Temp\ccQ6Hdce.s:812    .text.SPI_set_rx_threshold:0000006c .L0 
C:\Users\nesus\AppData\Local\Temp\ccQ6Hdce.s:815    .text.SPI_set_rx_threshold:00000072 .L0 
C:\Users\nesus\AppData\Local\Temp\ccQ6Hdce.s:818    .text.SPI_set_rx_threshold:0000007a .L0 
C:\Users\nesus\AppData\Local\Temp\ccQ6Hdce.s:820    .text.SPI_set_rx_threshold:0000007e .L0 
C:\Users\nesus\AppData\Local\Temp\ccQ6Hdce.s:823    .text.SPI_set_rx_threshold:00000082 .L0 
C:\Users\nesus\AppData\Local\Temp\ccQ6Hdce.s:826    .text.SPI_set_rx_threshold:00000084 .L0 
C:\Users\nesus\AppData\Local\Temp\ccQ6Hdce.s:827    .text.SPI_set_rx_threshold:00000086 .L0 
C:\Users\nesus\AppData\Local\Temp\ccQ6Hdce.s:829    .text.SPI_set_rx_threshold:00000088 .L0 
C:\Users\nesus\AppData\Local\Temp\ccQ6Hdce.s:830    .text.SPI_set_rx_threshold:00000088 .L0 
C:\Users\nesus\AppData\Local\Temp\ccQ6Hdce.s:832    .text.SPI_set_rx_threshold:0000008a .L0 
C:\Users\nesus\AppData\Local\Temp\ccQ6Hdce.s:834    .text.SPI_set_rx_threshold:0000008c .L0 
C:\Users\nesus\AppData\Local\Temp\ccQ6Hdce.s:841    .text.spi_flash_init:00000000 spi_flash_init
C:\Users\nesus\AppData\Local\Temp\ccQ6Hdce.s:844    .text.spi_flash_init:00000000 .L0 
C:\Users\nesus\AppData\Local\Temp\ccQ6Hdce.s:845    .text.spi_flash_init:00000000 $xrv32i2p1_m2p0_c2p0_zicsr2p0_zmmul1p0
C:\Users\nesus\AppData\Local\Temp\ccQ6Hdce.s:845    .text.spi_flash_init:00000000 .L0 
C:\Users\nesus\AppData\Local\Temp\ccQ6Hdce.s:846    .text.spi_flash_init:00000008 .L0 
C:\Users\nesus\AppData\Local\Temp\ccQ6Hdce.s:847    .text.spi_flash_init:00000008 .L0 
C:\Users\nesus\AppData\Local\Temp\ccQ6Hdce.s:848    .text.spi_flash_init:00000008 .L0 
C:\Users\nesus\AppData\Local\Temp\ccQ6Hdce.s:849    .text.spi_flash_init:00000008 .L0 
C:\Users\nesus\AppData\Local\Temp\ccQ6Hdce.s:851    .text.spi_flash_init:00000008 .L0 
C:\Users\nesus\AppData\Local\Temp\ccQ6Hdce.s:852    .text.spi_flash_init:00000008 .L0 
C:\Users\nesus\AppData\Local\Temp\ccQ6Hdce.s:853    .text.spi_flash_init:00000008 .L0 
C:\Users\nesus\AppData\Local\Temp\ccQ6Hdce.s:856    .text.spi_flash_init:0000000e .L0 
C:\Users\nesus\AppData\Local\Temp\ccQ6Hdce.s:860    .text.spi_flash_init:00000014 .L0 
C:\Users\nesus\AppData\Local\Temp\ccQ6Hdce.s:861    .text.spi_flash_init:00000014 .L0 
C:\Users\nesus\AppData\Local\Temp\ccQ6Hdce.s:862    .text.spi_flash_init:00000014 .L0 
C:\Users\nesus\AppData\Local\Temp\ccQ6Hdce.s:864    .text.spi_flash_init:00000016 .L0 
C:\Users\nesus\AppData\Local\Temp\ccQ6Hdce.s:866    .text.spi_flash_init:00000018 .L0 
C:\Users\nesus\AppData\Local\Temp\ccQ6Hdce.s:868    .text.spi_flash_init:0000001a .L0 
C:\Users\nesus\AppData\Local\Temp\ccQ6Hdce.s:869    .text.spi_flash_init:0000001a .L0 
C:\Users\nesus\AppData\Local\Temp\ccQ6Hdce.s:872    .text.spi_flash_init:0000001e .L0 
C:\Users\nesus\AppData\Local\Temp\ccQ6Hdce.s:873    .text.spi_flash_init:0000001e .L0 
C:\Users\nesus\AppData\Local\Temp\ccQ6Hdce.s:874    .text.spi_flash_init:0000001e .L0 
C:\Users\nesus\AppData\Local\Temp\ccQ6Hdce.s:876    .text.spi_flash_init:00000022 .L0 
C:\Users\nesus\AppData\Local\Temp\ccQ6Hdce.s:882    .text.spi_flash_init:0000002e .L0 
C:\Users\nesus\AppData\Local\Temp\ccQ6Hdce.s:883    .text.spi_flash_init:0000002e .L0 
C:\Users\nesus\AppData\Local\Temp\ccQ6Hdce.s:884    .text.spi_flash_init:0000002e .L0 
C:\Users\nesus\AppData\Local\Temp\ccQ6Hdce.s:890    .text.spi_flash_init:0000003c .L0 
C:\Users\nesus\AppData\Local\Temp\ccQ6Hdce.s:891    .text.spi_flash_init:0000003c .L0 
C:\Users\nesus\AppData\Local\Temp\ccQ6Hdce.s:894    .text.spi_flash_init:00000040 .L0 
C:\Users\nesus\AppData\Local\Temp\ccQ6Hdce.s:895    .text.spi_flash_init:00000040 .L0 
C:\Users\nesus\AppData\Local\Temp\ccQ6Hdce.s:897    .text.spi_flash_init:00000042 .L0 
C:\Users\nesus\AppData\Local\Temp\ccQ6Hdce.s:899    .text.spi_flash_init:00000044 .L0 
C:\Users\nesus\AppData\Local\Temp\ccQ6Hdce.s:902    .text.spi_flash_init:00000046 .L0 
C:\Users\nesus\AppData\Local\Temp\ccQ6Hdce.s:903    .text.spi_flash_init:00000046 .L0 
C:\Users\nesus\AppData\Local\Temp\ccQ6Hdce.s:904    .text.spi_flash_init:00000046 .L0 
C:\Users\nesus\AppData\Local\Temp\ccQ6Hdce.s:908    .text.spi_flash_init:00000050 .L0 
C:\Users\nesus\AppData\Local\Temp\ccQ6Hdce.s:909    .text.spi_flash_init:00000050 .L0 
C:\Users\nesus\AppData\Local\Temp\ccQ6Hdce.s:911    .text.spi_flash_init:00000052 .L0 
C:\Users\nesus\AppData\Local\Temp\ccQ6Hdce.s:914    .text.spi_flash_init:00000058 .L0 
C:\Users\nesus\AppData\Local\Temp\ccQ6Hdce.s:915    .text.spi_flash_init:00000058 .L0 
C:\Users\nesus\AppData\Local\Temp\ccQ6Hdce.s:918    .text.spi_flash_init:0000005c .L0 
C:\Users\nesus\AppData\Local\Temp\ccQ6Hdce.s:919    .text.spi_flash_init:0000005c .L0 
C:\Users\nesus\AppData\Local\Temp\ccQ6Hdce.s:921    .text.spi_flash_init:0000005e .L0 
C:\Users\nesus\AppData\Local\Temp\ccQ6Hdce.s:923    .text.spi_flash_init:00000060 .L0 
C:\Users\nesus\AppData\Local\Temp\ccQ6Hdce.s:925    .text.spi_flash_init:00000062 .L0 
C:\Users\nesus\AppData\Local\Temp\ccQ6Hdce.s:926    .text.spi_flash_init:00000062 .L0 
C:\Users\nesus\AppData\Local\Temp\ccQ6Hdce.s:929    .text.spi_flash_init:00000068 .L0 
C:\Users\nesus\AppData\Local\Temp\ccQ6Hdce.s:934    .text.spi_flash_init:00000070 .L0 
C:\Users\nesus\AppData\Local\Temp\ccQ6Hdce.s:937    .text.spi_flash_init:00000074 .L0 
C:\Users\nesus\AppData\Local\Temp\ccQ6Hdce.s:938    .text.spi_flash_init:00000074 .L0 
C:\Users\nesus\AppData\Local\Temp\ccQ6Hdce.s:940    .text.spi_flash_init:00000076 .L0 
C:\Users\nesus\AppData\Local\Temp\ccQ6Hdce.s:944    .text.spi_flash_init:0000007c .L0 
C:\Users\nesus\AppData\Local\Temp\ccQ6Hdce.s:945    .text.spi_flash_init:0000007c .L0 
C:\Users\nesus\AppData\Local\Temp\ccQ6Hdce.s:946    .text.spi_flash_init:0000007c .L0 
C:\Users\nesus\AppData\Local\Temp\ccQ6Hdce.s:948    .text.spi_flash_init:0000007e .L0 
C:\Users\nesus\AppData\Local\Temp\ccQ6Hdce.s:950    .text.spi_flash_init:00000080 .L0 
C:\Users\nesus\AppData\Local\Temp\ccQ6Hdce.s:952    .text.spi_flash_init:00000082 .L0 
C:\Users\nesus\AppData\Local\Temp\ccQ6Hdce.s:953    .text.spi_flash_init:00000082 .L0 
C:\Users\nesus\AppData\Local\Temp\ccQ6Hdce.s:956    .text.spi_flash_init:00000088 .L0 
C:\Users\nesus\AppData\Local\Temp\ccQ6Hdce.s:961    .text.spi_flash_init:00000090 .L0 
C:\Users\nesus\AppData\Local\Temp\ccQ6Hdce.s:964    .text.spi_flash_init:00000094 .L0 
C:\Users\nesus\AppData\Local\Temp\ccQ6Hdce.s:965    .text.spi_flash_init:00000094 .L0 
C:\Users\nesus\AppData\Local\Temp\ccQ6Hdce.s:967    .text.spi_flash_init:00000096 .L0 
C:\Users\nesus\AppData\Local\Temp\ccQ6Hdce.s:969    .text.spi_flash_init:0000009a .L0 
C:\Users\nesus\AppData\Local\Temp\ccQ6Hdce.s:970    .text.spi_flash_init:0000009a .L0 
C:\Users\nesus\AppData\Local\Temp\ccQ6Hdce.s:972    .text.spi_flash_init:0000009c .L0 
C:\Users\nesus\AppData\Local\Temp\ccQ6Hdce.s:975    .text.spi_flash_init:000000a2 .L0 
C:\Users\nesus\AppData\Local\Temp\ccQ6Hdce.s:976    .text.spi_flash_init:000000a2 .L0 
C:\Users\nesus\AppData\Local\Temp\ccQ6Hdce.s:978    .text.spi_flash_init:000000a4 .L0 
C:\Users\nesus\AppData\Local\Temp\ccQ6Hdce.s:981    .text.spi_flash_init:000000aa .L0 
C:\Users\nesus\AppData\Local\Temp\ccQ6Hdce.s:982    .text.spi_flash_init:000000aa .L0 
C:\Users\nesus\AppData\Local\Temp\ccQ6Hdce.s:983    .text.spi_flash_init:000000b2 .L0 
C:\Users\nesus\AppData\Local\Temp\ccQ6Hdce.s:984    .text.spi_flash_init:000000b2 .L0 
C:\Users\nesus\AppData\Local\Temp\ccQ6Hdce.s:985    .text.spi_flash_init:000000b2 .L0 
C:\Users\nesus\AppData\Local\Temp\ccQ6Hdce.s:986    .text.spi_flash_init:000000b2 .L0 
C:\Users\nesus\AppData\Local\Temp\ccQ6Hdce.s:987    .text.spi_flash_init:000000b2 .L0 
C:\Users\nesus\AppData\Local\Temp\ccQ6Hdce.s:994    .text.spi_flash_read:00000000 spi_flash_read
C:\Users\nesus\AppData\Local\Temp\ccQ6Hdce.s:997    .text.spi_flash_read:00000000 .L0 
C:\Users\nesus\AppData\Local\Temp\ccQ6Hdce.s:999    .text.spi_flash_read:00000000 .L0 
C:\Users\nesus\AppData\Local\Temp\ccQ6Hdce.s:1000   .text.spi_flash_read:00000000 .L0 
C:\Users\nesus\AppData\Local\Temp\ccQ6Hdce.s:1001   .text.spi_flash_read:00000000 $xrv32i2p1_m2p0_c2p0_zicsr2p0_zmmul1p0
C:\Users\nesus\AppData\Local\Temp\ccQ6Hdce.s:1001   .text.spi_flash_read:00000000 .L0 
C:\Users\nesus\AppData\Local\Temp\ccQ6Hdce.s:1004   .text.spi_flash_read:00000006 .L0 
C:\Users\nesus\AppData\Local\Temp\ccQ6Hdce.s:1006   .text.spi_flash_read:0000000a .L0 
C:\Users\nesus\AppData\Local\Temp\ccQ6Hdce.s:1008   .text.spi_flash_read:0000000c .L0 
C:\Users\nesus\AppData\Local\Temp\ccQ6Hdce.s:1010   .text.spi_flash_read:0000000e .L0 
C:\Users\nesus\AppData\Local\Temp\ccQ6Hdce.s:1011   .text.spi_flash_read:0000000e .L0 
C:\Users\nesus\AppData\Local\Temp\ccQ6Hdce.s:1013   .text.spi_flash_read:00000010 .L0 
C:\Users\nesus\AppData\Local\Temp\ccQ6Hdce.s:1014   .text.spi_flash_read:00000010 .L0 
C:\Users\nesus\AppData\Local\Temp\ccQ6Hdce.s:1017   .text.spi_flash_read:00000012 .L0 
C:\Users\nesus\AppData\Local\Temp\ccQ6Hdce.s:1019   .text.spi_flash_read:00000012 .L0 
C:\Users\nesus\AppData\Local\Temp\ccQ6Hdce.s:1020   .text.spi_flash_read:00000012 .L0 
C:\Users\nesus\AppData\Local\Temp\ccQ6Hdce.s:1025   .text.spi_flash_read:00000018 .L0 
C:\Users\nesus\AppData\Local\Temp\ccQ6Hdce.s:1026   .text.spi_flash_read:00000018 .L0 
C:\Users\nesus\AppData\Local\Temp\ccQ6Hdce.s:1028   .text.spi_flash_read:0000001a .L0 
C:\Users\nesus\AppData\Local\Temp\ccQ6Hdce.s:1031   .text.spi_flash_read:0000001c .L0 
C:\Users\nesus\AppData\Local\Temp\ccQ6Hdce.s:1034   .text.spi_flash_read:00000020 .L0 
C:\Users\nesus\AppData\Local\Temp\ccQ6Hdce.s:1036   .text.spi_flash_read:00000020 .L0 
C:\Users\nesus\AppData\Local\Temp\ccQ6Hdce.s:1037   .text.spi_flash_read:00000020 .L0 
C:\Users\nesus\AppData\Local\Temp\ccQ6Hdce.s:1038   .text.spi_flash_read:00000020 .L0 
C:\Users\nesus\AppData\Local\Temp\ccQ6Hdce.s:1040   .text.spi_flash_read:00000022 .L0 
C:\Users\nesus\AppData\Local\Temp\ccQ6Hdce.s:1043   .text.spi_flash_read:0000002a .L0 
C:\Users\nesus\AppData\Local\Temp\ccQ6Hdce.s:1044   .text.spi_flash_read:0000002a .L0 
C:\Users\nesus\AppData\Local\Temp\ccQ6Hdce.s:1048   .text.spi_flash_read:0000002e .L0 
C:\Users\nesus\AppData\Local\Temp\ccQ6Hdce.s:1051   .text.spi_flash_read:00000032 .L0 
C:\Users\nesus\AppData\Local\Temp\ccQ6Hdce.s:1052   .text.spi_flash_read:00000032 .L0 
C:\Users\nesus\AppData\Local\Temp\ccQ6Hdce.s:1054   .text.spi_flash_read:00000034 .L0 
C:\Users\nesus\AppData\Local\Temp\ccQ6Hdce.s:1056   .text.spi_flash_read:00000036 .L0 
C:\Users\nesus\AppData\Local\Temp\ccQ6Hdce.s:1058   .text.spi_flash_read:00000038 .L0 
C:\Users\nesus\AppData\Local\Temp\ccQ6Hdce.s:1059   .text.spi_flash_read:0000003a .L0 
C:\Users\nesus\AppData\Local\Temp\ccQ6Hdce.s:1066   .text.spi_flash_write:00000000 spi_flash_write
C:\Users\nesus\AppData\Local\Temp\ccQ6Hdce.s:1069   .text.spi_flash_write:00000000 .L0 
C:\Users\nesus\AppData\Local\Temp\ccQ6Hdce.s:1071   .text.spi_flash_write:00000000 $xrv32i2p1_m2p0_c2p0_zicsr2p0_zmmul1p0
C:\Users\nesus\AppData\Local\Temp\ccQ6Hdce.s:1071   .text.spi_flash_write:00000000 .L0 
C:\Users\nesus\AppData\Local\Temp\ccQ6Hdce.s:1072   .text.spi_flash_write:00000008 .L0 
C:\Users\nesus\AppData\Local\Temp\ccQ6Hdce.s:1073   .text.spi_flash_write:00000008 .L0 
C:\Users\nesus\AppData\Local\Temp\ccQ6Hdce.s:1074   .text.spi_flash_write:00000008 .L0 
C:\Users\nesus\AppData\Local\Temp\ccQ6Hdce.s:1075   .text.spi_flash_write:00000008 .L0 
C:\Users\nesus\AppData\Local\Temp\ccQ6Hdce.s:1076   .text.spi_flash_write:00000008 .L0 
C:\Users\nesus\AppData\Local\Temp\ccQ6Hdce.s:1077   .text.spi_flash_write:00000008 .L0 
C:\Users\nesus\AppData\Local\Temp\ccQ6Hdce.s:1079   .text.spi_flash_write:00000008 .L0 
C:\Users\nesus\AppData\Local\Temp\ccQ6Hdce.s:1080   .text.spi_flash_write:00000008 .L0 
C:\Users\nesus\AppData\Local\Temp\ccQ6Hdce.s:1082   .text.spi_flash_write:0000000a .L0 
C:\Users\nesus\AppData\Local\Temp\ccQ6Hdce.s:1085   .text.spi_flash_write:0000000c .L0 
C:\Users\nesus\AppData\Local\Temp\ccQ6Hdce.s:1217   .text.spi_flash_write_cmd:00000000 spi_flash_write_cmd
C:\Users\nesus\AppData\Local\Temp\ccQ6Hdce.s:1089   .text.spi_flash_write:00000012 .L0 
C:\Users\nesus\AppData\Local\Temp\ccQ6Hdce.s:1520   .text.spi_flash_read_status:00000000 spi_flash_read_status
C:\Users\nesus\AppData\Local\Temp\ccQ6Hdce.s:1092   .text.spi_flash_write:0000001a .L0 
C:\Users\nesus\AppData\Local\Temp\ccQ6Hdce.s:1095   .text.spi_flash_write:00000022 .L0 
C:\Users\nesus\AppData\Local\Temp\ccQ6Hdce.s:1096   .text.spi_flash_write:00000022 .L0 
C:\Users\nesus\AppData\Local\Temp\ccQ6Hdce.s:1098   .text.spi_flash_write:00000026 .L0 
C:\Users\nesus\AppData\Local\Temp\ccQ6Hdce.s:1100   .text.spi_flash_write:0000002a .L0 
C:\Users\nesus\AppData\Local\Temp\ccQ6Hdce.s:1102   .text.spi_flash_write:0000002c .L0 
C:\Users\nesus\AppData\Local\Temp\ccQ6Hdce.s:1104   .text.spi_flash_write:0000002e .L0 
C:\Users\nesus\AppData\Local\Temp\ccQ6Hdce.s:1107   .text.spi_flash_write:00000034 .L0 
C:\Users\nesus\AppData\Local\Temp\ccQ6Hdce.s:1108   .text.spi_flash_write:00000034 .L0 
C:\Users\nesus\AppData\Local\Temp\ccQ6Hdce.s:1110   .text.spi_flash_write:00000038 .L0 
C:\Users\nesus\AppData\Local\Temp\ccQ6Hdce.s:1111   .text.spi_flash_write:00000038 .L0 
C:\Users\nesus\AppData\Local\Temp\ccQ6Hdce.s:1114   .text.spi_flash_write:0000003c .L0 
C:\Users\nesus\AppData\Local\Temp\ccQ6Hdce.s:1116   .text.spi_flash_write:0000003c .L0 
C:\Users\nesus\AppData\Local\Temp\ccQ6Hdce.s:1117   .text.spi_flash_write:0000003c .L0 
C:\Users\nesus\AppData\Local\Temp\ccQ6Hdce.s:1121   .text.spi_flash_write:0000003e .L0 
C:\Users\nesus\AppData\Local\Temp\ccQ6Hdce.s:1125   .text.spi_flash_write:00000046 .L0 
C:\Users\nesus\AppData\Local\Temp\ccQ6Hdce.s:1129   .text.spi_flash_write:0000004a .L0 
C:\Users\nesus\AppData\Local\Temp\ccQ6Hdce.s:1130   .text.spi_flash_write:0000004a .L0 
C:\Users\nesus\AppData\Local\Temp\ccQ6Hdce.s:1132   .text.spi_flash_write:0000004c .L0 
C:\Users\nesus\AppData\Local\Temp\ccQ6Hdce.s:1134   .text.spi_flash_write:0000004e .L0 
C:\Users\nesus\AppData\Local\Temp\ccQ6Hdce.s:1136   .text.spi_flash_write:00000050 .L0 
C:\Users\nesus\AppData\Local\Temp\ccQ6Hdce.s:1140   .text.spi_flash_write:0000005a .L0 
C:\Users\nesus\AppData\Local\Temp\ccQ6Hdce.s:1143   .text.spi_flash_write:00000062 .L0 
C:\Users\nesus\AppData\Local\Temp\ccQ6Hdce.s:1144   .text.spi_flash_write:0000006a .L0 
C:\Users\nesus\AppData\Local\Temp\ccQ6Hdce.s:1145   .text.spi_flash_write:0000006a .L0 
C:\Users\nesus\AppData\Local\Temp\ccQ6Hdce.s:1146   .text.spi_flash_write:0000006a .L0 
C:\Users\nesus\AppData\Local\Temp\ccQ6Hdce.s:1147   .text.spi_flash_write:0000006a .L0 
C:\Users\nesus\AppData\Local\Temp\ccQ6Hdce.s:1148   .text.spi_flash_write:0000006a .L0 
C:\Users\nesus\AppData\Local\Temp\ccQ6Hdce.s:1149   .text.spi_flash_write:0000006a .L0 
C:\Users\nesus\AppData\Local\Temp\ccQ6Hdce.s:1150   .text.spi_flash_write:0000006a .L0 
C:\Users\nesus\AppData\Local\Temp\ccQ6Hdce.s:1153   .text.spi_flash_write:0000006a .L0 
C:\Users\nesus\AppData\Local\Temp\ccQ6Hdce.s:1156   .text.spi_flash_write:0000006a .L0 
C:\Users\nesus\AppData\Local\Temp\ccQ6Hdce.s:1157   .text.spi_flash_write:0000006a .L0 
C:\Users\nesus\AppData\Local\Temp\ccQ6Hdce.s:1159   .text.spi_flash_write:0000006e .L0 
C:\Users\nesus\AppData\Local\Temp\ccQ6Hdce.s:1161   .text.spi_flash_write:00000072 .L0 
C:\Users\nesus\AppData\Local\Temp\ccQ6Hdce.s:1164   .text.spi_flash_write:00000074 .L0 
C:\Users\nesus\AppData\Local\Temp\ccQ6Hdce.s:1166   .text.spi_flash_write:00000074 .L0 
C:\Users\nesus\AppData\Local\Temp\ccQ6Hdce.s:1167   .text.spi_flash_write:00000074 .L0 
C:\Users\nesus\AppData\Local\Temp\ccQ6Hdce.s:1168   .text.spi_flash_write:00000074 .L0 
C:\Users\nesus\AppData\Local\Temp\ccQ6Hdce.s:1170   .text.spi_flash_write:00000076 .L0 
C:\Users\nesus\AppData\Local\Temp\ccQ6Hdce.s:1174   .text.spi_flash_write:0000007e .L0 
C:\Users\nesus\AppData\Local\Temp\ccQ6Hdce.s:1178   .text.spi_flash_write:00000082 .L0 
C:\Users\nesus\AppData\Local\Temp\ccQ6Hdce.s:1185   .text.change_mode_spi_flash:00000000 change_mode_spi_flash
C:\Users\nesus\AppData\Local\Temp\ccQ6Hdce.s:1188   .text.change_mode_spi_flash:00000000 .L0 
C:\Users\nesus\AppData\Local\Temp\ccQ6Hdce.s:1189   .text.change_mode_spi_flash:00000000 .L0 
C:\Users\nesus\AppData\Local\Temp\ccQ6Hdce.s:1190   .text.change_mode_spi_flash:00000000 .L0 
C:\Users\nesus\AppData\Local\Temp\ccQ6Hdce.s:1191   .text.change_mode_spi_flash:00000000 .L0 
C:\Users\nesus\AppData\Local\Temp\ccQ6Hdce.s:1192   .text.change_mode_spi_flash:00000000 $xrv32i2p1_m2p0_c2p0_zicsr2p0_zmmul1p0
C:\Users\nesus\AppData\Local\Temp\ccQ6Hdce.s:1192   .text.change_mode_spi_flash:00000000 .L0 
C:\Users\nesus\AppData\Local\Temp\ccQ6Hdce.s:1196   .text.change_mode_spi_flash:00000006 .L0 
C:\Users\nesus\AppData\Local\Temp\ccQ6Hdce.s:1197   .text.change_mode_spi_flash:00000006 .L0 
C:\Users\nesus\AppData\Local\Temp\ccQ6Hdce.s:1201   .text.change_mode_spi_flash:00000008 .L0 
C:\Users\nesus\AppData\Local\Temp\ccQ6Hdce.s:1202   .text.change_mode_spi_flash:00000008 .L0 
C:\Users\nesus\AppData\Local\Temp\ccQ6Hdce.s:1203   .text.change_mode_spi_flash:00000008 .L0 
C:\Users\nesus\AppData\Local\Temp\ccQ6Hdce.s:1205   .text.change_mode_spi_flash:0000000a .L0 
C:\Users\nesus\AppData\Local\Temp\ccQ6Hdce.s:1207   .text.change_mode_spi_flash:0000000e .L0 
C:\Users\nesus\AppData\Local\Temp\ccQ6Hdce.s:1209   .text.change_mode_spi_flash:00000010 .L0 
C:\Users\nesus\AppData\Local\Temp\ccQ6Hdce.s:1210   .text.change_mode_spi_flash:00000012 .L0 
C:\Users\nesus\AppData\Local\Temp\ccQ6Hdce.s:1220   .text.spi_flash_write_cmd:00000000 .L0 
C:\Users\nesus\AppData\Local\Temp\ccQ6Hdce.s:1222   .text.spi_flash_write_cmd:00000000 $xrv32i2p1_m2p0_c2p0_zicsr2p0_zmmul1p0
C:\Users\nesus\AppData\Local\Temp\ccQ6Hdce.s:1222   .text.spi_flash_write_cmd:00000000 .L0 
C:\Users\nesus\AppData\Local\Temp\ccQ6Hdce.s:1223   .text.spi_flash_write_cmd:00000008 .L0 
C:\Users\nesus\AppData\Local\Temp\ccQ6Hdce.s:1224   .text.spi_flash_write_cmd:00000008 .L0 
C:\Users\nesus\AppData\Local\Temp\ccQ6Hdce.s:1225   .text.spi_flash_write_cmd:00000008 .L0 
C:\Users\nesus\AppData\Local\Temp\ccQ6Hdce.s:1227   .text.spi_flash_write_cmd:00000008 .L0 
C:\Users\nesus\AppData\Local\Temp\ccQ6Hdce.s:1228   .text.spi_flash_write_cmd:00000008 .L0 
C:\Users\nesus\AppData\Local\Temp\ccQ6Hdce.s:1232   .text.spi_flash_write_cmd:00000012 .L0 
C:\Users\nesus\AppData\Local\Temp\ccQ6Hdce.s:1233   .text.spi_flash_write_cmd:00000012 .L0 
C:\Users\nesus\AppData\Local\Temp\ccQ6Hdce.s:1236   .text.spi_flash_write_cmd:00000016 .L0 
C:\Users\nesus\AppData\Local\Temp\ccQ6Hdce.s:1237   .text.spi_flash_write_cmd:00000016 .L0 
C:\Users\nesus\AppData\Local\Temp\ccQ6Hdce.s:1239   .text.spi_flash_write_cmd:0000001a .L0 
C:\Users\nesus\AppData\Local\Temp\ccQ6Hdce.s:1241   .text.spi_flash_write_cmd:0000001c .L0 
C:\Users\nesus\AppData\Local\Temp\ccQ6Hdce.s:1245   .text.spi_flash_write_cmd:00000020 .L0 
C:\Users\nesus\AppData\Local\Temp\ccQ6Hdce.s:1246   .text.spi_flash_write_cmd:00000020 .L0 
C:\Users\nesus\AppData\Local\Temp\ccQ6Hdce.s:1250   .text.spi_flash_write_cmd:00000026 .L0 
C:\Users\nesus\AppData\Local\Temp\ccQ6Hdce.s:1251   .text.spi_flash_write_cmd:00000026 .L0 
C:\Users\nesus\AppData\Local\Temp\ccQ6Hdce.s:1252   .text.spi_flash_write_cmd:00000026 .L0 
C:\Users\nesus\AppData\Local\Temp\ccQ6Hdce.s:1254   .text.spi_flash_write_cmd:00000028 .L0 
C:\Users\nesus\AppData\Local\Temp\ccQ6Hdce.s:1257   .text.spi_flash_write_cmd:00000030 .L0 
C:\Users\nesus\AppData\Local\Temp\ccQ6Hdce.s:1260   .text.spi_flash_write_cmd:00000034 .L0 
C:\Users\nesus\AppData\Local\Temp\ccQ6Hdce.s:1261   .text.spi_flash_write_cmd:00000034 .L0 
C:\Users\nesus\AppData\Local\Temp\ccQ6Hdce.s:1263   .text.spi_flash_write_cmd:00000036 .L0 
C:\Users\nesus\AppData\Local\Temp\ccQ6Hdce.s:1265   .text.spi_flash_write_cmd:00000038 .L0 
C:\Users\nesus\AppData\Local\Temp\ccQ6Hdce.s:1267   .text.spi_flash_write_cmd:0000003a .L0 
C:\Users\nesus\AppData\Local\Temp\ccQ6Hdce.s:1268   .text.spi_flash_write_cmd:00000042 .L0 
C:\Users\nesus\AppData\Local\Temp\ccQ6Hdce.s:1269   .text.spi_flash_write_cmd:00000042 .L0 
C:\Users\nesus\AppData\Local\Temp\ccQ6Hdce.s:1270   .text.spi_flash_write_cmd:00000042 .L0 
C:\Users\nesus\AppData\Local\Temp\ccQ6Hdce.s:1271   .text.spi_flash_write_cmd:00000042 .L0 
C:\Users\nesus\AppData\Local\Temp\ccQ6Hdce.s:1273   .text.spi_flash_write_cmd:00000042 .L0 
C:\Users\nesus\AppData\Local\Temp\ccQ6Hdce.s:1275   .text.spi_flash_write_cmd:00000042 .L0 
C:\Users\nesus\AppData\Local\Temp\ccQ6Hdce.s:1279   .text.spi_flash_write_cmd:0000004c .L0 
C:\Users\nesus\AppData\Local\Temp\ccQ6Hdce.s:1282   .text.spi_flash_write_cmd:00000056 .L0 
C:\Users\nesus\AppData\Local\Temp\ccQ6Hdce.s:1289   .text.spi_flash_page_program:00000000 spi_flash_page_program
C:\Users\nesus\AppData\Local\Temp\ccQ6Hdce.s:1292   .text.spi_flash_page_program:00000000 .L0 
C:\Users\nesus\AppData\Local\Temp\ccQ6Hdce.s:1294   .text.spi_flash_page_program:00000000 .L0 
C:\Users\nesus\AppData\Local\Temp\ccQ6Hdce.s:1295   .text.spi_flash_page_program:00000000 .L0 
C:\Users\nesus\AppData\Local\Temp\ccQ6Hdce.s:1296   .text.spi_flash_page_program:00000000 $xrv32i2p1_m2p0_c2p0_zicsr2p0_zmmul1p0
C:\Users\nesus\AppData\Local\Temp\ccQ6Hdce.s:1296   .text.spi_flash_page_program:00000000 .L0 
C:\Users\nesus\AppData\Local\Temp\ccQ6Hdce.s:1297   .text.spi_flash_page_program:00000002 .L0 
C:\Users\nesus\AppData\Local\Temp\ccQ6Hdce.s:1299   .text.spi_flash_page_program:00000004 .L0 
C:\Users\nesus\AppData\Local\Temp\ccQ6Hdce.s:1302   .text.spi_flash_page_program:00000006 .L0 
C:\Users\nesus\AppData\Local\Temp\ccQ6Hdce.s:1305   .text.spi_flash_page_program:00000008 .L0 
C:\Users\nesus\AppData\Local\Temp\ccQ6Hdce.s:1308   .text.spi_flash_page_program:0000000e .L0 
C:\Users\nesus\AppData\Local\Temp\ccQ6Hdce.s:1309   .text.spi_flash_page_program:0000000e .L0 
C:\Users\nesus\AppData\Local\Temp\ccQ6Hdce.s:1310   .text.spi_flash_page_program:0000000e .L0 
C:\Users\nesus\AppData\Local\Temp\ccQ6Hdce.s:1312   .text.spi_flash_page_program:0000000e .L0 
C:\Users\nesus\AppData\Local\Temp\ccQ6Hdce.s:1315   .text.spi_flash_page_program:00000012 .L0 
C:\Users\nesus\AppData\Local\Temp\ccQ6Hdce.s:1318   .text.spi_flash_page_program:0000001a .L0 
C:\Users\nesus\AppData\Local\Temp\ccQ6Hdce.s:1321   .text.spi_flash_page_program:00000022 .L0 
C:\Users\nesus\AppData\Local\Temp\ccQ6Hdce.s:1322   .text.spi_flash_page_program:00000022 .L0 
C:\Users\nesus\AppData\Local\Temp\ccQ6Hdce.s:1324   .text.spi_flash_page_program:00000026 .L0 
C:\Users\nesus\AppData\Local\Temp\ccQ6Hdce.s:1326   .text.spi_flash_page_program:0000002a .L0 
C:\Users\nesus\AppData\Local\Temp\ccQ6Hdce.s:1328   .text.spi_flash_page_program:0000002c .L0 
C:\Users\nesus\AppData\Local\Temp\ccQ6Hdce.s:1330   .text.spi_flash_page_program:0000002e .L0 
C:\Users\nesus\AppData\Local\Temp\ccQ6Hdce.s:1333   .text.spi_flash_page_program:00000034 .L0 
C:\Users\nesus\AppData\Local\Temp\ccQ6Hdce.s:1334   .text.spi_flash_page_program:00000034 .L0 
C:\Users\nesus\AppData\Local\Temp\ccQ6Hdce.s:1336   .text.spi_flash_page_program:00000038 .L0 
C:\Users\nesus\AppData\Local\Temp\ccQ6Hdce.s:1337   .text.spi_flash_page_program:00000038 .L0 
C:\Users\nesus\AppData\Local\Temp\ccQ6Hdce.s:1341   .text.spi_flash_page_program:0000003c .L0 
C:\Users\nesus\AppData\Local\Temp\ccQ6Hdce.s:1343   .text.spi_flash_page_program:0000003c .L0 
C:\Users\nesus\AppData\Local\Temp\ccQ6Hdce.s:1344   .text.spi_flash_page_program:0000003c .L0 
C:\Users\nesus\AppData\Local\Temp\ccQ6Hdce.s:1348   .text.spi_flash_page_program:00000044 .L0 
C:\Users\nesus\AppData\Local\Temp\ccQ6Hdce.s:1349   .text.spi_flash_page_program:00000044 .L0 
C:\Users\nesus\AppData\Local\Temp\ccQ6Hdce.s:1351   .text.spi_flash_page_program:00000048 .L0 
C:\Users\nesus\AppData\Local\Temp\ccQ6Hdce.s:1354   .text.spi_flash_page_program:0000004a .L0 
C:\Users\nesus\AppData\Local\Temp\ccQ6Hdce.s:1357   .text.spi_flash_page_program:0000004c .L0 
C:\Users\nesus\AppData\Local\Temp\ccQ6Hdce.s:1359   .text.spi_flash_page_program:0000004c .L0 
C:\Users\nesus\AppData\Local\Temp\ccQ6Hdce.s:1360   .text.spi_flash_page_program:0000004c .L0 
C:\Users\nesus\AppData\Local\Temp\ccQ6Hdce.s:1361   .text.spi_flash_page_program:0000004c .L0 
C:\Users\nesus\AppData\Local\Temp\ccQ6Hdce.s:1363   .text.spi_flash_page_program:0000004e .L0 
C:\Users\nesus\AppData\Local\Temp\ccQ6Hdce.s:1366   .text.spi_flash_page_program:00000056 .L0 
C:\Users\nesus\AppData\Local\Temp\ccQ6Hdce.s:1367   .text.spi_flash_page_program:00000056 .L0 
C:\Users\nesus\AppData\Local\Temp\ccQ6Hdce.s:1371   .text.spi_flash_page_program:0000005a .L0 
C:\Users\nesus\AppData\Local\Temp\ccQ6Hdce.s:1374   .text.spi_flash_page_program:0000005e .L0 
C:\Users\nesus\AppData\Local\Temp\ccQ6Hdce.s:1375   .text.spi_flash_page_program:0000005e .L0 
C:\Users\nesus\AppData\Local\Temp\ccQ6Hdce.s:1377   .text.spi_flash_page_program:00000060 .L0 
C:\Users\nesus\AppData\Local\Temp\ccQ6Hdce.s:1379   .text.spi_flash_page_program:00000062 .L0 
C:\Users\nesus\AppData\Local\Temp\ccQ6Hdce.s:1381   .text.spi_flash_page_program:00000064 .L0 
C:\Users\nesus\AppData\Local\Temp\ccQ6Hdce.s:1385   .text.spi_flash_page_program:0000006e .L0 
C:\Users\nesus\AppData\Local\Temp\ccQ6Hdce.s:1388   .text.spi_flash_page_program:00000076 .L0 
C:\Users\nesus\AppData\Local\Temp\ccQ6Hdce.s:1389   .text.spi_flash_page_program:00000078 .L0 
C:\Users\nesus\AppData\Local\Temp\ccQ6Hdce.s:1391   .text.spi_flash_page_program:0000007a .L0 
C:\Users\nesus\AppData\Local\Temp\ccQ6Hdce.s:1394   .text.spi_flash_page_program:0000007c .L0 
C:\Users\nesus\AppData\Local\Temp\ccQ6Hdce.s:1397   .text.spi_flash_page_program:0000007e .L0 
C:\Users\nesus\AppData\Local\Temp\ccQ6Hdce.s:1400   .text.spi_flash_page_program:00000080 .L0 
C:\Users\nesus\AppData\Local\Temp\ccQ6Hdce.s:1402   .text.spi_flash_page_program:00000082 .L0 
C:\Users\nesus\AppData\Local\Temp\ccQ6Hdce.s:1409   .text.spi_flash_sector_erase:00000000 spi_flash_sector_erase
C:\Users\nesus\AppData\Local\Temp\ccQ6Hdce.s:1412   .text.spi_flash_sector_erase:00000000 .L0 
C:\Users\nesus\AppData\Local\Temp\ccQ6Hdce.s:1414   .text.spi_flash_sector_erase:00000000 $xrv32i2p1_m2p0_c2p0_zicsr2p0_zmmul1p0
C:\Users\nesus\AppData\Local\Temp\ccQ6Hdce.s:1414   .text.spi_flash_sector_erase:00000000 .L0 
C:\Users\nesus\AppData\Local\Temp\ccQ6Hdce.s:1415   .text.spi_flash_sector_erase:00000008 .L0 
C:\Users\nesus\AppData\Local\Temp\ccQ6Hdce.s:1416   .text.spi_flash_sector_erase:00000008 .L0 
C:\Users\nesus\AppData\Local\Temp\ccQ6Hdce.s:1417   .text.spi_flash_sector_erase:00000008 .L0 
C:\Users\nesus\AppData\Local\Temp\ccQ6Hdce.s:1419   .text.spi_flash_sector_erase:00000008 .L0 
C:\Users\nesus\AppData\Local\Temp\ccQ6Hdce.s:1420   .text.spi_flash_sector_erase:00000008 .L0 
C:\Users\nesus\AppData\Local\Temp\ccQ6Hdce.s:1422   .text.spi_flash_sector_erase:0000000a .L0 
C:\Users\nesus\AppData\Local\Temp\ccQ6Hdce.s:1427   .text.spi_flash_sector_erase:00000014 .L0 
C:\Users\nesus\AppData\Local\Temp\ccQ6Hdce.s:1430   .text.spi_flash_sector_erase:0000001c .L0 
C:\Users\nesus\AppData\Local\Temp\ccQ6Hdce.s:1431   .text.spi_flash_sector_erase:0000001c .L0 
C:\Users\nesus\AppData\Local\Temp\ccQ6Hdce.s:1432   .text.spi_flash_sector_erase:0000001c .L0 
C:\Users\nesus\AppData\Local\Temp\ccQ6Hdce.s:1433   .text.spi_flash_sector_erase:0000001c .L0 
C:\Users\nesus\AppData\Local\Temp\ccQ6Hdce.s:1434   .text.spi_flash_sector_erase:0000001c .L0 
C:\Users\nesus\AppData\Local\Temp\ccQ6Hdce.s:1439   .text.spi_flash_sector_erase:00000026 .L0 
C:\Users\nesus\AppData\Local\Temp\ccQ6Hdce.s:1440   .text.spi_flash_sector_erase:00000026 .L0 
C:\Users\nesus\AppData\Local\Temp\ccQ6Hdce.s:1441   .text.spi_flash_sector_erase:00000026 .L0 
C:\Users\nesus\AppData\Local\Temp\ccQ6Hdce.s:1443   .text.spi_flash_sector_erase:0000002a .L0 
C:\Users\nesus\AppData\Local\Temp\ccQ6Hdce.s:1447   .text.spi_flash_sector_erase:00000034 .L0 
C:\Users\nesus\AppData\Local\Temp\ccQ6Hdce.s:1449   .text.spi_flash_sector_erase:00000036 .L0 
C:\Users\nesus\AppData\Local\Temp\ccQ6Hdce.s:1452   .text.spi_flash_sector_erase:0000003a .L0 
C:\Users\nesus\AppData\Local\Temp\ccQ6Hdce.s:1453   .text.spi_flash_sector_erase:0000003a .L0 
C:\Users\nesus\AppData\Local\Temp\ccQ6Hdce.s:1454   .text.spi_flash_sector_erase:0000003a .L0 
C:\Users\nesus\AppData\Local\Temp\ccQ6Hdce.s:1456   .text.spi_flash_sector_erase:0000003a .L0 
C:\Users\nesus\AppData\Local\Temp\ccQ6Hdce.s:1457   .text.spi_flash_sector_erase:0000003a .L0 
C:\Users\nesus\AppData\Local\Temp\ccQ6Hdce.s:1458   .text.spi_flash_sector_erase:0000003a .L0 
C:\Users\nesus\AppData\Local\Temp\ccQ6Hdce.s:1460   .text.spi_flash_sector_erase:0000003c .L0 
C:\Users\nesus\AppData\Local\Temp\ccQ6Hdce.s:1463   .text.spi_flash_sector_erase:00000044 .L0 
C:\Users\nesus\AppData\Local\Temp\ccQ6Hdce.s:1465   .text.spi_flash_sector_erase:00000048 .L0 
C:\Users\nesus\AppData\Local\Temp\ccQ6Hdce.s:1467   .text.spi_flash_sector_erase:0000004a .L0 
C:\Users\nesus\AppData\Local\Temp\ccQ6Hdce.s:1468   .text.spi_flash_sector_erase:0000004a .L0 
C:\Users\nesus\AppData\Local\Temp\ccQ6Hdce.s:1471   .text.spi_flash_sector_erase:0000004e .L0 
C:\Users\nesus\AppData\Local\Temp\ccQ6Hdce.s:1472   .text.spi_flash_sector_erase:0000004e .L0 
C:\Users\nesus\AppData\Local\Temp\ccQ6Hdce.s:1474   .text.spi_flash_sector_erase:00000050 .L0 
C:\Users\nesus\AppData\Local\Temp\ccQ6Hdce.s:1477   .text.spi_flash_sector_erase:00000058 .L0 
C:\Users\nesus\AppData\Local\Temp\ccQ6Hdce.s:1480   .text.spi_flash_sector_erase:0000005c .L0 
C:\Users\nesus\AppData\Local\Temp\ccQ6Hdce.s:1482   .text.spi_flash_sector_erase:0000005e .L0 
C:\Users\nesus\AppData\Local\Temp\ccQ6Hdce.s:1483   .text.spi_flash_sector_erase:0000005e .L0 
C:\Users\nesus\AppData\Local\Temp\ccQ6Hdce.s:1486   .text.spi_flash_sector_erase:00000062 .L0 
C:\Users\nesus\AppData\Local\Temp\ccQ6Hdce.s:1487   .text.spi_flash_sector_erase:00000062 .L0 
C:\Users\nesus\AppData\Local\Temp\ccQ6Hdce.s:1489   .text.spi_flash_sector_erase:00000064 .L0 
C:\Users\nesus\AppData\Local\Temp\ccQ6Hdce.s:1492   .text.spi_flash_sector_erase:0000006c .L0 
C:\Users\nesus\AppData\Local\Temp\ccQ6Hdce.s:1495   .text.spi_flash_sector_erase:00000070 .L0 
C:\Users\nesus\AppData\Local\Temp\ccQ6Hdce.s:1496   .text.spi_flash_sector_erase:00000070 .L0 
C:\Users\nesus\AppData\Local\Temp\ccQ6Hdce.s:1498   .text.spi_flash_sector_erase:00000072 .L0 
C:\Users\nesus\AppData\Local\Temp\ccQ6Hdce.s:1500   .text.spi_flash_sector_erase:00000074 .L0 
C:\Users\nesus\AppData\Local\Temp\ccQ6Hdce.s:1502   .text.spi_flash_sector_erase:00000076 .L0 
C:\Users\nesus\AppData\Local\Temp\ccQ6Hdce.s:1506   .text.spi_flash_sector_erase:00000080 .L0 
C:\Users\nesus\AppData\Local\Temp\ccQ6Hdce.s:1509   .text.spi_flash_sector_erase:00000088 .L0 
C:\Users\nesus\AppData\Local\Temp\ccQ6Hdce.s:1510   .text.spi_flash_sector_erase:00000090 .L0 
C:\Users\nesus\AppData\Local\Temp\ccQ6Hdce.s:1511   .text.spi_flash_sector_erase:00000090 .L0 
C:\Users\nesus\AppData\Local\Temp\ccQ6Hdce.s:1512   .text.spi_flash_sector_erase:00000090 .L0 
C:\Users\nesus\AppData\Local\Temp\ccQ6Hdce.s:1513   .text.spi_flash_sector_erase:00000090 .L0 
C:\Users\nesus\AppData\Local\Temp\ccQ6Hdce.s:1523   .text.spi_flash_read_status:00000000 .L0 
C:\Users\nesus\AppData\Local\Temp\ccQ6Hdce.s:1524   .text.spi_flash_read_status:00000000 .L0 
C:\Users\nesus\AppData\Local\Temp\ccQ6Hdce.s:1525   .text.spi_flash_read_status:00000000 .L0 
C:\Users\nesus\AppData\Local\Temp\ccQ6Hdce.s:1526   .text.spi_flash_read_status:00000000 .L0 
C:\Users\nesus\AppData\Local\Temp\ccQ6Hdce.s:1527   .text.spi_flash_read_status:00000000 $xrv32i2p1_m2p0_c2p0_zicsr2p0_zmmul1p0
C:\Users\nesus\AppData\Local\Temp\ccQ6Hdce.s:1527   .text.spi_flash_read_status:00000000 .L0 
C:\Users\nesus\AppData\Local\Temp\ccQ6Hdce.s:1531   .text.spi_flash_read_status:0000000a .L0 
C:\Users\nesus\AppData\Local\Temp\ccQ6Hdce.s:1534   .text.spi_flash_read_status:0000000c .L0 
C:\Users\nesus\AppData\Local\Temp\ccQ6Hdce.s:1535   .text.spi_flash_read_status:0000000c .L0 
C:\Users\nesus\AppData\Local\Temp\ccQ6Hdce.s:1536   .text.spi_flash_read_status:0000000c .L0 
C:\Users\nesus\AppData\Local\Temp\ccQ6Hdce.s:1538   .text.spi_flash_read_status:0000000e .L0 
C:\Users\nesus\AppData\Local\Temp\ccQ6Hdce.s:1539   .text.spi_flash_read_status:0000000e .L0 
C:\Users\nesus\AppData\Local\Temp\ccQ6Hdce.s:1542   .text.spi_flash_read_status:00000010 .L0 
C:\Users\nesus\AppData\Local\Temp\ccQ6Hdce.s:1546   .text.spi_flash_read_status:00000014 .L0 
C:\Users\nesus\AppData\Local\Temp\ccQ6Hdce.s:1549   .text.spi_flash_read_status:00000018 .L0 
C:\Users\nesus\AppData\Local\Temp\ccQ6Hdce.s:1550   .text.spi_flash_read_status:00000018 .L0 
C:\Users\nesus\AppData\Local\Temp\ccQ6Hdce.s:1552   .text.spi_flash_read_status:0000001a .L0 
C:\Users\nesus\AppData\Local\Temp\ccQ6Hdce.s:1554   .text.spi_flash_read_status:0000001c .L0 
C:\Users\nesus\AppData\Local\Temp\ccQ6Hdce.s:1556   .text.spi_flash_read_status:0000001e .L0 
C:\Users\nesus\AppData\Local\Temp\ccQ6Hdce.s:1557   .text.spi_flash_read_status:00000020 .L0 
C:\Users\nesus\AppData\Local\Temp\ccQ6Hdce.s:4096   .debug_line_str:00000046 .L0 
C:\Users\nesus\AppData\Local\Temp\ccQ6Hdce.s:4096   .debug_line_str:00000074 .L0 
C:\Users\nesus\AppData\Local\Temp\ccQ6Hdce.s:4096   .debug_line_str:0000007f .L0 
C:\Users\nesus\AppData\Local\Temp\ccQ6Hdce.s:4096   .debug_line_str:000000c5 .L0 
C:\Users\nesus\AppData\Local\Temp\ccQ6Hdce.s:4096   .debug_line_str:00000107 .L0 
C:\Users\nesus\AppData\Local\Temp\ccQ6Hdce.s:4096   .debug_line_str:00000133 .L0 
C:\Users\nesus\AppData\Local\Temp\ccQ6Hdce.s:4096   .debug_line_str:00000171 .L0 
C:\Users\nesus\AppData\Local\Temp\ccQ6Hdce.s:4096   .debug_line_str:0000017e .L0 
C:\Users\nesus\AppData\Local\Temp\ccQ6Hdce.s:4096   .debug_line_str:0000018b .L0 
C:\Users\nesus\AppData\Local\Temp\ccQ6Hdce.s:4096   .debug_line_str:0000019c .L0 
C:\Users\nesus\AppData\Local\Temp\ccQ6Hdce.s:4096   .debug_line_str:000001a6 .L0 
C:\Users\nesus\AppData\Local\Temp\ccQ6Hdce.s:4096   .debug_line_str:000001b1 .L0 
C:\Users\nesus\AppData\Local\Temp\ccQ6Hdce.s:58     .text.SPI_reset:0000002e .L0 
C:\Users\nesus\AppData\Local\Temp\ccQ6Hdce.s:104    .text.SPI_set_mode:00000034 .L0 
C:\Users\nesus\AppData\Local\Temp\ccQ6Hdce.s:182    .text.SPI_set_addr_format:00000076 .L0 
C:\Users\nesus\AppData\Local\Temp\ccQ6Hdce.s:238    .text.SPI_set_cmd_format:00000044 .L0 
C:\Users\nesus\AppData\Local\Temp\ccQ6Hdce.s:321    .text.SPI_set_data_format:00000082 .L0 
C:\Users\nesus\AppData\Local\Temp\ccQ6Hdce.s:386    .text.SPI_set_transfer_format:00000060 .L0 
C:\Users\nesus\AppData\Local\Temp\ccQ6Hdce.s:463    .text.SPI_set_trans_ctrl:0000007a .L0 
C:\Users\nesus\AppData\Local\Temp\ccQ6Hdce.s:529    .text.SPI_set_token:00000060 .L0 
C:\Users\nesus\AppData\Local\Temp\ccQ6Hdce.s:576    .text.SPI_tx_fifo_reset:00000030 .L0 
C:\Users\nesus\AppData\Local\Temp\ccQ6Hdce.s:623    .text.SPI_rx_fifo_reset:00000030 .L0 
C:\Users\nesus\AppData\Local\Temp\ccQ6Hdce.s:668    .text.spi_get_fifo_depth:00000016 .L0 
C:\Users\nesus\AppData\Local\Temp\ccQ6Hdce.s:753    .text.SPI_set_tx_threshold:0000008e .L0 
C:\Users\nesus\AppData\Local\Temp\ccQ6Hdce.s:837    .text.SPI_set_rx_threshold:0000008c .L0 
C:\Users\nesus\AppData\Local\Temp\ccQ6Hdce.s:990    .text.spi_flash_init:000000b2 .L0 
C:\Users\nesus\AppData\Local\Temp\ccQ6Hdce.s:1062   .text.spi_flash_read:0000003a .L0 
C:\Users\nesus\AppData\Local\Temp\ccQ6Hdce.s:1181   .text.spi_flash_write:00000082 .L0 
C:\Users\nesus\AppData\Local\Temp\ccQ6Hdce.s:1213   .text.change_mode_spi_flash:00000012 .L0 
C:\Users\nesus\AppData\Local\Temp\ccQ6Hdce.s:1285   .text.spi_flash_write_cmd:00000056 .L0 
C:\Users\nesus\AppData\Local\Temp\ccQ6Hdce.s:1405   .text.spi_flash_page_program:00000082 .L0 
C:\Users\nesus\AppData\Local\Temp\ccQ6Hdce.s:1516   .text.spi_flash_sector_erase:00000090 .L0 
C:\Users\nesus\AppData\Local\Temp\ccQ6Hdce.s:1560   .text.spi_flash_read_status:00000020 .L0 
                     .debug_frame:00000000 .L0 
C:\Users\nesus\AppData\Local\Temp\ccQ6Hdce.s:36     .text.SPI_reset:0000001a .L2
C:\Users\nesus\AppData\Local\Temp\ccQ6Hdce.s:166    .text.SPI_set_addr_format:0000006c .L9
C:\Users\nesus\AppData\Local\Temp\ccQ6Hdce.s:169    .text.SPI_set_addr_format:0000006e .L6
C:\Users\nesus\AppData\Local\Temp\ccQ6Hdce.s:222    .text.SPI_set_cmd_format:0000003a .L13
C:\Users\nesus\AppData\Local\Temp\ccQ6Hdce.s:225    .text.SPI_set_cmd_format:0000003c .L10
C:\Users\nesus\AppData\Local\Temp\ccQ6Hdce.s:307    .text.SPI_set_data_format:00000078 .L17
C:\Users\nesus\AppData\Local\Temp\ccQ6Hdce.s:513    .text.SPI_set_token:00000056 .L25
C:\Users\nesus\AppData\Local\Temp\ccQ6Hdce.s:516    .text.SPI_set_token:00000058 .L22
C:\Users\nesus\AppData\Local\Temp\ccQ6Hdce.s:554    .text.SPI_tx_fifo_reset:0000001a .L27
C:\Users\nesus\AppData\Local\Temp\ccQ6Hdce.s:601    .text.SPI_rx_fifo_reset:0000001a .L29
C:\Users\nesus\AppData\Local\Temp\ccQ6Hdce.s:647    .text.spi_get_fifo_depth:00000006 .L31
C:\Users\nesus\AppData\Local\Temp\ccQ6Hdce.s:670    .rodata.SPI_set_tx_threshold.str1.4:00000000 .LC0
C:\Users\nesus\AppData\Local\Temp\ccQ6Hdce.s:713    .text.SPI_set_tx_threshold:00000048 .L0 
C:\Users\nesus\AppData\Local\Temp\ccQ6Hdce.s:717    .text.SPI_set_tx_threshold:0000005a .L34
C:\Users\nesus\AppData\Local\Temp\ccQ6Hdce.s:740    .text.SPI_set_tx_threshold:00000086 .L33
C:\Users\nesus\AppData\Local\Temp\ccQ6Hdce.s:755    .rodata.SPI_set_rx_threshold.str1.4:00000000 .LC1
C:\Users\nesus\AppData\Local\Temp\ccQ6Hdce.s:797    .text.SPI_set_rx_threshold:00000046 .L0 
C:\Users\nesus\AppData\Local\Temp\ccQ6Hdce.s:801    .text.SPI_set_rx_threshold:00000058 .L38
C:\Users\nesus\AppData\Local\Temp\ccQ6Hdce.s:824    .text.SPI_set_rx_threshold:00000084 .L37
C:\Users\nesus\AppData\Local\Temp\ccQ6Hdce.s:859    .text.spi_flash_init:00000014 .L42
C:\Users\nesus\AppData\Local\Temp\ccQ6Hdce.s:892    .text.spi_flash_init:00000040 .L43
C:\Users\nesus\AppData\Local\Temp\ccQ6Hdce.s:916    .text.spi_flash_init:0000005c .L44
C:\Users\nesus\AppData\Local\Temp\ccQ6Hdce.s:943    .text.spi_flash_init:0000007c .L45
C:\Users\nesus\AppData\Local\Temp\ccQ6Hdce.s:1045   .text.spi_flash_read:0000002e .L52
C:\Users\nesus\AppData\Local\Temp\ccQ6Hdce.s:1035   .text.spi_flash_read:00000020 .L53
C:\Users\nesus\AppData\Local\Temp\ccQ6Hdce.s:1023   .text.spi_flash_read:00000018 .L54
C:\Users\nesus\AppData\Local\Temp\ccQ6Hdce.s:1049   .text.spi_flash_read:00000032 .L55
C:\Users\nesus\AppData\Local\Temp\ccQ6Hdce.s:1152   .text.spi_flash_write:0000006a .L67
C:\Users\nesus\AppData\Local\Temp\ccQ6Hdce.s:1127   .text.spi_flash_write:0000004a .L68
C:\Users\nesus\AppData\Local\Temp\ccQ6Hdce.s:1165   .text.spi_flash_write:00000074 .L66
C:\Users\nesus\AppData\Local\Temp\ccQ6Hdce.s:1119   .text.spi_flash_write:0000003e .L65
C:\Users\nesus\AppData\Local\Temp\ccQ6Hdce.s:1200   .text.change_mode_spi_flash:00000008 .L74
C:\Users\nesus\AppData\Local\Temp\ccQ6Hdce.s:1272   .text.spi_flash_write_cmd:00000042 .L84
C:\Users\nesus\AppData\Local\Temp\ccQ6Hdce.s:1249   .text.spi_flash_write_cmd:00000026 .L78
C:\Users\nesus\AppData\Local\Temp\ccQ6Hdce.s:1258   .text.spi_flash_write_cmd:00000034 .L79
C:\Users\nesus\AppData\Local\Temp\ccQ6Hdce.s:1243   .text.spi_flash_write_cmd:00000020 .L77
C:\Users\nesus\AppData\Local\Temp\ccQ6Hdce.s:1368   .text.spi_flash_page_program:0000005a .L86
C:\Users\nesus\AppData\Local\Temp\ccQ6Hdce.s:1358   .text.spi_flash_page_program:0000004c .L87
C:\Users\nesus\AppData\Local\Temp\ccQ6Hdce.s:1346   .text.spi_flash_page_program:00000044 .L88
C:\Users\nesus\AppData\Local\Temp\ccQ6Hdce.s:1372   .text.spi_flash_page_program:0000005e .L89
C:\Users\nesus\AppData\Local\Temp\ccQ6Hdce.s:1455   .text.spi_flash_sector_erase:0000003a .L99
C:\Users\nesus\AppData\Local\Temp\ccQ6Hdce.s:1469   .text.spi_flash_sector_erase:0000004e .L100
C:\Users\nesus\AppData\Local\Temp\ccQ6Hdce.s:1484   .text.spi_flash_sector_erase:00000062 .L101
C:\Users\nesus\AppData\Local\Temp\ccQ6Hdce.s:1493   .text.spi_flash_sector_erase:00000070 .L102
C:\Users\nesus\AppData\Local\Temp\ccQ6Hdce.s:1532   .text.spi_flash_read_status:0000000c .L112
C:\Users\nesus\AppData\Local\Temp\ccQ6Hdce.s:1547   .text.spi_flash_read_status:00000018 .L113
C:\Users\nesus\AppData\Local\Temp\ccQ6Hdce.s:2577   .debug_abbrev:00000000 .Ldebug_abbrev0
C:\Users\nesus\AppData\Local\Temp\ccQ6Hdce.s:3932   .debug_str:0000009c .LASF92
C:\Users\nesus\AppData\Local\Temp\ccQ6Hdce.s:4091   .debug_line_str:00000000 .LASF0
C:\Users\nesus\AppData\Local\Temp\ccQ6Hdce.s:4093   .debug_line_str:00000018 .LASF1
C:\Users\nesus\AppData\Local\Temp\ccQ6Hdce.s:3835   .debug_rnglists:00000027 .LLRL26
C:\Users\nesus\AppData\Local\Temp\ccQ6Hdce.s:3902   .debug_line:00000000 .Ldebug_line0
C:\Users\nesus\AppData\Local\Temp\ccQ6Hdce.s:3910   .debug_str:00000027 .LASF2
C:\Users\nesus\AppData\Local\Temp\ccQ6Hdce.s:3954   .debug_str:000001f6 .LASF3
C:\Users\nesus\AppData\Local\Temp\ccQ6Hdce.s:4022   .debug_str:000003cd .LASF4
C:\Users\nesus\AppData\Local\Temp\ccQ6Hdce.s:3920   .debug_str:00000061 .LASF5
C:\Users\nesus\AppData\Local\Temp\ccQ6Hdce.s:3906   .debug_str:00000007 .LASF9
C:\Users\nesus\AppData\Local\Temp\ccQ6Hdce.s:4028   .debug_str:000003ed .LASF6
C:\Users\nesus\AppData\Local\Temp\ccQ6Hdce.s:3968   .debug_str:00000262 .LASF7
C:\Users\nesus\AppData\Local\Temp\ccQ6Hdce.s:3928   .debug_str:0000008e .LASF8
C:\Users\nesus\AppData\Local\Temp\ccQ6Hdce.s:3942   .debug_str:000001b0 .LASF10
C:\Users\nesus\AppData\Local\Temp\ccQ6Hdce.s:3962   .debug_str:0000022e .LASF11
C:\Users\nesus\AppData\Local\Temp\ccQ6Hdce.s:3918   .debug_str:00000053 .LASF12
C:\Users\nesus\AppData\Local\Temp\ccQ6Hdce.s:4078   .debug_str:000004f3 .LASF13
C:\Users\nesus\AppData\Local\Temp\ccQ6Hdce.s:4042   .debug_str:00000444 .LASF14
C:\Users\nesus\AppData\Local\Temp\ccQ6Hdce.s:3992   .debug_str:000002fa .LASF15
C:\Users\nesus\AppData\Local\Temp\ccQ6Hdce.s:4050   .debug_str:00000474 .LASF16
C:\Users\nesus\AppData\Local\Temp\ccQ6Hdce.s:3938   .debug_str:0000019f .LASF17
C:\Users\nesus\AppData\Local\Temp\ccQ6Hdce.s:4012   .debug_str:0000039b .LASF18
C:\Users\nesus\AppData\Local\Temp\ccQ6Hdce.s:4076   .debug_str:000004ea .LASF19
C:\Users\nesus\AppData\Local\Temp\ccQ6Hdce.s:3912   .debug_str:0000003e .LASF20
C:\Users\nesus\AppData\Local\Temp\ccQ6Hdce.s:4014   .debug_str:000003a5 .LASF21
C:\Users\nesus\AppData\Local\Temp\ccQ6Hdce.s:4080   .debug_str:000004fb .LASF22
C:\Users\nesus\AppData\Local\Temp\ccQ6Hdce.s:3916   .debug_str:0000004e .LASF23
C:\Users\nesus\AppData\Local\Temp\ccQ6Hdce.s:3970   .debug_str:00000275 .LASF24
C:\Users\nesus\AppData\Local\Temp\ccQ6Hdce.s:4064   .debug_str:000004ae .LASF25
C:\Users\nesus\AppData\Local\Temp\ccQ6Hdce.s:4066   .debug_str:000004b3 .LASF26
C:\Users\nesus\AppData\Local\Temp\ccQ6Hdce.s:3914   .debug_str:00000047 .LASF27
C:\Users\nesus\AppData\Local\Temp\ccQ6Hdce.s:4088   .debug_str:0000052c .LASF28
C:\Users\nesus\AppData\Local\Temp\ccQ6Hdce.s:4058   .debug_str:00000498 .LASF29
C:\Users\nesus\AppData\Local\Temp\ccQ6Hdce.s:4016   .debug_str:000003af .LASF30
C:\Users\nesus\AppData\Local\Temp\ccQ6Hdce.s:3990   .debug_str:000002f2 .LASF31
C:\Users\nesus\AppData\Local\Temp\ccQ6Hdce.s:4018   .debug_str:000003b9 .LASF32
C:\Users\nesus\AppData\Local\Temp\ccQ6Hdce.s:4054   .debug_str:00000488 .LASF33
C:\Users\nesus\AppData\Local\Temp\ccQ6Hdce.s:3988   .debug_str:000002e7 .LASF34
C:\Users\nesus\AppData\Local\Temp\ccQ6Hdce.s:4020   .debug_str:000003c3 .LASF35
C:\Users\nesus\AppData\Local\Temp\ccQ6Hdce.s:4048   .debug_str:0000046d .LASF36
C:\Users\nesus\AppData\Local\Temp\ccQ6Hdce.s:3976   .debug_str:00000298 .LASF37
C:\Users\nesus\AppData\Local\Temp\ccQ6Hdce.s:3904   .debug_str:00000000 .LASF93
C:\Users\nesus\AppData\Local\Temp\ccQ6Hdce.s:4000   .debug_str:0000032a .LASF48
C:\Users\nesus\AppData\Local\Temp\ccQ6Hdce.s:1521   .text.spi_flash_read_status:00000000 .LFB23
C:\Users\nesus\AppData\Local\Temp\ccQ6Hdce.s:1558   .text.spi_flash_read_status:00000020 .LFE23
C:\Users\nesus\AppData\Local\Temp\ccQ6Hdce.s:4026   .debug_str:000003e2 .LASF38
C:\Users\nesus\AppData\Local\Temp\ccQ6Hdce.s:3238   .debug_loclists:0000000c .LLST25
C:\Users\nesus\AppData\Local\Temp\ccQ6Hdce.s:4038   .debug_str:00000420 .LASF42
C:\Users\nesus\AppData\Local\Temp\ccQ6Hdce.s:1410   .text.spi_flash_sector_erase:00000000 .LFB22
C:\Users\nesus\AppData\Local\Temp\ccQ6Hdce.s:1514   .text.spi_flash_sector_erase:00000090 .LFE22
C:\Users\nesus\AppData\Local\Temp\ccQ6Hdce.s:3996   .debug_str:0000030d .LASF44
C:\Users\nesus\AppData\Local\Temp\ccQ6Hdce.s:3245   .debug_loclists:00000015 .LLST21
C:\Users\nesus\AppData\Local\Temp\ccQ6Hdce.s:4030   .debug_str:000003f7 .LASF39
C:\Users\nesus\AppData\Local\Temp\ccQ6Hdce.s:3273   .debug_loclists:00000034 .LLST22
C:\Users\nesus\AppData\Local\Temp\ccQ6Hdce.s:4032   .debug_str:000003fd .LASF40
C:\Users\nesus\AppData\Local\Temp\ccQ6Hdce.s:3302   .debug_loclists:00000053 .LLST23
C:\Users\nesus\AppData\Local\Temp\ccQ6Hdce.s:4034   .debug_str:00000403 .LASF41
C:\Users\nesus\AppData\Local\Temp\ccQ6Hdce.s:3327   .debug_loclists:0000006e .LLST24
C:\Users\nesus\AppData\Local\Temp\ccQ6Hdce.s:1425   .text.spi_flash_sector_erase:00000014 .LVL50
C:\Users\nesus\AppData\Local\Temp\ccQ6Hdce.s:1428   .text.spi_flash_sector_erase:0000001c .LVL51
C:\Users\nesus\AppData\Local\Temp\ccQ6Hdce.s:1504   .text.spi_flash_sector_erase:00000080 .LVL55
C:\Users\nesus\AppData\Local\Temp\ccQ6Hdce.s:1507   .text.spi_flash_sector_erase:00000088 .LVL56
C:\Users\nesus\AppData\Local\Temp\ccQ6Hdce.s:4036   .debug_str:00000409 .LASF43
C:\Users\nesus\AppData\Local\Temp\ccQ6Hdce.s:1290   .text.spi_flash_page_program:00000000 .LFB21
C:\Users\nesus\AppData\Local\Temp\ccQ6Hdce.s:1403   .text.spi_flash_page_program:00000082 .LFE21
C:\Users\nesus\AppData\Local\Temp\ccQ6Hdce.s:4084   .debug_str:00000518 .LASF45
C:\Users\nesus\AppData\Local\Temp\ccQ6Hdce.s:3350   .debug_loclists:00000087 .LLST18
C:\Users\nesus\AppData\Local\Temp\ccQ6Hdce.s:3378   .debug_loclists:000000a6 .LLST19
C:\Users\nesus\AppData\Local\Temp\ccQ6Hdce.s:3950   .debug_str:000001e0 .LASF46
C:\Users\nesus\AppData\Local\Temp\ccQ6Hdce.s:3406   .debug_loclists:000000c5 .LLST20
C:\Users\nesus\AppData\Local\Temp\ccQ6Hdce.s:1340   .text.spi_flash_page_program:0000003c .LBB8
C:\Users\nesus\AppData\Local\Temp\ccQ6Hdce.s:1369   .text.spi_flash_page_program:0000005a .LBE8
C:\Users\nesus\AppData\Local\Temp\ccQ6Hdce.s:1316   .text.spi_flash_page_program:0000001a .LVL38
C:\Users\nesus\AppData\Local\Temp\ccQ6Hdce.s:1319   .text.spi_flash_page_program:00000022 .LVL39
C:\Users\nesus\AppData\Local\Temp\ccQ6Hdce.s:1383   .text.spi_flash_page_program:0000006e .LVL43
C:\Users\nesus\AppData\Local\Temp\ccQ6Hdce.s:1386   .text.spi_flash_page_program:00000076 .LVL44
C:\Users\nesus\AppData\Local\Temp\ccQ6Hdce.s:3926   .debug_str:0000007a .LASF47
C:\Users\nesus\AppData\Local\Temp\ccQ6Hdce.s:1218   .text.spi_flash_write_cmd:00000000 .LFB20
C:\Users\nesus\AppData\Local\Temp\ccQ6Hdce.s:1283   .text.spi_flash_write_cmd:00000056 .LFE20
C:\Users\nesus\AppData\Local\Temp\ccQ6Hdce.s:3432   .debug_loclists:000000e1 .LLST17
C:\Users\nesus\AppData\Local\Temp\ccQ6Hdce.s:1277   .text.spi_flash_write_cmd:0000004c .LVL34
C:\Users\nesus\AppData\Local\Temp\ccQ6Hdce.s:1280   .text.spi_flash_write_cmd:00000054 .LVL35
C:\Users\nesus\AppData\Local\Temp\ccQ6Hdce.s:3908   .debug_str:00000011 .LASF49
C:\Users\nesus\AppData\Local\Temp\ccQ6Hdce.s:1186   .text.change_mode_spi_flash:00000000 .LFB19
C:\Users\nesus\AppData\Local\Temp\ccQ6Hdce.s:1211   .text.change_mode_spi_flash:00000012 .LFE19
C:\Users\nesus\AppData\Local\Temp\ccQ6Hdce.s:3446   .debug_loclists:000000f1 .LLST16
C:\Users\nesus\AppData\Local\Temp\ccQ6Hdce.s:4072   .debug_str:000004d4 .LASF50
C:\Users\nesus\AppData\Local\Temp\ccQ6Hdce.s:1067   .text.spi_flash_write:00000000 .LFB18
C:\Users\nesus\AppData\Local\Temp\ccQ6Hdce.s:1179   .text.spi_flash_write:00000082 .LFE18
C:\Users\nesus\AppData\Local\Temp\ccQ6Hdce.s:3461   .debug_loclists:00000103 .LLST10
C:\Users\nesus\AppData\Local\Temp\ccQ6Hdce.s:3475   .debug_loclists:00000114 .LLST11
C:\Users\nesus\AppData\Local\Temp\ccQ6Hdce.s:3489   .debug_loclists:00000125 .LLST12
C:\Users\nesus\AppData\Local\Temp\ccQ6Hdce.s:3503   .debug_loclists:00000136 .LLST13
C:\Users\nesus\AppData\Local\Temp\ccQ6Hdce.s:3825   .debug_rnglists:0000001b .LLRL14
C:\Users\nesus\AppData\Local\Temp\ccQ6Hdce.s:3559   .debug_loclists:00000173 .LLST15
C:\Users\nesus\AppData\Local\Temp\ccQ6Hdce.s:1090   .text.spi_flash_write:0000001a .LVL19
C:\Users\nesus\AppData\Local\Temp\ccQ6Hdce.s:1093   .text.spi_flash_write:00000022 .LVL20
C:\Users\nesus\AppData\Local\Temp\ccQ6Hdce.s:1138   .text.spi_flash_write:0000005a .LVL24
C:\Users\nesus\AppData\Local\Temp\ccQ6Hdce.s:1141   .text.spi_flash_write:00000062 .LVL25
C:\Users\nesus\AppData\Local\Temp\ccQ6Hdce.s:3956   .debug_str:00000203 .LASF51
C:\Users\nesus\AppData\Local\Temp\ccQ6Hdce.s:995    .text.spi_flash_read:00000000 .LFB17
C:\Users\nesus\AppData\Local\Temp\ccQ6Hdce.s:1060   .text.spi_flash_read:0000003a .LFE17
C:\Users\nesus\AppData\Local\Temp\ccQ6Hdce.s:3936   .debug_str:00000198 .LASF52
C:\Users\nesus\AppData\Local\Temp\ccQ6Hdce.s:3598   .debug_loclists:0000019c .LLST7
C:\Users\nesus\AppData\Local\Temp\ccQ6Hdce.s:3621   .debug_loclists:000001b5 .LLST8
C:\Users\nesus\AppData\Local\Temp\ccQ6Hdce.s:4068   .debug_str:000004ba .LASF53
C:\Users\nesus\AppData\Local\Temp\ccQ6Hdce.s:3644   .debug_loclists:000001ce .LLST9
C:\Users\nesus\AppData\Local\Temp\ccQ6Hdce.s:1016   .text.spi_flash_read:00000012 .LBB5
C:\Users\nesus\AppData\Local\Temp\ccQ6Hdce.s:1046   .text.spi_flash_read:0000002e .LBE5
C:\Users\nesus\AppData\Local\Temp\ccQ6Hdce.s:4052   .debug_str:00000479 .LASF54
C:\Users\nesus\AppData\Local\Temp\ccQ6Hdce.s:842    .text.spi_flash_init:00000000 .LFB16
C:\Users\nesus\AppData\Local\Temp\ccQ6Hdce.s:988    .text.spi_flash_init:000000b2 .LFE16
C:\Users\nesus\AppData\Local\Temp\ccQ6Hdce.s:3922   .debug_str:0000006d .LASF55
C:\Users\nesus\AppData\Local\Temp\ccQ6Hdce.s:3665   .debug_loclists:000001e5 .LLST4
C:\Users\nesus\AppData\Local\Temp\ccQ6Hdce.s:3974   .debug_str:00000283 .LASF56
C:\Users\nesus\AppData\Local\Temp\ccQ6Hdce.s:4070   .debug_str:000004c6 .LASF57
C:\Users\nesus\AppData\Local\Temp\ccQ6Hdce.s:3681   .debug_loclists:000001fb .LLST5
C:\Users\nesus\AppData\Local\Temp\ccQ6Hdce.s:3998   .debug_str:00000315 .LASF58
C:\Users\nesus\AppData\Local\Temp\ccQ6Hdce.s:3966   .debug_str:00000254 .LASF59
C:\Users\nesus\AppData\Local\Temp\ccQ6Hdce.s:3688   .debug_loclists:00000204 .LLST6
C:\Users\nesus\AppData\Local\Temp\ccQ6Hdce.s:878    .text.spi_flash_init:0000002c .LVL5
C:\Users\nesus\AppData\Local\Temp\ccQ6Hdce.s:886    .text.spi_flash_init:0000003a .LVL7
C:\Users\nesus\AppData\Local\Temp\ccQ6Hdce.s:4010   .debug_str:00000386 .LASF60
C:\Users\nesus\AppData\Local\Temp\ccQ6Hdce.s:762    .text.SPI_set_rx_threshold:00000000 .LFB15
C:\Users\nesus\AppData\Local\Temp\ccQ6Hdce.s:835    .text.SPI_set_rx_threshold:0000008c .LFE15
C:\Users\nesus\AppData\Local\Temp\ccQ6Hdce.s:4086   .debug_str:0000051f .LASF61
C:\Users\nesus\AppData\Local\Temp\ccQ6Hdce.s:3946   .debug_str:000001c3 .LASF62
C:\Users\nesus\AppData\Local\Temp\ccQ6Hdce.s:677    .text.SPI_set_tx_threshold:00000000 .LFB14
C:\Users\nesus\AppData\Local\Temp\ccQ6Hdce.s:751    .text.SPI_set_tx_threshold:0000008e .LFE14
C:\Users\nesus\AppData\Local\Temp\ccQ6Hdce.s:4040   .debug_str:00000437 .LASF63
C:\Users\nesus\AppData\Local\Temp\ccQ6Hdce.s:3934   .debug_str:00000185 .LASF94
C:\Users\nesus\AppData\Local\Temp\ccQ6Hdce.s:628    .text.spi_get_fifo_depth:00000000 .LFB13
C:\Users\nesus\AppData\Local\Temp\ccQ6Hdce.s:666    .text.spi_get_fifo_depth:00000016 .LFE13
C:\Users\nesus\AppData\Local\Temp\ccQ6Hdce.s:4006   .debug_str:0000035c .LASF64
C:\Users\nesus\AppData\Local\Temp\ccQ6Hdce.s:3695   .debug_loclists:0000020d .LLST0
C:\Users\nesus\AppData\Local\Temp\ccQ6Hdce.s:3982   .debug_str:000002c0 .LASF65
C:\Users\nesus\AppData\Local\Temp\ccQ6Hdce.s:3709   .debug_loclists:0000021d .LLST1
C:\Users\nesus\AppData\Local\Temp\ccQ6Hdce.s:3812   .debug_rnglists:0000000c .LLRL2
C:\Users\nesus\AppData\Local\Temp\ccQ6Hdce.s:3724   .debug_loclists:0000022e .LLST3
C:\Users\nesus\AppData\Local\Temp\ccQ6Hdce.s:4044   .debug_str:0000044d .LASF66
C:\Users\nesus\AppData\Local\Temp\ccQ6Hdce.s:581    .text.SPI_rx_fifo_reset:00000000 .LFB12
C:\Users\nesus\AppData\Local\Temp\ccQ6Hdce.s:621    .text.SPI_rx_fifo_reset:00000030 .LFE12
C:\Users\nesus\AppData\Local\Temp\ccQ6Hdce.s:4004   .debug_str:0000034a .LASF67
C:\Users\nesus\AppData\Local\Temp\ccQ6Hdce.s:534    .text.SPI_tx_fifo_reset:00000000 .LFB11
C:\Users\nesus\AppData\Local\Temp\ccQ6Hdce.s:574    .text.SPI_tx_fifo_reset:00000030 .LFE11
C:\Users\nesus\AppData\Local\Temp\ccQ6Hdce.s:4046   .debug_str:0000045f .LASF68
C:\Users\nesus\AppData\Local\Temp\ccQ6Hdce.s:468    .text.SPI_set_token:00000000 .LFB10
C:\Users\nesus\AppData\Local\Temp\ccQ6Hdce.s:527    .text.SPI_set_token:00000060 .LFE10
C:\Users\nesus\AppData\Local\Temp\ccQ6Hdce.s:3944   .debug_str:000001bb .LASF69
C:\Users\nesus\AppData\Local\Temp\ccQ6Hdce.s:3940   .debug_str:000001a5 .LASF70
C:\Users\nesus\AppData\Local\Temp\ccQ6Hdce.s:4082   .debug_str:00000505 .LASF71
C:\Users\nesus\AppData\Local\Temp\ccQ6Hdce.s:391    .text.SPI_set_trans_ctrl:00000000 .LFB9
C:\Users\nesus\AppData\Local\Temp\ccQ6Hdce.s:461    .text.SPI_set_trans_ctrl:0000007a .LFE9
C:\Users\nesus\AppData\Local\Temp\ccQ6Hdce.s:4056   .debug_str:0000048e .LASF72
C:\Users\nesus\AppData\Local\Temp\ccQ6Hdce.s:3980   .debug_str:000002b7 .LASF73
C:\Users\nesus\AppData\Local\Temp\ccQ6Hdce.s:3952   .debug_str:000001ed .LASF74
C:\Users\nesus\AppData\Local\Temp\ccQ6Hdce.s:4008   .debug_str:0000036e .LASF75
C:\Users\nesus\AppData\Local\Temp\ccQ6Hdce.s:326    .text.SPI_set_transfer_format:00000000 .LFB8
C:\Users\nesus\AppData\Local\Temp\ccQ6Hdce.s:384    .text.SPI_set_transfer_format:00000060 .LFE8
C:\Users\nesus\AppData\Local\Temp\ccQ6Hdce.s:3948   .debug_str:000001d8 .LASF76
C:\Users\nesus\AppData\Local\Temp\ccQ6Hdce.s:4024   .debug_str:000003db .LASF77
C:\Users\nesus\AppData\Local\Temp\ccQ6Hdce.s:4062   .debug_str:000004a9 .LASF78
C:\Users\nesus\AppData\Local\Temp\ccQ6Hdce.s:3930   .debug_str:00000097 .LASF79
C:\Users\nesus\AppData\Local\Temp\ccQ6Hdce.s:3960   .debug_str:0000021a .LASF80
C:\Users\nesus\AppData\Local\Temp\ccQ6Hdce.s:243    .text.SPI_set_data_format:00000000 .LFB7
C:\Users\nesus\AppData\Local\Temp\ccQ6Hdce.s:319    .text.SPI_set_data_format:00000082 .LFE7
C:\Users\nesus\AppData\Local\Temp\ccQ6Hdce.s:3972   .debug_str:0000027a .LASF81
C:\Users\nesus\AppData\Local\Temp\ccQ6Hdce.s:4002   .debug_str:00000340 .LASF82
C:\Users\nesus\AppData\Local\Temp\ccQ6Hdce.s:3986   .debug_str:000002d4 .LASF83
C:\Users\nesus\AppData\Local\Temp\ccQ6Hdce.s:187    .text.SPI_set_cmd_format:00000000 .LFB6
C:\Users\nesus\AppData\Local\Temp\ccQ6Hdce.s:236    .text.SPI_set_cmd_format:00000044 .LFE6
C:\Users\nesus\AppData\Local\Temp\ccQ6Hdce.s:4074   .debug_str:000004e4 .LASF84
C:\Users\nesus\AppData\Local\Temp\ccQ6Hdce.s:3964   .debug_str:00000240 .LASF85
C:\Users\nesus\AppData\Local\Temp\ccQ6Hdce.s:109    .text.SPI_set_addr_format:00000000 .LFB5
C:\Users\nesus\AppData\Local\Temp\ccQ6Hdce.s:180    .text.SPI_set_addr_format:00000076 .LFE5
C:\Users\nesus\AppData\Local\Temp\ccQ6Hdce.s:3994   .debug_str:00000306 .LASF86
C:\Users\nesus\AppData\Local\Temp\ccQ6Hdce.s:3924   .debug_str:00000072 .LASF87
C:\Users\nesus\AppData\Local\Temp\ccQ6Hdce.s:3958   .debug_str:00000212 .LASF88
C:\Users\nesus\AppData\Local\Temp\ccQ6Hdce.s:3978   .debug_str:000002aa .LASF89
C:\Users\nesus\AppData\Local\Temp\ccQ6Hdce.s:63     .text.SPI_set_mode:00000000 .LFB4
C:\Users\nesus\AppData\Local\Temp\ccQ6Hdce.s:102    .text.SPI_set_mode:00000034 .LFE4
C:\Users\nesus\AppData\Local\Temp\ccQ6Hdce.s:3984   .debug_str:000002cb .LASF90
C:\Users\nesus\AppData\Local\Temp\ccQ6Hdce.s:4060   .debug_str:0000049f .LASF91
C:\Users\nesus\AppData\Local\Temp\ccQ6Hdce.s:15     .text.SPI_reset:00000000 .LFB3
C:\Users\nesus\AppData\Local\Temp\ccQ6Hdce.s:56     .text.SPI_reset:0000002e .LFE3
C:\Users\nesus\AppData\Local\Temp\ccQ6Hdce.s:1540   .text.spi_flash_read_status:00000010 .LVL57
C:\Users\nesus\AppData\Local\Temp\ccQ6Hdce.s:1413   .text.spi_flash_sector_erase:00000000 .LVL48
C:\Users\nesus\AppData\Local\Temp\ccQ6Hdce.s:1438   .text.spi_flash_sector_erase:00000026 .LVL52
C:\Users\nesus\AppData\Local\Temp\ccQ6Hdce.s:1450   .text.spi_flash_sector_erase:0000003a .LVL53
C:\Users\nesus\AppData\Local\Temp\ccQ6Hdce.s:1293   .text.spi_flash_page_program:00000000 .LVL36
C:\Users\nesus\AppData\Local\Temp\ccQ6Hdce.s:1221   .text.spi_flash_write_cmd:00000000 .LVL32
C:\Users\nesus\AppData\Local\Temp\ccQ6Hdce.s:1194   .text.change_mode_spi_flash:00000006 .LVL30
C:\Users\nesus\AppData\Local\Temp\ccQ6Hdce.s:1070   .text.spi_flash_write:00000000 .LVL17
C:\Users\nesus\AppData\Local\Temp\ccQ6Hdce.s:1115   .text.spi_flash_write:0000003c .LVL21
C:\Users\nesus\AppData\Local\Temp\ccQ6Hdce.s:998    .text.spi_flash_read:00000000 .LVL12
C:\Users\nesus\AppData\Local\Temp\ccQ6Hdce.s:870    .text.spi_flash_init:0000001e .LVL4
C:\Users\nesus\AppData\Local\Temp\ccQ6Hdce.s:880    .text.spi_flash_init:0000002e .LVL6
C:\Users\nesus\AppData\Local\Temp\ccQ6Hdce.s:888    .text.spi_flash_init:0000003c .LVL8
C:\Users\nesus\AppData\Local\Temp\ccQ6Hdce.s:631    .text.spi_get_fifo_depth:00000000 .LVL0
C:\Users\nesus\AppData\Local\Temp\ccQ6Hdce.s:1543   .text.spi_flash_read_status:00000012 .LVL58
C:\Users\nesus\AppData\Local\Temp\ccQ6Hdce.s:1423   .text.spi_flash_sector_erase:0000000c .LVL49
C:\Users\nesus\AppData\Local\Temp\ccQ6Hdce.s:1478   .text.spi_flash_sector_erase:0000005c .LVL54
C:\Users\nesus\AppData\Local\Temp\ccQ6Hdce.s:1303   .text.spi_flash_page_program:00000008 .LVL37
C:\Users\nesus\AppData\Local\Temp\ccQ6Hdce.s:1395   .text.spi_flash_page_program:0000007c .LVL46
C:\Users\nesus\AppData\Local\Temp\ccQ6Hdce.s:1398   .text.spi_flash_page_program:0000007e .LVL47
C:\Users\nesus\AppData\Local\Temp\ccQ6Hdce.s:1352   .text.spi_flash_page_program:0000004a .LVL41
C:\Users\nesus\AppData\Local\Temp\ccQ6Hdce.s:1356   .text.spi_flash_page_program:0000004c .LVL42
C:\Users\nesus\AppData\Local\Temp\ccQ6Hdce.s:1392   .text.spi_flash_page_program:0000007a .LVL45
C:\Users\nesus\AppData\Local\Temp\ccQ6Hdce.s:1242   .text.spi_flash_write_cmd:00000020 .LVL33
C:\Users\nesus\AppData\Local\Temp\ccQ6Hdce.s:1199   .text.change_mode_spi_flash:00000008 .LVL31
C:\Users\nesus\AppData\Local\Temp\ccQ6Hdce.s:1083   .text.spi_flash_write:0000000c .LVL18
C:\Users\nesus\AppData\Local\Temp\ccQ6Hdce.s:1118   .text.spi_flash_write:0000003e .LVL22
C:\Users\nesus\AppData\Local\Temp\ccQ6Hdce.s:1126   .text.spi_flash_write:0000004a .LVL23
C:\Users\nesus\AppData\Local\Temp\ccQ6Hdce.s:1151   .text.spi_flash_write:0000006a .LVL26
C:\Users\nesus\AppData\Local\Temp\ccQ6Hdce.s:1163   .text.spi_flash_write:00000074 .LVL27
C:\Users\nesus\AppData\Local\Temp\ccQ6Hdce.s:1175   .text.spi_flash_write:00000080 .LVL29
C:\Users\nesus\AppData\Local\Temp\ccQ6Hdce.s:1173   .text.spi_flash_write:0000007e .LVL28
C:\Users\nesus\AppData\Local\Temp\ccQ6Hdce.s:1022   .text.spi_flash_read:00000018 .LVL14
C:\Users\nesus\AppData\Local\Temp\ccQ6Hdce.s:1029   .text.spi_flash_read:0000001c .LVL15
C:\Users\nesus\AppData\Local\Temp\ccQ6Hdce.s:1033   .text.spi_flash_read:00000020 .LVL16
C:\Users\nesus\AppData\Local\Temp\ccQ6Hdce.s:901    .text.spi_flash_init:00000046 .LVL9
C:\Users\nesus\AppData\Local\Temp\ccQ6Hdce.s:930    .text.spi_flash_init:0000006a .LVL10
C:\Users\nesus\AppData\Local\Temp\ccQ6Hdce.s:957    .text.spi_flash_init:0000008a .LVL11
C:\Users\nesus\AppData\Local\Temp\ccQ6Hdce.s:646    .text.spi_get_fifo_depth:00000006 .LVL1
C:\Users\nesus\AppData\Local\Temp\ccQ6Hdce.s:654    .text.spi_get_fifo_depth:0000000c .LVL2
C:\Users\nesus\AppData\Local\Temp\ccQ6Hdce.s:657    .text.spi_get_fifo_depth:00000010 .LVL3
C:\Users\nesus\AppData\Local\Temp\ccQ6Hdce.s:1567   .debug_info:00000000 .Ldebug_info0
C:\Users\nesus\AppData\Local\Temp\ccQ6Hdce.s:634    .text.spi_get_fifo_depth:00000000 .LBB2
C:\Users\nesus\AppData\Local\Temp\ccQ6Hdce.s:1113   .text.spi_flash_write:0000003c .LBB6
C:\Users\nesus\AppData\Local\Temp\ccQ6Hdce.s:637    .text.spi_get_fifo_depth:00000000 .LBE2
C:\Users\nesus\AppData\Local\Temp\ccQ6Hdce.s:640    .text.spi_get_fifo_depth:00000002 .LBB3
C:\Users\nesus\AppData\Local\Temp\ccQ6Hdce.s:643    .text.spi_get_fifo_depth:00000004 .LBE3
C:\Users\nesus\AppData\Local\Temp\ccQ6Hdce.s:648    .text.spi_get_fifo_depth:00000006 .LBB4
C:\Users\nesus\AppData\Local\Temp\ccQ6Hdce.s:661    .text.spi_get_fifo_depth:00000014 .LBE4
C:\Users\nesus\AppData\Local\Temp\ccQ6Hdce.s:1123   .text.spi_flash_write:00000046 .LBE6
C:\Users\nesus\AppData\Local\Temp\ccQ6Hdce.s:1154   .text.spi_flash_write:0000006a .LBB7
C:\Users\nesus\AppData\Local\Temp\ccQ6Hdce.s:1177   .text.spi_flash_write:00000082 .LBE7

UNDEFINED SYMBOLS
printf
__riscv_save_3
__riscv_restore_3
__riscv_save_5
__riscv_restore_5
__riscv_save_2
__riscv_restore_2
